ISO-10303-21;
HEADER;
FILE_DESCRIPTION (( 'STEP AP214' ),
    '1' );
FILE_NAME ('5413879-1.STEP',
    '2025-06-10T22:12:42',
    ( '' ),
    ( '' ),
    'SwSTEP 2.0',
    'SolidWorks 2021',
    '' );
FILE_SCHEMA (( 'AUTOMOTIVE_DESIGN' ));
ENDSEC;

DATA;
#1 = CARTESIAN_POINT ( 'NONE',  ( -4.142934761456496418, 2.767065238543608530, 15.23694986664395046 ) ) ;
#2 = VECTOR ( 'NONE', #4964, 1000.000000000000000 ) ;
#3 = EDGE_CURVE ( 'NONE', #5009, #84, #6075, .T. ) ;
#4 = CARTESIAN_POINT ( 'NONE',  ( -3.924999999999976286, 1.740000000000000213, -3.350000000000028955 ) ) ;
#5 = DIRECTION ( 'NONE',  ( 6.982962677686266711E-15, 0.000000000000000000, -1.000000000000000000 ) ) ;
#6 = CARTESIAN_POINT ( 'NONE',  ( 2.426874995234113541, 12.76899452767857390, 13.93293200950114219 ) ) ;
#7 = CARTESIAN_POINT ( 'NONE',  ( 4.142934761456326775, 11.05293476145639175, 9.113735580929725799 ) ) ;
#8 = CARTESIAN_POINT ( 'NONE',  ( -3.380000000000012772, 0.2000000000000000944, 1.999999999999976685 ) ) ;
#9 = CARTESIAN_POINT ( 'NONE',  ( -5.858994527678688335, 6.910000000000000142, 16.71105700950108286 ) ) ;
#10 = ORIENTED_EDGE ( 'NONE', *, *, #6817, .T. ) ;
#11 = CARTESIAN_POINT ( 'NONE',  ( -5.850000000000114220, 6.910000000000000142, 16.50999999999995893 ) ) ;
#12 = DIRECTION ( 'NONE',  ( -0.000000000000000000, 1.000000000000000000, 0.000000000000000000 ) ) ;
#13 = ORIENTED_EDGE ( 'NONE', *, *, #1307, .T. ) ;
#14 = VECTOR ( 'NONE', #6696, 1000.000000000000000 ) ;
#15 = CARTESIAN_POINT ( 'NONE',  ( -3.380000000000012772, 2.000000000000000000, 1.999999999999976685 ) ) ;
#16 = EDGE_CURVE ( 'NONE', #2035, #6396, #7726, .T. ) ;
#17 = ORIENTED_EDGE ( 'NONE', *, *, #6228, .F. ) ;
#18 = FACE_OUTER_BOUND ( 'NONE', #1553, .T. ) ;
#19 = DIRECTION ( 'NONE',  ( 7.039652987358711629E-15, 0.000000000000000000, -1.000000000000000000 ) ) ;
#20 = CARTESIAN_POINT ( 'NONE',  ( 6.349999999999925926, 9.540256121069157658, 10.47444986540523892 ) ) ;
#21 = CARTESIAN_POINT ( 'NONE',  ( 2.426874995234113541, 12.76899452767857390, 13.93293200950114219 ) ) ;
#22 = EDGE_LOOP ( 'NONE', ( #5894, #7674, #6528 ) ) ;
#23 = DIRECTION ( 'NONE',  ( -8.520838099651520869E-15, 0.000000000000000000, 1.000000000000000000 ) ) ;
#24 = FILL_AREA_STYLE ('',( #2246 ) ) ;
#25 = CARTESIAN_POINT ( 'NONE',  ( 5.858994527678482278, 9.336874995234211383, 12.91239629521545140 ) ) ;
#26 = CARTESIAN_POINT ( 'NONE',  ( -3.523501616404772996, 12.36675450466444914, 9.821322462590018176 ) ) ;
#27 = CARTESIAN_POINT ( 'NONE',  ( -4.142934761456469772, 2.767065238543608530, 11.38159272378680953 ) ) ;
#28 = ADVANCED_FACE ( 'NONE', ( #2288 ), #4991, .F. ) ;
#29 = ORIENTED_EDGE ( 'NONE', *, *, #1807, .F. ) ;
#30 = LINE ( 'NONE', #8537, #4029 ) ;
#31 = AXIS2_PLACEMENT_3D ( 'NONE', #3866, #3044, #5834 ) ;
#32 = ORIENTED_EDGE ( 'NONE', *, *, #5793, .F. ) ;
#33 = DIRECTION ( 'NONE',  ( 0.000000000000000000, -1.000000000000000000, 0.000000000000000000 ) ) ;
#34 = CYLINDRICAL_SURFACE ( 'NONE', #8958, 0.2000000000000000944 ) ;
#35 = ADVANCED_FACE ( 'NONE', ( #5716 ), #8834, .T. ) ;
#36 = EDGE_CURVE ( 'NONE', #6711, #3688, #1133, .T. ) ;
#37 = CARTESIAN_POINT ( 'NONE',  ( 4.142934761456317894, 11.05293476145639175, 10.24766415235829697 ) ) ;
#38 = ADVANCED_FACE ( 'NONE', ( #4386 ), #7671, .T. ) ;
#39 = ORIENTED_EDGE ( 'NONE', *, *, #1005, .F. ) ;
#40 = TOROIDAL_SURFACE ( 'NONE', #6863, 0.1000000000000001305, 0.2000000000000000111 ) ;
#41 = CARTESIAN_POINT ( 'NONE',  ( 2.630256121069054043, 0.5600000000000023848, 14.78337843683378239 ) ) ;
#42 = LINE ( 'NONE', #2216, #5520 ) ;
#43 = ORIENTED_EDGE ( 'NONE', *, *, #330, .T. ) ;
#44 = CARTESIAN_POINT ( 'NONE',  ( 5.780000000000044658, 1.740000000000000435, -6.349999999999962341 ) ) ;
#45 = ORIENTED_EDGE ( 'NONE', *, *, #8111, .F. ) ;
#46 = CARTESIAN_POINT ( 'NONE',  ( -2.426874995234315158, 12.76899452767857390, 14.95346772378681877 ) ) ;
#47 = EDGE_CURVE ( 'NONE', #2240, #7441, #5401, .T. ) ;
#48 = CARTESIAN_POINT ( 'NONE',  ( -5.780000000000075744, 2.240000000000000657, 7.749999999999960032 ) ) ;
#49 = FACE_OUTER_BOUND ( 'NONE', #5670, .T. ) ;
#50 = CARTESIAN_POINT ( 'NONE',  ( 2.389928683634983564, 12.58211599282311610, 7.750000000000018652 ) ) ;
#51 = CARTESIAN_POINT ( 'NONE',  ( -4.142934761456483983, 2.767065238543608530, 13.42266415235823551 ) ) ;
#52 = CARTESIAN_POINT ( 'NONE',  ( -5.858994527678636821, 6.910000000000000142, 9.453914152358226630 ) ) ;
#53 = CARTESIAN_POINT ( 'NONE',  ( -4.124999999999960920, 0.2000000000000000944, -5.450000000000032152 ) ) ;
#54 = CARTESIAN_POINT ( 'NONE',  ( -2.426874995234326260, 12.76899452767857390, 16.54096772378682090 ) ) ;
#55 = VERTEX_POINT ( 'NONE', #8436 ) ;
#56 = VERTEX_POINT ( 'NONE', #6526 ) ;
#57 = DIRECTION ( 'NONE',  ( -0.000000000000000000, -1.000000000000000000, -0.000000000000000000 ) ) ;
#58 = CARTESIAN_POINT ( 'NONE',  ( -0.7989475630856797128, 11.64395993854581413, 23.56463407724427839 ) ) ;
#59 = VERTEX_POINT ( 'NONE', #6618 ) ;
#60 = AXIS2_PLACEMENT_3D ( 'NONE', #2344, #5141, #8686 ) ;
#61 = VECTOR ( 'NONE', #8620, 1000.000000000000000 ) ;
#62 = SURFACE_STYLE_USAGE ( .BOTH. , #5572 ) ;
#63 = EDGE_LOOP ( 'NONE', ( #2284, #3890, #1084, #3841 ) ) ;
#64 = CARTESIAN_POINT ( 'NONE',  ( 2.244749429223609205, 12.84999999999999076, 11.49963464651091094 ) ) ;
#65 = CARTESIAN_POINT ( 'NONE',  ( -1.688480375464539215E-13, 6.909999999999999254, 24.17999999999999972 ) ) ;
#66 = CARTESIAN_POINT ( 'NONE',  ( -7.379999999999956373, 12.94999999999999929, -6.350000000000051159 ) ) ;
#67 = DIRECTION ( 'NONE',  ( 6.982962677686266711E-15, 0.000000000000000000, -1.000000000000000000 ) ) ;
#68 =( LENGTH_UNIT ( ) NAMED_UNIT ( * ) SI_UNIT ( .MILLI., .METRE. ) );
#69 = ORIENTED_EDGE ( 'NONE', *, *, #166, .F. ) ;
#70 = CYLINDRICAL_SURFACE ( 'NONE', #7407, 1.599999999999999867 ) ;
#71 = DIRECTION ( 'NONE',  ( 0.000000000000000000, -1.000000000000000000, -0.000000000000000000 ) ) ;
#72 = CARTESIAN_POINT ( 'NONE',  ( 5.858994527678481390, 6.910000000000001030, 12.85569986664402187 ) ) ;
#73 = CIRCLE ( 'NONE', #4130, 1.000000000000000888 ) ;
#74 = CARTESIAN_POINT ( 'NONE',  ( -6.479145345000539215E-14, 12.76899452767857213, 9.227128438072552896 ) ) ;
#75 = CARTESIAN_POINT ( 'NONE',  ( -1.995730733282734950E-13, 6.910000000000000142, 28.58000000000000185 ) ) ;
#76 = CARTESIAN_POINT ( 'NONE',  ( 6.579999999999956550, 2.000000000000000000, 6.300000000000046008 ) ) ;
#77 = SURFACE_SIDE_STYLE ('',( #2927 ) ) ;
#78 = CARTESIAN_POINT ( 'NONE',  ( 4.142934761456300130, 11.05293476145639175, 12.96909272378686673 ) ) ;
#79 = ORIENTED_EDGE ( 'NONE', *, *, #3820, .T. ) ;
#80 = FACE_OUTER_BOUND ( 'NONE', #7330, .T. ) ;
#81 = EDGE_CURVE ( 'NONE', #3858, #3673, #3888, .T. ) ;
#82 = ORIENTED_EDGE ( 'NONE', *, *, #4663, .T. ) ;
#83 = CARTESIAN_POINT ( 'NONE',  ( 4.088767937926553131, 11.12375329809597169, 16.50480700702357240 ) ) ;
#84 = VERTEX_POINT ( 'NONE', #2475 ) ;
#85 = EDGE_CURVE ( 'NONE', #4681, #1206, #6182, .T. ) ;
#86 = ADVANCED_FACE ( 'NONE', ( #304 ), #5994, .F. ) ;
#87 = CARTESIAN_POINT ( 'NONE',  ( 5.858994527678482278, 9.336874995234211383, 12.91239629521545318 ) ) ;
#88 = VECTOR ( 'NONE', #8353, 1000.000000000000000 ) ;
#89 = CARTESIAN_POINT ( 'NONE',  ( 6.879422804227080120E-14, 6.910000000000000142, -9.851725008082825141 ) ) ;
#90 = COLOUR_RGB ( '',0.8509803921568627194, 0.8509803921568627194, 0.8509803921568627194 ) ;
#91 = CARTESIAN_POINT ( 'NONE',  ( -0.8531581860727653899, 12.70654534916312706, 16.50480700702353332 ) ) ;
#92 = ADVANCED_FACE ( 'NONE', ( #1120 ), #3795, .T. ) ;
#93 = DIRECTION ( 'NONE',  ( 0.000000000000000000, -1.000000000000000000, -0.000000000000000000 ) ) ;
#94 = DIRECTION ( 'NONE',  ( 6.926272368013821792E-15, 0.000000000000000000, -1.000000000000000000 ) ) ;
#95 = EDGE_CURVE ( 'NONE', #7956, #7526, #4591, .T. ) ;
#96 = CARTESIAN_POINT ( 'NONE',  ( -6.810732220716538975E-14, 1.051005472321429268, 9.907485580929694891 ) ) ;
#97 = CIRCLE ( 'NONE', #2562, 0.2000000000000000944 ) ;
#98 = CARTESIAN_POINT ( 'NONE',  ( -4.142934761456456449, 11.05293476145639175, 9.340521295215379993 ) ) ;
#99 = AXIS2_PLACEMENT_3D ( 'NONE', #852, #8401, #7784 ) ;
#100 = DIRECTION ( 'NONE',  ( -1.000000000000000000, 0.000000000000000000, -6.982962677686266711E-15 ) ) ;
#101 = CARTESIAN_POINT ( 'NONE',  ( 5.858994527678484943, 4.483125004765792454, 12.57221772378688129 ) ) ;
#102 = ORIENTED_EDGE ( 'NONE', *, *, #8505, .F. ) ;
#103 = ORIENTED_EDGE ( 'NONE', *, *, #3038, .F. ) ;
#104 = DIRECTION ( 'NONE',  ( -0.000000000000000000, 1.000000000000000000, 0.000000000000000000 ) ) ;
#105 = DIRECTION ( 'NONE',  ( -1.000000000000000000, 0.000000000000000000, -7.434529182757747170E-15 ) ) ;
#106 = ORIENTED_EDGE ( 'NONE', *, *, #6502, .T. ) ;
#107 = VECTOR ( 'NONE', #5878, 1000.000000000000000 ) ;
#108 = CIRCLE ( 'NONE', #6792, 0.3499999999999998668 ) ;
#109 = EDGE_CURVE ( 'NONE', #5365, #340, #7043, .T. ) ;
#110 = FILL_AREA_STYLE_COLOUR ( '', #90 ) ;
#111 = ORIENTED_EDGE ( 'NONE', *, *, #6852, .F. ) ;
#112 = DIRECTION ( 'NONE',  ( 0.000000000000000000, -1.000000000000000000, 0.000000000000000000 ) ) ;
#113 = PLANE ( 'NONE',  #7065 ) ;
#114 = DIRECTION ( 'NONE',  ( 6.982962677686266711E-15, 0.000000000000000000, -1.000000000000000000 ) ) ;
#115 = ORIENTED_EDGE ( 'NONE', *, *, #4642, .F. ) ;
#116 = CARTESIAN_POINT ( 'NONE',  ( 3.379999999999986127, 0.6399999999999999023, 1.800000000000023581 ) ) ;
#117 = VERTEX_POINT ( 'NONE', #397 ) ;
#118 = VERTEX_POINT ( 'NONE', #3162 ) ;
#119 = EDGE_CURVE ( 'NONE', #4644, #6999, #596, .T. ) ;
#120 = DIRECTION ( 'NONE',  ( -1.000000000000000000, 0.000000000000000000, -6.505213034913010038E-15 ) ) ;
#121 = CARTESIAN_POINT ( 'NONE',  ( 2.426874995234157506, 12.76899452767857390, 7.582932009501141657 ) ) ;
#122 = CARTESIAN_POINT ( 'NONE',  ( -2.426874995234295174, 12.76899452767857390, 12.00525343807253442 ) ) ;
#123 = ORIENTED_EDGE ( 'NONE', *, *, #8324, .T. ) ;
#124 = DIRECTION ( 'NONE',  ( -1.000000000000000000, 0.000000000000000000, -6.982962677686265922E-15 ) ) ;
#125 = CARTESIAN_POINT ( 'NONE',  ( 3.379999999999986127, 0.000000000000000000, 1.800000000000023581 ) ) ;
#126 = CARTESIAN_POINT ( 'NONE',  ( -3.924999999999956302, 0.8400000000000000799, -6.150000000000028777 ) ) ;
#127 = CARTESIAN_POINT ( 'NONE',  ( 5.858994527678506259, 9.336874995234211383, 9.283824866644025064 ) ) ;
#128 = EDGE_CURVE ( 'NONE', #7121, #4238, #8038, .T. ) ;
#129 = CARTESIAN_POINT ( 'NONE',  ( -6.350000000000080469, 4.279743878930841738, 11.83516415111943409 ) ) ;
#130 = VERTEX_POINT ( 'NONE', #351 ) ;
#131 = CARTESIAN_POINT ( 'NONE',  ( 3.379999999999986127, 0.2000000000000000944, 1.800000000000023581 ) ) ;
#132 =( LENGTH_UNIT ( ) NAMED_UNIT ( * ) SI_UNIT ( .MILLI., .METRE. ) );
#133 = ORIENTED_EDGE ( 'NONE', *, *, #5344, .T. ) ;
#134 = CARTESIAN_POINT ( 'NONE',  ( 5.388920997466086327, 9.240933920822335779, 16.50480700702357595 ) ) ;
#135 = VERTEX_POINT ( 'NONE', #3206 ) ;
#136 = AXIS2_PLACEMENT_3D ( 'NONE', #8304, #4849, #1436 ) ;
#137 = CARTESIAN_POINT ( 'NONE',  ( -5.858994527678651920, 6.910000000000000142, 11.49498558092965439 ) ) ;
#138 = AXIS2_PLACEMENT_3D ( 'NONE', #7375, #2404, #7332 ) ;
#139 = CARTESIAN_POINT ( 'NONE',  ( 3.379999999999977245, 0.2000000000000000944, 3.100000000000023626 ) ) ;
#140 = FACE_OUTER_BOUND ( 'NONE', #6973, .T. ) ;
#141 = DIRECTION ( 'NONE',  ( 1.000000000000000000, 0.000000000000000000, 6.982962677686266711E-15 ) ) ;
#142 = CARTESIAN_POINT ( 'NONE',  ( 5.858994527678513364, 6.910000000000001030, 8.319985580929737168 ) ) ;
#143 = VECTOR ( 'NONE', #7650, 1000.000000000000000 ) ;
#144 = CARTESIAN_POINT ( 'NONE',  ( 5.858994527678508923, 6.910000000000001030, 9.000342723786880939 ) ) ;
#145 = CARTESIAN_POINT ( 'NONE',  ( 6.579999999999958327, 0.2000000000000000944, 6.100000000000046718 ) ) ;
#146 = CARTESIAN_POINT ( 'NONE',  ( 4.142934761456301018, 11.05293476145639175, 12.74230700950115214 ) ) ;
#147 = ORIENTED_EDGE ( 'NONE', *, *, #1248, .F. ) ;
#148 = ORIENTED_EDGE ( 'NONE', *, *, #5410, .F. ) ;
#149 = CYLINDRICAL_SURFACE ( 'NONE', #4230, 0.5500000000000000444 ) ;
#150 = CARTESIAN_POINT ( 'NONE',  ( 4.125000000000041744, 1.740000000000000213, -6.149999999999973710 ) ) ;
#151 = ORIENTED_EDGE ( 'NONE', *, *, #7403, .F. ) ;
#152 = FILL_AREA_STYLE ('',( #110 ) ) ;
#153 = CARTESIAN_POINT ( 'NONE',  ( -6.350000000000089351, 4.279743878930841738, 12.85569986788272701 ) ) ;
#154 = CARTESIAN_POINT ( 'NONE',  ( 2.444036937190202815E-15, 6.910000000000000142, -0.3500000000000013656 ) ) ;
#155 = DIRECTION ( 'NONE',  ( -7.142979018727971393E-15, 0.000000000000000000, 1.000000000000000000 ) ) ;
#156 = CIRCLE ( 'NONE', #4966, 4.000000000000000000 ) ;
#157 = EDGE_LOOP ( 'NONE', ( #3847, #8425, #7826, #7269 ) ) ;
#158 = CARTESIAN_POINT ( 'NONE',  ( 5.079999999999992077, -3.430000000000002380, 1.000000000000035305 ) ) ;
#159 = ORIENTED_EDGE ( 'NONE', *, *, #3660, .F. ) ;
#160 = EDGE_LOOP ( 'NONE', ( #5005, #6635, #4773, #7046 ) ) ;
#161 = ORIENTED_EDGE ( 'NONE', *, *, #1599, .F. ) ;
#162 = CARTESIAN_POINT ( 'NONE',  ( 6.349999999999950795, 4.279743878930876377, 11.38159272502567454 ) ) ;
#163 = CARTESIAN_POINT ( 'NONE',  ( -4.124999999999960032, 2.000000000000000000, -5.650000000000031442 ) ) ;
#164 = CARTESIAN_POINT ( 'NONE',  ( -4.142934761456452897, 2.767065238543608530, 8.886949866643952589 ) ) ;
#165 = CARTESIAN_POINT ( 'NONE',  ( 2.630256121069086461, 0.5600000000000023848, 10.24766415111949769 ) ) ;
#166 = EDGE_CURVE ( 'NONE', #4530, #5000, #8803, .T. ) ;
#167 = CARTESIAN_POINT ( 'NONE',  ( -2.426874995234284960, 1.051005472321430156, 10.53114629521539314 ) ) ;
#168 = EDGE_CURVE ( 'NONE', #2037, #1490, #7350, .T. ) ;
#169 = CARTESIAN_POINT ( 'NONE',  ( 3.579999999999955218, 2.000000000000000000, 6.300000000000025580 ) ) ;
#170 = ORIENTED_EDGE ( 'NONE', *, *, #4213, .F. ) ;
#171 = CARTESIAN_POINT ( 'NONE',  ( 2.339292497024900295E-14, 6.910000000000000142, -3.350000000000001421 ) ) ;
#172 = DIRECTION ( 'NONE',  ( -6.505213034913023449E-15, 0.000000000000000000, 1.000000000000000000 ) ) ;
#173 = CARTESIAN_POINT ( 'NONE',  ( -2.426874995234280963, 1.051005472321430156, 9.850789152358249368 ) ) ;
#174 = CARTESIAN_POINT ( 'NONE',  ( -4.490128060534645194, 11.40012806053457695, 9.850789151119446529 ) ) ;
#175 = VERTEX_POINT ( 'NONE', #3111 ) ;
#176 = DIRECTION ( 'NONE',  ( 0.000000000000000000, 1.000000000000000000, 0.000000000000000000 ) ) ;
#177 = VECTOR ( 'NONE', #4201, 1000.000000000000000 ) ;
#178 = CARTESIAN_POINT ( 'NONE',  ( 6.579999999999958327, 0.2000000000000000944, 6.100000000000046718 ) ) ;
#179 = ORIENTED_EDGE ( 'NONE', *, *, #4183, .F. ) ;
#180 = CARTESIAN_POINT ( 'NONE',  ( 5.645948305973815806, 8.521517975835948278, 16.50480700702357950 ) ) ;
#181 = AXIS2_PLACEMENT_3D ( 'NONE', #5075, #3687, #6465 ) ;
#182 = CARTESIAN_POINT ( 'NONE',  ( -2.426874995234299170, 1.051005472321430156, 12.57221772378682090 ) ) ;
#183 = ADVANCED_FACE ( 'NONE', ( #7945 ), #2431, .F. ) ;
#184 = CIRCLE ( 'NONE', #2777, 0.3500000000000004774 ) ;
#185 = CARTESIAN_POINT ( 'NONE',  ( 2.190000000000023039, 6.910000000000000142, -3.349999999999986322 ) ) ;
#186 = DIRECTION ( 'NONE',  ( -1.000000000000000000, 0.000000000000000000, -6.982962677686266711E-15 ) ) ;
#187 = CARTESIAN_POINT ( 'NONE',  ( 5.815859668616268685, 4.360828308065139325, 7.750000000000040856 ) ) ;
#188 = CARTESIAN_POINT ( 'NONE',  ( 2.426874995234151289, 12.76899452767857390, 8.490074866643999130 ) ) ;
#189 = CARTESIAN_POINT ( 'NONE',  ( 5.858994527678515141, 9.336874995234211383, 8.149896295215452113 ) ) ;
#190 = CARTESIAN_POINT ( 'NONE',  ( -0.7595038909412527017, 12.85000000000001030, 13.14736877538251747 ) ) ;
#191 =( BOUNDED_CURVE ( )  B_SPLINE_CURVE ( 2, ( #8708, #1697, #3742, #4476, #345 ),
 .UNSPECIFIED., .F., .T. ) 
 B_SPLINE_CURVE_WITH_KNOTS ( ( 3, 2, 3 ),
 ( 0.7272727272727272929, 0.7386363636363636465, 0.7447664647951527384 ),
 .UNSPECIFIED. ) 
 CURVE ( )  GEOMETRIC_REPRESENTATION_ITEM ( )  RATIONAL_B_SPLINE_CURVE ( ( 1.000000000000000000, 0.9238795325112867385, 1.000000000000000000, 0.9589368973955085806, 0.9621766860142485500 ) ) 
 REPRESENTATION_ITEM ( '' )  );
#192 = CARTESIAN_POINT ( 'NONE',  ( -2.426874995234288512, 12.76899452767857390, 11.09811058092967784 ) ) ;
#193 = ORIENTED_EDGE ( 'NONE', *, *, #3928, .T. ) ;
#194 = DIRECTION ( 'NONE',  ( -6.982962677686266711E-15, 0.000000000000000000, 1.000000000000000000 ) ) ;
#195 = DIRECTION ( 'NONE',  ( 0.000000000000000000, 1.000000000000000000, 0.000000000000000000 ) ) ;
#196 = ORIENTED_EDGE ( 'NONE', *, *, #2031, .T. ) ;
#197 = EDGE_CURVE ( 'NONE', #117, #2876, #4667, .T. ) ;
#198 = CARTESIAN_POINT ( 'NONE',  ( 4.490128060534482657, 11.40012806053457695, 13.36596772502565855 ) ) ;
#199 = DIRECTION ( 'NONE',  ( 6.982962677686266711E-15, 0.000000000000000000, -1.000000000000000000 ) ) ;
#200 = DIRECTION ( 'NONE',  ( -1.000000000000000000, 0.000000000000000000, -6.982962677686273021E-15 ) ) ;
#201 = EDGE_CURVE ( 'NONE', #6231, #1728, #8215, .T. ) ;
#202 = AXIS2_PLACEMENT_3D ( 'NONE', #2299, #3664, #2975 ) ;
#203 = ORIENTED_EDGE ( 'NONE', *, *, #4332, .T. ) ;
#204 = CARTESIAN_POINT ( 'NONE',  ( 2.630256121069098008, 13.25999999999999979, 7.866414151119497156 ) ) ;
#205 = FILL_AREA_STYLE ('',( #7770 ) ) ;
#206 = ORIENTED_EDGE ( 'NONE', *, *, #2639, .T. ) ;
#207 = ORIENTED_EDGE ( 'NONE', *, *, #8658, .T. ) ;
#208 = CARTESIAN_POINT ( 'NONE',  ( 6.580000000000039151, 0.2000000000000000944, -5.449999999999957545 ) ) ;
#209 = DIRECTION ( 'NONE',  ( -1.000000000000000000, 0.000000000000000000, -6.938893903907226800E-15 ) ) ;
#210 = CARTESIAN_POINT ( 'NONE',  ( 2.426874995234150401, 1.051005472321430156, 9.057039152358285605 ) ) ;
#211 = ADVANCED_FACE ( 'NONE', ( #1707 ), #7994, .F. ) ;
#212 =( NAMED_UNIT ( * ) SI_UNIT ( $, .STERADIAN. ) SOLID_ANGLE_UNIT ( ) );
#213 = VECTOR ( 'NONE', #6743, 1000.000000000000000 ) ;
#214 = CARTESIAN_POINT ( 'NONE',  ( -5.858994527678643927, 9.336874995234211383, 10.30436058092965368 ) ) ;
#215 = CIRCLE ( 'NONE', #5739, 0.1999999999999996503 ) ;
#216 = DIRECTION ( 'NONE',  ( 0.000000000000000000, -1.000000000000000000, -0.000000000000000000 ) ) ;
#217 = ORIENTED_EDGE ( 'NONE', *, *, #8210, .F. ) ;
#218 = CARTESIAN_POINT ( 'NONE',  ( -2.244749429223759307, 12.84999999999999076, 9.902836515348477420 ) ) ;
#219 = CARTESIAN_POINT ( 'NONE',  ( 0.6153344013683870184, 11.67130308002557726, 24.97892670248352687 ) ) ;
#220 = EDGE_CURVE ( 'NONE', #6473, #8488, #5462, .T. ) ;
#221 = CARTESIAN_POINT ( 'NONE',  ( 4.142934761456324999, 11.05293476145639175, 9.340521295215440389 ) ) ;
#222 = CARTESIAN_POINT ( 'NONE',  ( 6.349999999999932143, 9.540256121069157658, 9.567307008262382340 ) ) ;
#223 = EDGE_LOOP ( 'NONE', ( #3172, #1452 ) ) ;
#224 = EDGE_LOOP ( 'NONE', ( #8635, #8597, #5035, #2486, #6875 ) ) ;
#225 = CARTESIAN_POINT ( 'NONE',  ( 4.125000000000036415, 0.000000000000000000, -5.449999999999974420 ) ) ;
#226 = CARTESIAN_POINT ( 'NONE',  ( -0.3499999999999678924, 6.910000000000000142, -4.580000000000004512 ) ) ;
#227 = AXIS2_PLACEMENT_3D ( 'NONE', #7725, #8435, #6296 ) ;
#228 = EDGE_LOOP ( 'NONE', ( #6854, #3509, #1389, #5396 ) ) ;
#229 = CARTESIAN_POINT ( 'NONE',  ( 1.062610784728738711, 12.68442770384607599, 16.50480700702356529 ) ) ;
#230 = ADVANCED_BREP_SHAPE_REPRESENTATION ( '5413879-1', ( #7555, #7541, #4252, #4567, #4534, #1511, #1111 ), #5346 ) ;
#231 = CARTESIAN_POINT ( 'NONE',  ( -2.426874995234286736, 1.051005472321430156, 10.75793200950110595 ) ) ;
#232 = CARTESIAN_POINT ( 'NONE',  ( 2.339292497024900295E-14, 6.910000000000000142, -3.350000000000001421 ) ) ;
#233 = DIRECTION ( 'NONE',  ( 1.000000000000000000, 0.000000000000000000, 6.982962677686266711E-15 ) ) ;
#234 = CARTESIAN_POINT ( 'NONE',  ( 2.244749429223739767, 12.84999999999999964, -9.851725008082809154 ) ) ;
#235 = CARTESIAN_POINT ( 'NONE',  ( 5.858994527678508923, 4.483125004765792454, 9.170432009501165993 ) ) ;
#236 =( NAMED_UNIT ( * ) PLANE_ANGLE_UNIT ( ) SI_UNIT ( $, .RADIAN. ) );
#237 = DIRECTION ( 'NONE',  ( -6.982962677686266711E-15, -0.000000000000000000, 1.000000000000000000 ) ) ;
#238 = CARTESIAN_POINT ( 'NONE',  ( -2.426874995234298282, 1.051005472321430156, 12.34543200950110808 ) ) ;
#239 = VECTOR ( 'NONE', #1777, 1000.000000000000000 ) ;
#240 = VECTOR ( 'NONE', #1157, 1000.000000000000000 ) ;
#241 = ORIENTED_EDGE ( 'NONE', *, *, #8371, .T. ) ;
#242 = DIRECTION ( 'NONE',  ( -6.982962677686266711E-15, -0.000000000000000000, 1.000000000000000000 ) ) ;
#243 = AXIS2_PLACEMENT_3D ( 'NONE', #316, #6586, #4441 ) ;
#244 = CARTESIAN_POINT ( 'NONE',  ( -0.2626132273603921652, 11.70433219996678353, 23.20633678588752957 ) ) ;
#245 = ORIENTED_EDGE ( 'NONE', *, *, #2909, .T. ) ;
#246 = AXIS2_PLACEMENT_3D ( 'NONE', #2047, #7710, #823 ) ;
#247 =( BOUNDED_CURVE ( )  B_SPLINE_CURVE ( 2, ( #8048, #3899, #3942, #1856, #452, #1811, #7367, #4633, #4027 ),
 .UNSPECIFIED., .F., .F. ) 
 B_SPLINE_CURVE_WITH_KNOTS ( ( 3, 2, 2, 2, 3 ),
 ( 0.3181818181818179547, 0.3295454545454543638, 0.3409090909090908283, 0.3522727272727272929, 0.3636363636363637020 ),
 .UNSPECIFIED. ) 
 CURVE ( )  GEOMETRIC_REPRESENTATION_ITEM ( )  RATIONAL_B_SPLINE_CURVE ( ( 1.000000000000001554, 0.9238795325112852952, 1.000000000000000000, 0.9238795325112867385, 1.000000000000000000, 0.9238795325112867385, 1.000000000000000000, 0.9238795325112864054, 1.000000000000000444 ) ) 
 REPRESENTATION_ITEM ( '' )  );
#248 = CARTESIAN_POINT ( 'NONE',  ( 6.349999999999928590, 4.279743878930885259, 15.80391415111952291 ) ) ;
#249 = CARTESIAN_POINT ( 'NONE',  ( 4.490128060534495091, 11.40012806053457695, 11.55168201073994361 ) ) ;
#250 = CARTESIAN_POINT ( 'NONE',  ( -4.142934761456500858, 2.767065238543608530, 15.91730700950109600 ) ) ;
#251 = CARTESIAN_POINT ( 'NONE',  ( -5.865876706816282926, 6.653783542143555607, 7.749999999999955591 ) ) ;
#252 = ORIENTED_EDGE ( 'NONE', *, *, #1310, .T. ) ;
#253 = CARTESIAN_POINT ( 'NONE',  ( -6.350000000000062705, 6.910000000000000142, 9.057039151119434806 ) ) ;
#254 = SURFACE_STYLE_USAGE ( .BOTH. , #8576 ) ;
#255 = EDGE_LOOP ( 'NONE', ( #3895, #1890, #4536, #6233 ) ) ;
#256 = VERTEX_POINT ( 'NONE', #1934 ) ;
#257 = CIRCLE ( 'NONE', #1859, 0.3499999999999998668 ) ;
#258 = CARTESIAN_POINT ( 'NONE',  ( 2.630256121069078912, 0.5600000000000023848, 11.26819986788278882 ) ) ;
#259 = CARTESIAN_POINT ( 'NONE',  ( -6.780000000000042881, 2.000000000000000000, 6.099999999999952571 ) ) ;
#260 = CARTESIAN_POINT ( 'NONE',  ( -6.350000000000118661, 9.540256121069157658, 17.16462843683371631 ) ) ;
#261 = PRESENTATION_LAYER_ASSIGNMENT (  '', '', ( #3003 ) ) ;
#262 = DIRECTION ( 'NONE',  ( 6.982962677686266711E-15, 0.000000000000000000, -1.000000000000000000 ) ) ;
#263 = CARTESIAN_POINT ( 'NONE',  ( -4.142934761456451120, 2.767065238543608530, 8.660164152358237999 ) ) ;
#264 = ORIENTED_EDGE ( 'NONE', *, *, #1541, .T. ) ;
#265 = CIRCLE ( 'NONE', #1414, 0.2000000000000000944 ) ;
#266 = CARTESIAN_POINT ( 'NONE',  ( 2.244749429223615422, 12.84999999999999076, 10.59249178936805436 ) ) ;
#267 = ORIENTED_EDGE ( 'NONE', *, *, #8210, .T. ) ;
#268 = CARTESIAN_POINT ( 'NONE',  ( 3.198196906380311289E-14, 6.910000000000000142, -4.580000000000001847 ) ) ;
#269 = FILL_AREA_STYLE_COLOUR ( '', #4897 ) ;
#270 = CARTESIAN_POINT ( 'NONE',  ( -4.142934761456458226, 11.05293476145639175, 9.567307009501094583 ) ) ;
#271 = CARTESIAN_POINT ( 'NONE',  ( 6.349999999999935696, 4.279743878930847956, 9.453914151119523268 ) ) ;
#272 = VERTEX_POINT ( 'NONE', #1373 ) ;
#273 = ADVANCED_FACE ( 'NONE', ( #2644 ), #3464, .T. ) ;
#274 = FACE_OUTER_BOUND ( 'NONE', #4856, .T. ) ;
#275 = ORIENTED_EDGE ( 'NONE', *, *, #3601, .F. ) ;
#276 = CARTESIAN_POINT ( 'NONE',  ( 0.000000000000000000, 0.000000000000000000, 0.000000000000000000 ) ) ;
#277 = AXIS2_PLACEMENT_3D ( 'NONE', #5788, #8553, #2315 ) ;
#278 = ORIENTED_EDGE ( 'NONE', *, *, #7440, .T. ) ;
#279 = CARTESIAN_POINT ( 'NONE',  ( 5.880000000000025651, 1.740000000000000213, -3.549999999999960298 ) ) ;
#280 = EDGE_CURVE ( 'NONE', #810, #2323, #1102, .T. ) ;
#281 = CARTESIAN_POINT ( 'NONE',  ( 4.142934761456309900, 2.767065238543610306, 11.83516415235829733 ) ) ;
#282 = DIRECTION ( 'NONE',  ( 0.000000000000000000, -1.000000000000000000, -0.000000000000000000 ) ) ;
#283 = ADVANCED_FACE ( 'NONE', ( #6796 ), #7443, .T. ) ;
#284 = DIRECTION ( 'NONE',  ( 8.673617379884030739E-15, 0.000000000000000000, -1.000000000000000000 ) ) ;
#285 = CARTESIAN_POINT ( 'NONE',  ( 2.244749429223615422, 12.84999999999999076, 10.59249178936805436 ) ) ;
#286 = AXIS2_PLACEMENT_3D ( 'NONE', #2447, #8692, #5243 ) ;
#287 = CARTESIAN_POINT ( 'NONE',  ( -5.858994527678644815, 9.336874995234211383, 10.53114629521536827 ) ) ;
#288 = CIRCLE ( 'NONE', #1015, 1.599999999999999867 ) ;
#289 = CARTESIAN_POINT ( 'NONE',  ( -1.758310002241401882E-13, 6.909999999999999254, 25.17999999999999972 ) ) ;
#290 = EDGE_CURVE ( 'NONE', #6231, #5308, #8849, .T. ) ;
#291 = DIRECTION ( 'NONE',  ( 6.982962677686266711E-15, 0.000000000000000000, -1.000000000000000000 ) ) ;
#292 = CARTESIAN_POINT ( 'NONE',  ( 5.858994527678476949, 9.336874995234211383, 13.59275343807259517 ) ) ;
#293 = ORIENTED_EDGE ( 'NONE', *, *, #4095, .T. ) ;
#294 = LINE ( 'NONE', #5301, #2586 ) ;
#295 = CARTESIAN_POINT ( 'NONE',  ( -2.244749429223746873, 12.84999999999999076, 8.088550801062766027 ) ) ;
#296 = ORIENTED_EDGE ( 'NONE', *, *, #7663, .F. ) ;
#297 = AXIS2_PLACEMENT_3D ( 'NONE', #4962, #7740, #2843 ) ;
#298 = DIRECTION ( 'NONE',  ( 1.000000000000000000, 0.000000000000000000, 6.982962677686266711E-15 ) ) ;
#299 = CARTESIAN_POINT ( 'NONE',  ( -6.350000000000081357, 9.540256121069157658, 11.83516415359701135 ) ) ;
#300 = CARTESIAN_POINT ( 'NONE',  ( -5.858994527678675013, 4.483125004765786237, 14.95346772378679567 ) ) ;
#301 = FACE_OUTER_BOUND ( 'NONE', #6548, .T. ) ;
#302 = ORIENTED_EDGE ( 'NONE', *, *, #5831, .F. ) ;
#303 = DIRECTION ( 'NONE',  ( -1.000000000000000000, 0.000000000000000000, -6.982962677686266711E-15 ) ) ;
#304 = FACE_OUTER_BOUND ( 'NONE', #7651, .T. ) ;
#305 = ORIENTED_EDGE ( 'NONE', *, *, #4937, .T. ) ;
#306 = EDGE_LOOP ( 'NONE', ( #439, #3441, #3386, #1809 ) ) ;
#307 = DIRECTION ( 'NONE',  ( 1.727380818872964658E-16, -1.000000000000000000, 1.206223578834105269E-30 ) ) ;
#308 = CARTESIAN_POINT ( 'NONE',  ( -2.244749429223759307, 12.84999999999999076, 9.902836515348477420 ) ) ;
#309 = CARTESIAN_POINT ( 'NONE',  ( -6.350000000000113332, 9.540256121069157658, 16.25748557969085795 ) ) ;
#310 = DIRECTION ( 'NONE',  ( 6.982962677686266711E-15, 0.000000000000000000, -1.000000000000000000 ) ) ;
#311 = ADVANCED_FACE ( 'NONE', ( #7482 ), #8967, .T. ) ;
#312 = CARTESIAN_POINT ( 'NONE',  ( 2.426874995234153065, 12.76899452767857390, 8.263289152358286316 ) ) ;
#313 = CARTESIAN_POINT ( 'NONE',  ( 3.198196906380310658E-14, 6.410000000000001030, -4.580000000000000959 ) ) ;
#314 = ORIENTED_EDGE ( 'NONE', *, *, #403, .F. ) ;
#315 = DIRECTION ( 'NONE',  ( -1.000000000000000000, 0.000000000000000000, -6.982962677686266711E-15 ) ) ;
#316 = CARTESIAN_POINT ( 'NONE',  ( 6.879422804227080120E-14, 6.910000000000000142, -9.851725008082825141 ) ) ;
#317 = EDGE_CURVE ( 'NONE', #8730, #118, #8339, .T. ) ;
#318 = CARTESIAN_POINT ( 'NONE',  ( 4.142934761456321446, 2.767065238543610306, 10.02087843807258238 ) ) ;
#319 = CARTESIAN_POINT ( 'NONE',  ( 2.630256121069091790, 13.25999999999999979, 8.773557008262356405 ) ) ;
#320 = VERTEX_POINT ( 'NONE', #6929 ) ;
#321 = CARTESIAN_POINT ( 'NONE',  ( -1.024612128603074780E-13, 0.5600000000000006084, 14.84007486788276964 ) ) ;
#322 = DIRECTION ( 'NONE',  ( 1.000000000000000000, 0.000000000000000000, 8.673617379884035472E-15 ) ) ;
#323 = ORIENTED_EDGE ( 'NONE', *, *, #414, .T. ) ;
#324 = FACE_OUTER_BOUND ( 'NONE', #8767, .T. ) ;
#325 = VECTOR ( 'NONE', #7509, 1000.000000000000000 ) ;
#326 = ORIENTED_EDGE ( 'NONE', *, *, #7026, .F. ) ;
#327 = DIRECTION ( 'NONE',  ( -6.982962677686266711E-15, 0.000000000000000000, 1.000000000000000000 ) ) ;
#328 = ADVANCED_FACE ( 'NONE', ( #2726 ), #5398, .T. ) ;
#329 = EDGE_CURVE ( 'NONE', #2493, #6427, #5890, .T. ) ;
#330 = EDGE_CURVE ( 'NONE', #6452, #5242, #3678, .T. ) ;
#331 = CARTESIAN_POINT ( 'NONE',  ( 5.858994527678507147, 6.910000000000001030, 9.227128438072595529 ) ) ;
#332 = LINE ( 'NONE', #6725, #1439 ) ;
#333 = DIRECTION ( 'NONE',  ( -1.000000000000000000, -0.000000000000000000, -6.982962677686266711E-15 ) ) ;
#334 = VECTOR ( 'NONE', #5397, 1000.000000000000000 ) ;
#335 = CYLINDRICAL_SURFACE ( 'NONE', #7343, 6.349999999999999645 ) ;
#336 = CYLINDRICAL_SURFACE ( 'NONE', #4660, 1.000000000000000888 ) ;
#337 = AXIS2_PLACEMENT_3D ( 'NONE', #66, #2666, #4076 ) ;
#338 = EDGE_CURVE ( 'NONE', #7772, #8685, #8781, .T. ) ;
#339 = CARTESIAN_POINT ( 'NONE',  ( 2.426874995234145516, 1.051005472321430156, 9.737396295215427600 ) ) ;
#340 = VERTEX_POINT ( 'NONE', #1285 ) ;
#341 =( NAMED_UNIT ( * ) SI_UNIT ( $, .STERADIAN. ) SOLID_ANGLE_UNIT ( ) );
#342 = CARTESIAN_POINT ( 'NONE',  ( -1.764636366710788366E-13, 11.70999999999999908, 25.17999999999999972 ) ) ;
#343 = VERTEX_POINT ( 'NONE', #6840 ) ;
#344 = CIRCLE ( 'NONE', #4838, 0.2000000000000000944 ) ;
#345 = CARTESIAN_POINT ( 'NONE',  ( -2.244749429223753090, 12.84999999999999076, 8.995693658205620835 ) ) ;
#346 = CARTESIAN_POINT ( 'NONE',  ( -6.350000000000069811, 6.910000000000000142, 10.07757486788272594 ) ) ;
#347 = CARTESIAN_POINT ( 'NONE',  ( -1.091332664533131794E-13, 12.76899452767857213, 15.57712843807255254 ) ) ;
#348 = DIRECTION ( 'NONE',  ( -1.000000000000000000, 0.000000000000000000, -7.434529182757734548E-15 ) ) ;
#349 = ORIENTED_EDGE ( 'NONE', *, *, #6350, .F. ) ;
#350 = DIRECTION ( 'NONE',  ( -0.000000000000000000, -1.000000000000000000, 0.000000000000000000 ) ) ;
#351 = CARTESIAN_POINT ( 'NONE',  ( 3.380000000000020766, 0.2000000000000000944, -3.149999999999978151 ) ) ;
#352 = ORIENTED_EDGE ( 'NONE', *, *, #7001, .F. ) ;
#353 = ORIENTED_EDGE ( 'NONE', *, *, #3468, .T. ) ;
#354 = CARTESIAN_POINT ( 'NONE',  ( -3.580000000000042704, 0.2000000000000000944, 6.299999999999974953 ) ) ;
#355 = CARTESIAN_POINT ( 'NONE',  ( 6.349999999999903721, 4.279743878930847956, 13.98962843683380974 ) ) ;
#356 = DIRECTION ( 'NONE',  ( 1.000000000000000000, 0.000000000000000000, 6.982962677686266711E-15 ) ) ;
#357 = CARTESIAN_POINT ( 'NONE',  ( 2.426874995234101107, 12.76899452767857390, 15.74721772378685358 ) ) ;
#358 = EDGE_LOOP ( 'NONE', ( #1537, #8997 ) ) ;
#359 = CARTESIAN_POINT ( 'NONE',  ( -6.580000000000022276, 2.000000000000000000, 3.099999999999954348 ) ) ;
#360 = ORIENTED_EDGE ( 'NONE', *, *, #2655, .F. ) ;
#361 = ORIENTED_EDGE ( 'NONE', *, *, #3611, .F. ) ;
#362 = CARTESIAN_POINT ( 'NONE',  ( -0.7430714330483931818, 12.84999999999999964, 10.10523209934411071 ) ) ;
#363 = CYLINDRICAL_SURFACE ( 'NONE', #6647, 0.1999999999999996503 ) ;
#364 = CARTESIAN_POINT ( 'NONE',  ( -4.490128060534670951, 2.419871939465422450, 13.70614629397658923 ) ) ;
#365 = CARTESIAN_POINT ( 'NONE',  ( -1.751080447234265434E-13, 2.110000000000000320, 25.17999999999999972 ) ) ;
#366 = EDGE_LOOP ( 'NONE', ( #3538, #2183 ) ) ;
#367 = CARTESIAN_POINT ( 'NONE',  ( -6.630454743716710730, 0.8834894138116134998, 3.099999999999953904 ) ) ;
#368 = CARTESIAN_POINT ( 'NONE',  ( -5.858994527678689224, 9.336874995234211383, 16.88114629521536614 ) ) ;
#369 = ORIENTED_EDGE ( 'NONE', *, *, #8002, .F. ) ;
#370 = DIRECTION ( 'NONE',  ( -0.000000000000000000, -1.000000000000000000, -0.000000000000000000 ) ) ;
#371 = CIRCLE ( 'NONE', #5447, 0.2000000000000000944 ) ;
#372 = PLANE ( 'NONE',  #6823 ) ;
#373 = ORIENTED_EDGE ( 'NONE', *, *, #6661, .F. ) ;
#374 = CARTESIAN_POINT ( 'NONE',  ( 2.630256121069059816, 0.5600000000000023848, 13.98962843931136213 ) ) ;
#375 = CARTESIAN_POINT ( 'NONE',  ( 4.142934761456331216, 11.05293476145639175, 8.433378438072582028 ) ) ;
#376 = VECTOR ( 'NONE', #8082, 1000.000000000000000 ) ;
#377 = DIRECTION ( 'NONE',  ( 6.982962677686266711E-15, 0.000000000000000000, -1.000000000000000000 ) ) ;
#378 = DIRECTION ( 'NONE',  ( 6.982962677686266711E-15, 0.000000000000000000, -1.000000000000000000 ) ) ;
#379 = ADVANCED_FACE ( 'NONE', ( #6245 ), #2101, .T. ) ;
#380 = CARTESIAN_POINT ( 'NONE',  ( 2.244749429223620751, 12.84999999999999076, 9.798741791845632321 ) ) ;
#381 = EDGE_CURVE ( 'NONE', #5313, #488, #4410, .T. ) ;
#382 =( NAMED_UNIT ( * ) SI_UNIT ( $, .STERADIAN. ) SOLID_ANGLE_UNIT ( ) );
#383 = CARTESIAN_POINT ( 'NONE',  ( -5.858994527678636821, 6.910000000000000142, 9.453914152358226630 ) ) ;
#384 = ORIENTED_EDGE ( 'NONE', *, *, #4200, .T. ) ;
#385 = SURFACE_STYLE_FILL_AREA ( #7201 ) ;
#386 = CARTESIAN_POINT ( 'NONE',  ( 2.244749429223628301, 12.84999999999999076, 8.778206075082341187 ) ) ;
#387 = ORIENTED_EDGE ( 'NONE', *, *, #5015, .F. ) ;
#388 = ADVANCED_FACE ( 'NONE', ( #6878 ), #7716, .T. ) ;
#389 = CARTESIAN_POINT ( 'NONE',  ( -1.080039394684201258E-13, 0.5600000000000006084, 15.63382486540519345 ) ) ;
#390 = CARTESIAN_POINT ( 'NONE',  ( -6.917651836405423120E-14, 13.26000000000000156, 9.850789153597057535 ) ) ;
#391 = CARTESIAN_POINT ( 'NONE',  ( -1.790802271883116470, 12.84999999999999964, 16.31397345620210970 ) ) ;
#392 = EDGE_LOOP ( 'NONE', ( #1009, #7982, #3932, #2532 ) ) ;
#393 = LINE ( 'NONE', #125, #485 ) ;
#394 = ORIENTED_EDGE ( 'NONE', *, *, #2854, .F. ) ;
#395 = ORIENTED_EDGE ( 'NONE', *, *, #2804, .F. ) ;
#396 = DIRECTION ( 'NONE',  ( -7.921111762451229436E-17, -1.000000000000000000, 7.921111762451118503E-17 ) ) ;
#397 = CARTESIAN_POINT ( 'NONE',  ( -6.580000000000045368, 0.2000000000000000944, 6.299999999999953637 ) ) ;
#398 = ORIENTED_EDGE ( 'NONE', *, *, #7525, .F. ) ;
#399 = ORIENTED_EDGE ( 'NONE', *, *, #3266, .F. ) ;
#400 = LINE ( 'NONE', #8625, #8611 ) ;
#401 = CARTESIAN_POINT ( 'NONE',  ( -2.630256121069257436, 0.5600000000000013856, 14.66998557969088601 ) ) ;
#402 = VECTOR ( 'NONE', #1510, 1000.000000000000000 ) ;
#403 = EDGE_CURVE ( 'NONE', #5927, #3065, #3253, .T. ) ;
#404 = DIRECTION ( 'NONE',  ( -6.982962677686266711E-15, -0.000000000000000000, 1.000000000000000000 ) ) ;
#405 = VECTOR ( 'NONE', #6211, 1000.000000000000000 ) ;
#406 = CARTESIAN_POINT ( 'NONE',  ( -4.142934761456444015, 11.05293476145639175, 7.526235580929666824 ) ) ;
#407 = EDGE_LOOP ( 'NONE', ( #6328, #7788, #3639, #3306 ) ) ;
#408 = CARTESIAN_POINT ( 'NONE',  ( -5.779999999999975380, 11.34999999999999964, -3.550000000000042011 ) ) ;
#409 = ORIENTED_EDGE ( 'NONE', *, *, #6769, .F. ) ;
#410 = VERTEX_POINT ( 'NONE', #8469 ) ;
#411 = FACE_OUTER_BOUND ( 'NONE', #4930, .T. ) ;
#412 = FACE_OUTER_BOUND ( 'NONE', #8567, .T. ) ;
#413 = CIRCLE ( 'NONE', #1401, 0.1000000000000002554 ) ;
#414 = EDGE_CURVE ( 'NONE', #7157, #5000, #921, .T. ) ;
#415 = CARTESIAN_POINT ( 'NONE',  ( 6.349999999999895728, 6.910000000000001030, 14.95346772254809409 ) ) ;
#416 = DIRECTION ( 'NONE',  ( 0.000000000000000000, 1.000000000000000000, 0.000000000000000000 ) ) ;
#417 = ORIENTED_EDGE ( 'NONE', *, *, #5828, .T. ) ;
#418 = CARTESIAN_POINT ( 'NONE',  ( 4.490128060534473775, 2.419871939465424227, 14.95346772502565713 ) ) ;
#419 = CARTESIAN_POINT ( 'NONE',  ( 2.426874995234094445, 12.76899452767857390, 16.65436058092971194 ) ) ;
#420 = ORIENTED_EDGE ( 'NONE', *, *, #8982, .T. ) ;
#421 = CARTESIAN_POINT ( 'NONE',  ( -3.580000000000011617, 0.2000000000000000944, 1.799999999999974953 ) ) ;
#422 = AXIS2_PLACEMENT_3D ( 'NONE', #1128, #7909, #5815 ) ;
#423 = CARTESIAN_POINT ( 'NONE',  ( -1.154678111680714312E-13, 12.76899452767857213, 16.48427129521541090 ) ) ;
#424 = ORIENTED_EDGE ( 'NONE', *, *, #2907, .T. ) ;
#425 = CARTESIAN_POINT ( 'NONE',  ( 6.579999999999978755, 0.8543593539449074736, 3.100000000000046274 ) ) ;
#426 = FACE_OUTER_BOUND ( 'NONE', #3417, .T. ) ;
#427 = VECTOR ( 'NONE', #7935, 1000.000000000000000 ) ;
#428 = CARTESIAN_POINT ( 'NONE',  ( -6.350000000000083134, 6.910000000000000142, 11.89186058216843911 ) ) ;
#429 = LINE ( 'NONE', #6556, #4576 ) ;
#430 = FACE_OUTER_BOUND ( 'NONE', #2817, .T. ) ;
#431 = DIRECTION ( 'NONE',  ( -6.982962677686266711E-15, 0.000000000000000000, 1.000000000000000000 ) ) ;
#432 = CARTESIAN_POINT ( 'NONE',  ( 5.858994527678515141, 6.910000000000001030, 8.093199866644022578 ) ) ;
#433 = DIRECTION ( 'NONE',  ( 6.982962677686266711E-15, 0.000000000000000000, -1.000000000000000000 ) ) ;
#434 = CARTESIAN_POINT ( 'NONE',  ( 3.579999999999956550, 0.2000000000000000111, 6.100000000000025402 ) ) ;
#435 = CARTESIAN_POINT ( 'NONE',  ( 4.490128060534511079, 2.419871939465424227, 9.510610582168515847 ) ) ;
#436 = CARTESIAN_POINT ( 'NONE',  ( 6.349999999999934808, 4.279743878930847956, 9.567307010739959594 ) ) ;
#437 = ADVANCED_FACE ( 'NONE', ( #6327, #2813 ), #2140, .T. ) ;
#438 = VERTEX_POINT ( 'NONE', #5703 ) ;
#439 = ORIENTED_EDGE ( 'NONE', *, *, #1158, .F. ) ;
#440 = ORIENTED_EDGE ( 'NONE', *, *, #3982, .T. ) ;
#441 = CARTESIAN_POINT ( 'NONE',  ( -4.000000000000142997, 6.910000000000000142, 20.50999999999997314 ) ) ;
#442 = CARTESIAN_POINT ( 'NONE',  ( -4.399266486942348028E-14, 0.6400000000000000133, 6.299999999999999822 ) ) ;
#443 = EDGE_LOOP ( 'NONE', ( #3740, #1205, #3630, #5176, #4940 ) ) ;
#444 = ORIENTED_EDGE ( 'NONE', *, *, #3320, .F. ) ;
#445 = TOROIDAL_SURFACE ( 'NONE', #869, 0.5000000000000007772, 0.2000000000000000111 ) ;
#446 = CARTESIAN_POINT ( 'NONE',  ( -4.490128060534683385, 11.40012806053457695, 15.29364629397658959 ) ) ;
#447 = FACE_OUTER_BOUND ( 'NONE', #3716, .T. ) ;
#448 = CARTESIAN_POINT ( 'NONE',  ( -2.426874995234318710, 1.051005472321430156, 15.29364629521539065 ) ) ;
#449 = ORIENTED_EDGE ( 'NONE', *, *, #4475, .T. ) ;
#450 = DIRECTION ( 'NONE',  ( -1.000000000000000000, 0.000000000000000000, -7.228014483236677820E-15 ) ) ;
#451 = VERTEX_POINT ( 'NONE', #5798 ) ;
#452 = CARTESIAN_POINT ( 'NONE',  ( -8.979212343079096197E-14, 0.5600000000000006084, 13.02578915359705469 ) ) ;
#453 = CARTESIAN_POINT ( 'NONE',  ( 2.244749429223579451, 12.84999999999999964, 12.52017036327420563 ) ) ;
#454 = CARTESIAN_POINT ( 'NONE',  ( -6.350000000000100897, 6.910000000000000142, 14.49989629397657609 ) ) ;
#455 = CARTESIAN_POINT ( 'NONE',  ( 0.9999375345938411597, 2.215308856700530349, 24.04750438461809736 ) ) ;
#456 = EDGE_LOOP ( 'NONE', ( #3643, #1677, #4812, #7990 ) ) ;
#457 = EDGE_CURVE ( 'NONE', #8622, #5140, #1648, .T. ) ;
#458 = CARTESIAN_POINT ( 'NONE',  ( -6.780000000000024230, 0.9910004003203091161, 3.241508525801538365 ) ) ;
#459 = CARTESIAN_POINT ( 'NONE',  ( 4.142934761456296577, 2.767065238543610306, 13.64944986664401050 ) ) ;
#460 = DIRECTION ( 'NONE',  ( -6.982962677686266711E-15, -0.000000000000000000, 1.000000000000000000 ) ) ;
#461 = EDGE_CURVE ( 'NONE', #2253, #2393, #7913, .T. ) ;
#462 = B_SPLINE_CURVE_WITH_KNOTS ( 'NONE', 3,
 ( #4471, #7254, #3455, #8161, #6788, #4010, #2549, #7607, #2594, #7559, #6742, #4827, #5469, #5389, #1923, #2630, #3364, #1316, #1361, #6152, #4700, #6869, #1236, #638, #2714, #1879, #8914, #6236, #7472, #5345, #521, #2675, #562, #8242, #4134, #6915, #6068, #6192, #602, #683, #2041, #8121, #8202, #7430 ),
 .UNSPECIFIED., .F., .F.,
 ( 4, 2, 2, 2, 2, 2, 2, 2, 2, 2, 2, 2, 2, 2, 2, 2, 2, 2, 2, 2, 2, 4 ),
 ( 0.004045086442017816267, 0.005243597936838491347, 0.005842853684248828887, 0.006442109431659166427, 0.007640620926479844977, 0.008839132421300523526, 0.009438388168710863668, 0.01003764391612120381, 0.01123615541094188236, 0.01243466690576256438, 0.01363317840058324466, 0.01423243414799358481, 0.01483168989540392495, 0.01603020139022460697, 0.01722871288504528725, 0.01782796863245562913, 0.01842722437986597100, 0.01962573587468664782, 0.02022499162209698970, 0.02082424736950733157, 0.02202275886432801533, 0.02322127035914869214 ),
 .UNSPECIFIED. ) ;
#463 = FACE_OUTER_BOUND ( 'NONE', #8718, .T. ) ;
#464 = ORIENTED_EDGE ( 'NONE', *, *, #988, .F. ) ;
#465 = CARTESIAN_POINT ( 'NONE',  ( 6.779999999999977156, 2.000000000000000000, 3.300000000000047784 ) ) ;
#466 = DIRECTION ( 'NONE',  ( 6.982962677686266711E-15, 0.000000000000000000, -1.000000000000000000 ) ) ;
#467 = CARTESIAN_POINT ( 'NONE',  ( -4.050901741182421745, 11.14296727587789526, 7.749999999999956479 ) ) ;
#468 = VECTOR ( 'NONE', #6822, 1000.000000000000000 ) ;
#469 = CARTESIAN_POINT ( 'NONE',  ( 2.244749429223561243, 12.84999999999999964, 15.12820607508233905 ) ) ;
#470 = CARTESIAN_POINT ( 'NONE',  ( -1.688480375464539215E-13, 6.909999999999999254, 24.17999999999999972 ) ) ;
#471 = DIRECTION ( 'NONE',  ( 1.000000000000000000, 0.000000000000000000, 6.747905296117594716E-15 ) ) ;
#472 = CARTESIAN_POINT ( 'NONE',  ( 0.000000000000000000, 0.000000000000000000, 0.000000000000000000 ) ) ;
#473 = EDGE_CURVE ( 'NONE', #7600, #2305, #6105, .T. ) ;
#474 = CARTESIAN_POINT ( 'NONE',  ( 4.142934761456332993, 11.05293476145639175, 8.206592723786867438 ) ) ;
#475 = B_SPLINE_CURVE_WITH_KNOTS ( 'NONE', 3,
 ( #8569, #1600, #8029, #5216, #7895, #1751 ),
 .UNSPECIFIED., .F., .F.,
 ( 4, 2, 4 ),
 ( 2.168404344971008098E-18, 0.002265709294126715036, 0.004531418588253427471 ),
 .UNSPECIFIED. ) ;
#476 = CARTESIAN_POINT ( 'NONE',  ( 6.879422804227080120E-14, 6.910000000000000142, -9.851725008082825141 ) ) ;
#477 = MECHANICAL_DESIGN_GEOMETRIC_PRESENTATION_REPRESENTATION (  '', ( #4087 ), #3809 ) ;
#478 = DIRECTION ( 'NONE',  ( 8.520838099651520869E-15, 0.000000000000000000, -1.000000000000000000 ) ) ;
#479 = STYLED_ITEM ( 'NONE', ( #8296 ), #4546 ) ;
#480 = CARTESIAN_POINT ( 'NONE',  ( 4.142934761456308124, 11.05293476145639175, 11.83516415235829733 ) ) ;
#481 = CARTESIAN_POINT ( 'NONE',  ( -6.779999999999961169, 0.2000000000000000944, -5.650000000000050981 ) ) ;
#482 = CARTESIAN_POINT ( 'NONE',  ( 6.349999999999938360, 9.540256121069157658, 8.773557010739958528 ) ) ;
#483 = VERTEX_POINT ( 'NONE', #8424 ) ;
#484 = CARTESIAN_POINT ( 'NONE',  ( -3.523501616404805414, 12.36675450466445625, 15.37757246506759579 ) ) ;
#485 = VECTOR ( 'NONE', #715, 1000.000000000000000 ) ;
#486 = CARTESIAN_POINT ( 'NONE',  ( 4.490128060534495980, 11.40012806053457695, 11.43828915111951083 ) ) ;
#487 = EDGE_LOOP ( 'NONE', ( #2485, #2193, #5663, #8529 ) ) ;
#488 = VERTEX_POINT ( 'NONE', #2278 ) ;
#489 = CARTESIAN_POINT ( 'NONE',  ( 2.630256121069047826, 13.25999999999999979, 15.12355700826235250 ) ) ;
#490 = CYLINDRICAL_SURFACE ( 'NONE', #3727, 6.349999999999999645 ) ;
#491 = ADVANCED_FACE ( 'NONE', ( #2905 ), #2231, .T. ) ;
#492 = CARTESIAN_POINT ( 'NONE',  ( -9.344550106619840926E-14, 1.051005472321429268, 13.53605700950112301 ) ) ;
#493 = ORIENTED_EDGE ( 'NONE', *, *, #4164, .F. ) ;
#494 = DIRECTION ( 'NONE',  ( 6.982962677686266711E-15, 0.000000000000000000, -1.000000000000000000 ) ) ;
#495 = ORIENTED_EDGE ( 'NONE', *, *, #5560, .T. ) ;
#496 = EDGE_CURVE ( 'NONE', #118, #2393, #3466, .T. ) ;
#497 = CARTESIAN_POINT ( 'NONE',  ( 6.780000000000038440, 0.9910004003203223277, -5.449999999999953992 ) ) ;
#498 = CARTESIAN_POINT ( 'NONE',  ( 6.349999999999893951, 9.540256121069173645, 12.40212843931138842 ) ) ;
#499 = VECTOR ( 'NONE', #1238, 1000.000000000000000 ) ;
#500 = CARTESIAN_POINT ( 'NONE',  ( 6.349999999999903721, 4.279743878930847956, 13.98962843683380974 ) ) ;
#501 = CARTESIAN_POINT ( 'NONE',  ( 0.9738389011337398316, 2.209548928255303579, 24.44216134084972580 ) ) ;
#502 = ORIENTED_EDGE ( 'NONE', *, *, #3713, .T. ) ;
#503 = ADVANCED_FACE ( 'NONE', ( #4980 ), #6290, .F. ) ;
#504 = DIRECTION ( 'NONE',  ( 1.000000000000000000, -0.000000000000000000, 6.747905296117593928E-15 ) ) ;
#505 = CYLINDRICAL_SURFACE ( 'NONE', #4319, 0.2000000000000000944 ) ;
#506 = CARTESIAN_POINT ( 'NONE',  ( 4.142934761456284143, 2.767065238543610306, 15.46373558092972367 ) ) ;
#507 = CARTESIAN_POINT ( 'NONE',  ( -4.490128060534638976, 11.40012806053457695, 8.943646293976591721 ) ) ;
#508 = CARTESIAN_POINT ( 'NONE',  ( -9.012963230903841166E-14, 12.76899452767857213, 12.85569986664398101 ) ) ;
#509 = ORIENTED_EDGE ( 'NONE', *, *, #6749, .F. ) ;
#510 = CARTESIAN_POINT ( 'NONE',  ( 6.678080050283130120, 0.9150151654791509603, 3.118407163752054512 ) ) ;
#511 = AXIS2_PLACEMENT_3D ( 'NONE', #8293, #3335, #5442 ) ;
#512 = ADVANCED_FACE ( 'NONE', ( #5750 ), #7760, .F. ) ;
#513 = CARTESIAN_POINT ( 'NONE',  ( -2.244749429223761084, 12.84999999999999964, 13.41801508429947276 ) ) ;
#514 = LINE ( 'NONE', #6861, #4091 ) ;
#515 = CIRCLE ( 'NONE', #7031, 0.2000000000000000944 ) ;
#516 = CARTESIAN_POINT ( 'NONE',  ( 5.780000000000024230, 2.140000000000000568, -3.349999999999961009 ) ) ;
#517 = FACE_OUTER_BOUND ( 'NONE', #3425, .T. ) ;
#518 = VECTOR ( 'NONE', #1162, 1000.000000000000000 ) ;
#519 = CARTESIAN_POINT ( 'NONE',  ( 2.426874995234157506, 12.76899452767857390, 7.582932009501141657 ) ) ;
#520 = CARTESIAN_POINT ( 'NONE',  ( -2.426874995234262755, 12.76899452767857390, 7.469539152358249723 ) ) ;
#521 = CARTESIAN_POINT ( 'NONE',  ( 3.546127276494116742, 2.073913347790223405, 16.42711138183330277 ) ) ;
#522 = CARTESIAN_POINT ( 'NONE',  ( -5.080000000000008065, -3.430000000000002380, 0.9999999999999631406 ) ) ;
#523 = CARTESIAN_POINT ( 'NONE',  ( 4.142934761456317005, 2.767065238543610306, 10.70123558092972615 ) ) ;
#524 = DIRECTION ( 'NONE',  ( 6.982962677686266711E-15, 0.000000000000000000, -1.000000000000000000 ) ) ;
#525 = CARTESIAN_POINT ( 'NONE',  ( 4.490128060534518184, 2.419871939465424227, 8.603467725025659263 ) ) ;
#526 = ORIENTED_EDGE ( 'NONE', *, *, #473, .F. ) ;
#527 = CARTESIAN_POINT ( 'NONE',  ( -2.244749429223780179, 12.84999999999999787, 15.34569365820562048 ) ) ;
#528 = DIRECTION ( 'NONE',  ( 0.000000000000000000, 1.000000000000000000, 0.000000000000000000 ) ) ;
#529 = ORIENTED_EDGE ( 'NONE', *, *, #5917, .T. ) ;
#530 = ORIENTED_EDGE ( 'NONE', *, *, #5250, .T. ) ;
#531 = CARTESIAN_POINT ( 'NONE',  ( -1.016693947536618741E-13, 0.5600000000000006084, 14.72668200826233509 ) ) ;
#532 = FILL_AREA_STYLE_COLOUR ( '', #6786 ) ;
#533 = CARTESIAN_POINT ( 'NONE',  ( -5.858994527678651920, 6.910000000000000142, 11.49498558092965439 ) ) ;
#534 = CARTESIAN_POINT ( 'NONE',  ( -3.580000000000020499, 0.000000000000000000, 3.099999999999975220 ) ) ;
#535 = ORIENTED_EDGE ( 'NONE', *, *, #6538, .T. ) ;
#536 = CARTESIAN_POINT ( 'NONE',  ( -3.724999999999974776, 1.740000000000000213, -3.550000000000027356 ) ) ;
#537 = CARTESIAN_POINT ( 'NONE',  ( -6.580000000000014282, 0.2000000000000000944, 1.999999999999954037 ) ) ;
#538 = AXIS2_PLACEMENT_3D ( 'NONE', #7860, #895, #3566 ) ;
#539 = CARTESIAN_POINT ( 'NONE',  ( 4.490128060534464005, 11.40012806053457695, 15.97400343683379553 ) ) ;
#540 = CIRCLE ( 'NONE', #2984, 1.250000000000000222 ) ;
#541 = CARTESIAN_POINT ( 'NONE',  ( -1.371988910963455988, 12.84999999999774900, 7.799949518219042588 ) ) ;
#542 = ORIENTED_EDGE ( 'NONE', *, *, #1886, .T. ) ;
#543 = LINE ( 'NONE', #3775, #7090 ) ;
#544 = DIRECTION ( 'NONE',  ( 6.982962677686266711E-15, 0.000000000000000000, -1.000000000000000000 ) ) ;
#545 = CARTESIAN_POINT ( 'NONE',  ( -5.858994527678669684, 9.336874995234211383, 14.15971772378679816 ) ) ;
#546 = SURFACE_STYLE_USAGE ( .BOTH. , #6097 ) ;
#547 = CARTESIAN_POINT ( 'NONE',  ( -2.426874995234310717, 1.051005472321430156, 14.15971772378682303 ) ) ;
#548 = CIRCLE ( 'NONE', #5202, 0.1999999999999996503 ) ;
#549 = CONICAL_SURFACE ( 'NONE', #99, 0.9999999999999997780, 0.7853981633974465026 ) ;
#550 = CARTESIAN_POINT ( 'NONE',  ( -4.124999999999960920, 0.2000000000000000944, -5.450000000000032152 ) ) ;
#551 =( BOUNDED_CURVE ( )  B_SPLINE_CURVE ( 1, ( #91, #7182 ),
 .UNSPECIFIED., .F., .F. ) 
 B_SPLINE_CURVE_WITH_KNOTS ( ( 2, 2 ),
 ( 1.748223473168676787E-18, 0.0001674317650377121118 ),
 .UNSPECIFIED. ) 
 CURVE ( )  GEOMETRIC_REPRESENTATION_ITEM ( )  RATIONAL_B_SPLINE_CURVE ( ( 0.9767092287086633906, 0.9767092287086633906 ) ) 
 REPRESENTATION_ITEM ( '' )  );
#552 = DIRECTION ( 'NONE',  ( -6.982962677686254089E-15, 0.000000000000000000, 1.000000000000000000 ) ) ;
#553 = CARTESIAN_POINT ( 'NONE',  ( -6.780000000000044658, 0.2000000000000000944, 6.299999999999952749 ) ) ;
#554 = CIRCLE ( 'NONE', #6940, 4.000000000000000000 ) ;
#555 = VECTOR ( 'NONE', #6987, 1000.000000000000000 ) ;
#556 = CARTESIAN_POINT ( 'NONE',  ( 0.000000000000000000, 0.000000000000000000, 0.000000000000000000 ) ) ;
#557 = CLOSED_SHELL ( 'NONE', ( #4546, #6101, #8727, #6243, #5439, #5152, #1999, #1068, #8908, #7971, #849, #7502, #2971, #748, #8447, #283, #1973, #6329, #947, #7433, #4083, #4735, #4436, #1922, #8742, #5223, #4157, #1427, #2934, #6640, #5599, #8555, #4564, #4824, #2533, #3530, #183, #211, #7803, #5609, #3829, #5501, #3931, #379, #491, #5885, #874, #5450, #3213, #1274, #5576, #4347, #2144, #560, #4659, #659, #2754, #3170, #6565, #3582, #7438, #6487, #4328, #3166, #2634, #3992, #1658, #4287, #8663, #7834, #8503, #1054, #7035, #388, #7296, #2589, #5547, #765, #7797, #7778, #4971, #2706, #5889, #7190, #2578, #4672, #2087, #1261, #647, #92, #4985, #6545, #3401, #2717, #1718, #8545, #1631, #1800, #4929, #2267, #4569, #8938, #7344, #697, #6379, #5766, #8004, #6260, #4647, #1210, #1056, #8019, #437, #6706, #3009, #8790, #7154, #8386, #6330, #8651, #1365, #4365, #8772, #503, #6207, #6935, #5055, #5431, #1530, #5395, #8788, #5813, #919, #1825, #4466, #4491, #4001, #8934, #3331, #3833, #925, #8165, #5777, #2551, #1737, #28, #2451, #2738, #3043, #86, #6828, #2723, #6550, #4768, #6367, #5546, #2703, #5725, #1350, #5012, #581, #8709, #2987, #954, #6716, #1828, #2857, #8892, #5909, #8099, #6888, #5067, #4553, #4816, #6365, #5440, #5283, #5118, #2321, #6658, #4557, #8926, #608, #6418, #3277, #7220, #273, #3423, #5157, #3985, #7209, #3980, #778, #4423, #311, #4194, #7718, #7563, #8178, #3892, #2664, #5721, #3676, #8359, #35 ) ) ;
#558 = DIRECTION ( 'NONE',  ( -5.531282780297823222E-31, -1.000000000000000000, 7.921111762451173970E-17 ) ) ;
#559 = CARTESIAN_POINT ( 'NONE',  ( -3.523501616404789871, 12.36675450466445625, 13.56328675078188262 ) ) ;
#560 = ADVANCED_FACE ( 'NONE', ( #1505 ), #4284, .T. ) ;
#561 = CARTESIAN_POINT ( 'NONE',  ( -4.142934761456490200, 2.767065238543608530, 14.32980700950109387 ) ) ;
#562 = CARTESIAN_POINT ( 'NONE',  ( 4.004242373540905398, 2.462443789409181072, 16.43423112352666138 ) ) ;
#563 = DIRECTION ( 'NONE',  ( 1.000000000000000000, 0.000000000000000000, 6.982962677686266711E-15 ) ) ;
#564 = CARTESIAN_POINT ( 'NONE',  ( 6.879422804227080120E-14, 6.910000000000000142, -9.851725008082825141 ) ) ;
#565 = EDGE_CURVE ( 'NONE', #7529, #3673, #6149, .T. ) ;
#567 = EDGE_CURVE ( 'NONE', #6035, #3836, #8027, .T. ) ;
#566 = VECTOR ( 'NONE', #4180, 1000.000000000000000 ) ;
#568 = CARTESIAN_POINT ( 'NONE',  ( 5.858994527678489384, 6.910000000000001030, 11.72177129521545247 ) ) ;
#569 = CARTESIAN_POINT ( 'NONE',  ( 2.244749429223557691, 12.84999999999999787, 16.03534893222520097 ) ) ;
#570 = CARTESIAN_POINT ( 'NONE',  ( -5.858994527678667907, 4.483125004765785349, 14.04632486664394087 ) ) ;
#571 = CARTESIAN_POINT ( 'NONE',  ( 6.349999999999895728, 6.910000000000001030, 14.95346772254809409 ) ) ;
#572 = VERTEX_POINT ( 'NONE', #8661 ) ;
#573 = CARTESIAN_POINT ( 'NONE',  ( -4.490128060534658516, 2.419871939465422450, 11.89186057969087607 ) ) ;
#574 = FILL_AREA_STYLE_COLOUR ( '', #7312 ) ;
#575 = CARTESIAN_POINT ( 'NONE',  ( -2.426874995234289845, 12.76899452767857390, 11.32489629521539243 ) ) ;
#576 = PRESENTATION_LAYER_ASSIGNMENT (  '', '', ( #2724 ) ) ;
#577 = LINE ( 'NONE', #6127, #3572 ) ;
#578 = EDGE_LOOP ( 'NONE', ( #891, #1566, #4688, #8217 ) ) ;
#579 = CYLINDRICAL_SURFACE ( 'NONE', #6164, 0.2000000000000000944 ) ;
#580 = CARTESIAN_POINT ( 'NONE',  ( 2.444036937190202815E-15, 6.910000000000000142, -0.3500000000000013656 ) ) ;
#581 = ADVANCED_FACE ( 'NONE', ( #7891 ), #3057, .T. ) ;
#582 = CARTESIAN_POINT ( 'NONE',  ( -8.105378968692511808E-14, 13.26000000000000156, 11.55168200826233615 ) ) ;
#583 = CARTESIAN_POINT ( 'NONE',  ( -2.426874995234321819, 12.76899452767857390, 15.86061058092967713 ) ) ;
#584 = ORIENTED_EDGE ( 'NONE', *, *, #7844, .F. ) ;
#585 = DIRECTION ( 'NONE',  ( 6.982962677686266711E-15, 0.000000000000000000, -1.000000000000000000 ) ) ;
#586 = DIRECTION ( 'NONE',  ( 0.000000000000000000, 1.000000000000000000, 0.000000000000000000 ) ) ;
#587 = CARTESIAN_POINT ( 'NONE',  ( 4.142934761456311676, 11.05293476145639175, 11.15480700950115356 ) ) ;
#588 = CARTESIAN_POINT ( 'NONE',  ( -6.350000000000068923, 9.540256121069159434, 9.907485579690865407 ) ) ;
#589 = CARTESIAN_POINT ( 'NONE',  ( 5.858994527678476949, 9.336874995234211383, 13.59275343807259517 ) ) ;
#590 = ORIENTED_EDGE ( 'NONE', *, *, #988, .T. ) ;
#591 = CARTESIAN_POINT ( 'NONE',  ( -8.900030532414534540E-14, 0.5600000000000006084, 12.91239629397662014 ) ) ;
#592 = CARTESIAN_POINT ( 'NONE',  ( 3.523501616404629999, 12.36675450466444914, 10.56061298250608260 ) ) ;
#593 = CARTESIAN_POINT ( 'NONE',  ( 4.125000000000025757, 1.740000000000000213, -3.549999999999972733 ) ) ;
#594 = CARTESIAN_POINT ( 'NONE',  ( -8.077641163668189319E-14, 1.051005472321429268, 11.72177129521540984 ) ) ;
#595 = CARTESIAN_POINT ( 'NONE',  ( -1.764636366710788366E-13, 11.70999999999999908, 25.17999999999999972 ) ) ;
#596 =( BOUNDED_CURVE ( )  B_SPLINE_CURVE ( 2, ( #4528, #5267, #486, #5311, #3067 ),
 .UNSPECIFIED., .F., .F. ) 
 B_SPLINE_CURVE_WITH_KNOTS ( ( 3, 2, 3 ),
 ( 0.5734153533866654939, 0.5795454545454544748, 0.5909090909090907173 ),
 .UNSPECIFIED. ) 
 CURVE ( )  GEOMETRIC_REPRESENTATION_ITEM ( )  RATIONAL_B_SPLINE_CURVE ( ( 0.9621766860142484390, 0.9589368973955085806, 1.000000000000000000, 0.9238795325112881818, 0.9999999999999985567 ) ) 
 REPRESENTATION_ITEM ( '' )  );
#597 = CARTESIAN_POINT ( 'NONE',  ( -2.244749429223784176, 12.84999999999999964, 16.22132486540517249 ) ) ;
#598 = EDGE_CURVE ( 'NONE', #781, #2037, #1020, .T. ) ;
#599 = FACE_OUTER_BOUND ( 'NONE', #578, .T. ) ;
#600 = EDGE_CURVE ( 'NONE', #6244, #2244, #5214, .T. ) ;
#601 = CARTESIAN_POINT ( 'NONE',  ( 6.349999999999925926, 6.910000000000001030, 10.53114629645424394 ) ) ;
#602 = CARTESIAN_POINT ( 'NONE',  ( 5.376330029284188683, 4.396375940627567758, 16.46288150369440473 ) ) ;
#603 = CARTESIAN_POINT ( 'NONE',  ( -1.507889285407983504, 12.84999999999999964, 15.06583684684415481 ) ) ;
#604 = CARTESIAN_POINT ( 'NONE',  ( 2.621660697668040996, 12.49015998869308852, 7.750000000000019540 ) ) ;
#605 = EDGE_CURVE ( 'NONE', #8271, #4231, #288, .T. ) ;
#606 = CARTESIAN_POINT ( 'NONE',  ( 2.426874995234133969, 12.76899452767857390, 10.98471772378685252 ) ) ;
#607 = DIRECTION ( 'NONE',  ( 1.000000000000000000, 0.000000000000000000, 6.505213034913037648E-15 ) ) ;
#608 = ADVANCED_FACE ( 'NONE', ( #1748 ), #4650, .T. ) ;
#609 = CARTESIAN_POINT ( 'NONE',  ( -1.027987217385549151E-13, 12.76899452767857213, 14.66998558092969418 ) ) ;
#610 = FILL_AREA_STYLE ('',( #2682 ) ) ;
#611 = CARTESIAN_POINT ( 'NONE',  ( -1.152887138086002546E-13, 6.910000000000000142, 16.51000000000000156 ) ) ;
#612 = EDGE_LOOP ( 'NONE', ( #7794, #1803, #1160, #1502, #5222, #3984, #1172, #4918, #2049, #1127, #1725, #1383, #349, #4706, #7163, #7287, #6163, #6754, #922, #5799, #6503, #3175, #2085, #5659 ) ) ;
#613 = AXIS2_PLACEMENT_3D ( 'NONE', #2603, #8468, #2949 ) ;
#614 = CARTESIAN_POINT ( 'NONE',  ( -6.350000000000108002, 6.910000000000000142, 15.52043201073986722 ) ) ;
#615 = ORIENTED_EDGE ( 'NONE', *, *, #3146, .T. ) ;
#616 = DIRECTION ( 'NONE',  ( -6.982962677686266711E-15, 0.000000000000000000, 1.000000000000000000 ) ) ;
#617 = CARTESIAN_POINT ( 'NONE',  ( 4.490128060534509302, 11.40012806053457695, 9.624003436833795888 ) ) ;
#618 = CARTESIAN_POINT ( 'NONE',  ( 5.858994527678455633, 9.336874995234211383, 16.54096772378687774 ) ) ;
#619 = ORIENTED_EDGE ( 'NONE', *, *, #2502, .T. ) ;
#620 = CARTESIAN_POINT ( 'NONE',  ( 3.580000000000020499, 0.2000000000000000944, -3.149999999999976819 ) ) ;
#621 = DIRECTION ( 'NONE',  ( 0.000000000000000000, 1.000000000000000000, 0.000000000000000000 ) ) ;
#622 = CARTESIAN_POINT ( 'NONE',  ( -5.858994527678644815, 9.336874995234211383, 10.53114629521536827 ) ) ;
#623 = FILL_AREA_STYLE ('',( #3996 ) ) ;
#624 = CARTESIAN_POINT ( 'NONE',  ( -2.426874995234301391, 12.76899452767857390, 12.91239629521539456 ) ) ;
#625 = AXIS2_PLACEMENT_3D ( 'NONE', #6410, #186, #8413 ) ;
#626 = ORIENTED_EDGE ( 'NONE', *, *, #5127, .T. ) ;
#627 = CARTESIAN_POINT ( 'NONE',  ( -2.630256121069245001, 0.5600000000000016076, 12.85569986540517462 ) ) ;
#628 = ORIENTED_EDGE ( 'NONE', *, *, #8993, .T. ) ;
#629 = FACE_OUTER_BOUND ( 'NONE', #5273, .T. ) ;
#630 = CARTESIAN_POINT ( 'NONE',  ( -6.350000000000100897, 9.540256121069162987, 15.35034272254800314 ) ) ;
#631 = CYLINDRICAL_SURFACE ( 'NONE', #4697, 1.599999999999999867 ) ;
#632 = CARTESIAN_POINT ( 'NONE',  ( 4.142934761456315229, 2.767065238543610306, 10.92802129521544074 ) ) ;
#633 = CARTESIAN_POINT ( 'NONE',  ( -6.087747278823385955, 8.575385075442891747, 16.24869879852692023 ) ) ;
#634 = CARTESIAN_POINT ( 'NONE',  ( 5.880000000000025651, 2.240000000000001990, -3.549999999999960298 ) ) ;
#635 = CARTESIAN_POINT ( 'NONE',  ( -6.350000000000095568, 6.910000000000000142, 13.70614629645415405 ) ) ;
#636 = CARTESIAN_POINT ( 'NONE',  ( 4.142934761456293025, 11.05293476145639175, 13.87623558092972509 ) ) ;
#637 = VECTOR ( 'NONE', #5915, 1000.000000000000000 ) ;
#638 = CARTESIAN_POINT ( 'NONE',  ( 0.6400266210034935010, 0.8801854541306963764, 16.38851556426702771 ) ) ;
#639 = DIRECTION ( 'NONE',  ( -1.000000000000000000, 0.000000000000000000, -6.505213034913023449E-15 ) ) ;
#640 = DIRECTION ( 'NONE',  ( -8.673617379884049672E-15, 0.000000000000000000, 1.000000000000000000 ) ) ;
#641 = EDGE_CURVE ( 'NONE', #4220, #4402, #7349, .T. ) ;
#642 = AXIS2_PLACEMENT_3D ( 'NONE', #4047, #2631, #5433 ) ;
#643 = CARTESIAN_POINT ( 'NONE',  ( -5.858994527678662578, 6.910000000000000142, 13.08248558092965297 ) ) ;
#644 = PLANE ( 'NONE',  #6643 ) ;
#645 = CARTESIAN_POINT ( 'NONE',  ( 2.426874995234107768, 1.051005472321430156, 15.18025343807256888 ) ) ;
#646 = ORIENTED_EDGE ( 'NONE', *, *, #81, .T. ) ;
#647 = ADVANCED_FACE ( 'NONE', ( #7936 ), #6563, .T. ) ;
#648 = ORIENTED_EDGE ( 'NONE', *, *, #8641, .T. ) ;
#649 = DIRECTION ( 'NONE',  ( -6.982962677686266711E-15, 0.000000000000000000, 1.000000000000000000 ) ) ;
#650 = EDGE_LOOP ( 'NONE', ( #2326, #8016, #4947, #3294 ) ) ;
#651 = CARTESIAN_POINT ( 'NONE',  ( 3.579999999999956550, 0.2000000000000000944, 6.100000000000025402 ) ) ;
#652 = CIRCLE ( 'NONE', #8500, 1.599999999999999867 ) ;
#653 = CARTESIAN_POINT ( 'NONE',  ( -1.501160829118029394, 12.84999999999998543, 9.131235917709735972 ) ) ;
#654 = ORIENTED_EDGE ( 'NONE', *, *, #2060, .F. ) ;
#655 = DIRECTION ( 'NONE',  ( 1.000000000000000000, 0.000000000000000000, 9.251858538542970644E-15 ) ) ;
#656 = CARTESIAN_POINT ( 'NONE',  ( -4.800000000000115286, 6.910000000000000142, 16.50999999999996604 ) ) ;
#657 = CARTESIAN_POINT ( 'NONE',  ( -8.266576060938710630E-14, 0.5600000000000006084, 12.00525343683376356 ) ) ;
#658 = ORIENTED_EDGE ( 'NONE', *, *, #1931, .T. ) ;
#659 = ADVANCED_FACE ( 'NONE', ( #7202 ), #1692, .T. ) ;
#660 = CARTESIAN_POINT ( 'NONE',  ( 1.507889285407773228, 12.84999999999999787, 14.50092002930094637 ) ) ;
#661 = CARTESIAN_POINT ( 'NONE',  ( -3.579999999999976534, 1.740000000000000213, -3.150000000000026557 ) ) ;
#662 = CARTESIAN_POINT ( 'NONE',  ( 5.858994527678493824, 6.910000000000001030, 11.04141415235830870 ) ) ;
#663 = CARTESIAN_POINT ( 'NONE',  ( -3.628550961396776356E-14, 6.910000000000000142, 5.196291501015238623 ) ) ;
#664 = CARTESIAN_POINT ( 'NONE',  ( -4.142934761456499970, 11.05293476145639175, 15.69052129521538319 ) ) ;
#665 = ORIENTED_EDGE ( 'NONE', *, *, #2172, .F. ) ;
#666 = DIRECTION ( 'NONE',  ( -6.982962677686266711E-15, 0.000000000000000000, 1.000000000000000000 ) ) ;
#667 = CIRCLE ( 'NONE', #3569, 0.2000000000000000944 ) ;
#668 = LINE ( 'NONE', #6858, #1203 ) ;
#669 = CARTESIAN_POINT ( 'NONE',  ( -6.350000000000069811, 6.910000000000000142, 10.07757486788272594 ) ) ;
#670 = CARTESIAN_POINT ( 'NONE',  ( 5.858994527678489384, 4.483125004765792454, 11.89186058092973575 ) ) ;
#671 = ORIENTED_EDGE ( 'NONE', *, *, #4196, .F. ) ;
#672 = ORIENTED_EDGE ( 'NONE', *, *, #4164, .T. ) ;
#673 = CARTESIAN_POINT ( 'NONE',  ( 3.523501616404601133, 12.36675450466445625, 13.28204155393464880 ) ) ;
#674 = AXIS2_PLACEMENT_3D ( 'NONE', #7802, #100, #7009 ) ;
#675 = CARTESIAN_POINT ( 'NONE',  ( -6.350000000000076916, 9.540256121069164763, 12.62891415111943161 ) ) ;
#676 = ORIENTED_EDGE ( 'NONE', *, *, #3264, .T. ) ;
#678 = CARTESIAN_POINT ( 'NONE',  ( 4.490128060534509302, 11.40012806053457695, 9.624003436833795888 ) ) ;
#677 = AXIS2_PLACEMENT_3D ( 'NONE', #6460, #914, #1789 ) ;
#679 = VERTEX_POINT ( 'NONE', #8706 ) ;
#680 = CARTESIAN_POINT ( 'NONE',  ( 5.858994527678454745, 7.338864659746646701, 16.49429039162374622 ) ) ;
#681 = AXIS2_PLACEMENT_3D ( 'NONE', #3052, #8604, #4370 ) ;
#682 = CIRCLE ( 'NONE', #8247, 0.2000000000000000944 ) ;
#683 = CARTESIAN_POINT ( 'NONE',  ( 5.598019443674759010, 4.947687918525231154, 16.47030556200342133 ) ) ;
#684 = AXIS2_PLACEMENT_3D ( 'NONE', #7072, #4429, #2195 ) ;
#685 = CARTESIAN_POINT ( 'NONE',  ( -2.244749429223779735, 12.84999999999999964, 15.23230079858518238 ) ) ;
#686 = FACE_OUTER_BOUND ( 'NONE', #7871, .T. ) ;
#687 = EDGE_CURVE ( 'NONE', #3836, #1182, #3216, .T. ) ;
#688 = CIRCLE ( 'NONE', #5787, 0.1999999999999996503 ) ;
#689 = DIRECTION ( 'NONE',  ( -1.000000000000000000, 0.000000000000000000, -6.505213034913037648E-15 ) ) ;
#690 = CARTESIAN_POINT ( 'NONE',  ( 2.244749429223558135, 12.85000000000000142, 16.14874179184563374 ) ) ;
#691 = CARTESIAN_POINT ( 'NONE',  ( 5.916198603423389102, 9.216749679711815801, 6.956171187153673330 ) ) ;
#692 = DIRECTION ( 'NONE',  ( -6.982962677686266711E-15, 0.000000000000000000, 1.000000000000000000 ) ) ;
#693 = ORIENTED_EDGE ( 'NONE', *, *, #7440, .F. ) ;
#694 = CIRCLE ( 'NONE', #7686, 1.599999999999999867 ) ;
#695 = EDGE_CURVE ( 'NONE', #5543, #8850, #8751, .T. ) ;
#696 = DIRECTION ( 'NONE',  ( 0.000000000000000000, -1.000000000000000000, -0.000000000000000000 ) ) ;
#697 = ADVANCED_FACE ( 'NONE', ( #1838 ), #1154, .T. ) ;
#698 = CARTESIAN_POINT ( 'NONE',  ( 5.079999999999999183, -3.730000000000000426, 3.547345040264623363E-14 ) ) ;
#699 = VERTEX_POINT ( 'NONE', #295 ) ;
#700 = EDGE_CURVE ( 'NONE', #2845, #8810, #1195, .T. ) ;
#701 = CARTESIAN_POINT ( 'NONE',  ( 6.349999999999890399, 4.279743878930847956, 15.91730701073995569 ) ) ;
#702 = FACE_OUTER_BOUND ( 'NONE', #4427, .T. ) ;
#703 = CARTESIAN_POINT ( 'NONE',  ( 6.349999999999922373, 4.279743878930847956, 11.26819986540523644 ) ) ;
#704 = CARTESIAN_POINT ( 'NONE',  ( 4.142934761456290360, 2.767065238543610306, 14.55659272378686708 ) ) ;
#705 = ORIENTED_EDGE ( 'NONE', *, *, #1119, .F. ) ;
#706 = DIRECTION ( 'NONE',  ( -6.982962677686266711E-15, -0.000000000000000000, 1.000000000000000000 ) ) ;
#707 = CARTESIAN_POINT ( 'NONE',  ( -3.579999999999975202, 0.2000000000000000944, -3.350000000000026734 ) ) ;
#708 = CARTESIAN_POINT ( 'NONE',  ( 2.426874995234138854, 12.76899452767857390, 10.30436058092971230 ) ) ;
#709 = LINE ( 'NONE', #3479, #7809 ) ;
#710 = CARTESIAN_POINT ( 'NONE',  ( -2.426874995234288512, 12.76899452767857390, 11.09811058092967784 ) ) ;
#711 = AXIS2_PLACEMENT_3D ( 'NONE', #434, #3240, #3150 ) ;
#712 = ORIENTED_EDGE ( 'NONE', *, *, #6749, .T. ) ;
#713 = DIRECTION ( 'NONE',  ( 8.520838099651520869E-15, 0.000000000000000000, -1.000000000000000000 ) ) ;
#714 = EDGE_CURVE ( 'NONE', #3068, #2168, #4122, .T. ) ;
#715 = DIRECTION ( 'NONE',  ( -1.000000000000000000, -0.000000000000000000, -6.982962677686266711E-15 ) ) ;
#716 = DIRECTION ( 'NONE',  ( 1.000000000000000000, -2.168404344971008868E-15, 6.505213034913027393E-15 ) ) ;
#717 = CARTESIAN_POINT ( 'NONE',  ( -5.858994527678644815, 6.910000000000000142, 10.58784272378679781 ) ) ;
#718 = ADVANCED_FACE ( 'NONE', ( #3411 ), #6069, .T. ) ;
#719 = ORIENTED_EDGE ( 'NONE', *, *, #4310, .F. ) ;
#720 = CARTESIAN_POINT ( 'NONE',  ( -4.490128060534677168, 2.419871939465422450, 14.61328915111944582 ) ) ;
#721 = AXIS2_PLACEMENT_3D ( 'NONE', #1449, #5643, #4265 ) ;
#722 = LINE ( 'NONE', #2307, #2314 ) ;
#723 = ORIENTED_EDGE ( 'NONE', *, *, #4770, .T. ) ;
#724 = DIRECTION ( 'NONE',  ( -6.982962677686268288E-15, 0.000000000000000000, 1.000000000000000000 ) ) ;
#725 = ORIENTED_EDGE ( 'NONE', *, *, #7614, .F. ) ;
#726 = CARTESIAN_POINT ( 'NONE',  ( 5.080000000000004512, -3.730000000000000426, -0.6999999999999676481 ) ) ;
#727 = AXIS2_PLACEMENT_3D ( 'NONE', #8322, #4044, #724 ) ;
#728 = CYLINDRICAL_SURFACE ( 'NONE', #4920, 6.349999999999999645 ) ;
#729 = DIRECTION ( 'NONE',  ( -1.000000000000000000, 0.000000000000000000, -9.251858538542970644E-15 ) ) ;
#730 = CARTESIAN_POINT ( 'NONE',  ( 4.142934761456293025, 11.05293476145639175, 13.87623558092972509 ) ) ;
#731 = CARTESIAN_POINT ( 'NONE',  ( -2.426874995234272525, 1.051005472321430156, 8.716860580929679969 ) ) ;
#732 = CARTESIAN_POINT ( 'NONE',  ( 6.580000000000040039, 0.8543593539448994800, -5.649999999999956835 ) ) ;
#733 = CARTESIAN_POINT ( 'NONE',  ( 2.426874995234096222, 12.76899452767857390, 16.42757486664399735 ) ) ;
#734 = ORIENTED_EDGE ( 'NONE', *, *, #1534, .T. ) ;
#735 = EDGE_LOOP ( 'NONE', ( #7667, #6389, #8594, #2335 ) ) ;
#736 = CARTESIAN_POINT ( 'NONE',  ( -2.244749429223761972, 12.84999999999999964, 13.53140794391990553 ) ) ;
#737 = DIRECTION ( 'NONE',  ( -6.982962677686266711E-15, 0.000000000000000000, 1.000000000000000000 ) ) ;
#738 = ORIENTED_EDGE ( 'NONE', *, *, #5344, .F. ) ;
#739 = CIRCLE ( 'NONE', #3497, 0.4000000000000001887 ) ;
#740 = FACE_OUTER_BOUND ( 'NONE', #3746, .T. ) ;
#741 = ORIENTED_EDGE ( 'NONE', *, *, #2494, .T. ) ;
#742 = CARTESIAN_POINT ( 'NONE',  ( -1.087957575750657298E-13, 0.5600000000000006084, 15.74721772502562800 ) ) ;
#743 = CARTESIAN_POINT ( 'NONE',  ( -0.8052598985594493497, 0.9306467562823199646, 7.749999999999994671 ) ) ;
#744 = CARTESIAN_POINT ( 'NONE',  ( -6.999667117987059023E-14, 0.5600000000000006084, 10.19096772254805039 ) ) ;
#745 = CARTESIAN_POINT ( 'NONE',  ( -5.858994527678676789, 6.910000000000000142, 15.12355700950108073 ) ) ;
#746 = ORIENTED_EDGE ( 'NONE', *, *, #753, .F. ) ;
#747 = CARTESIAN_POINT ( 'NONE',  ( 5.780000000000026006, 1.940000000000000391, -3.549999999999961187 ) ) ;
#748 = ADVANCED_FACE ( 'NONE', ( #3284 ), #8842, .T. ) ;
#749 = CARTESIAN_POINT ( 'NONE',  ( -0.7595038909412479278, 12.85000000000000675, 12.24022591823966266 ) ) ;
#750 = CARTESIAN_POINT ( 'NONE',  ( -2.426874995234299615, 1.051005472321430156, 12.57221772378682090 ) ) ;
#751 = STYLED_ITEM ( 'NONE', ( #7715 ), #1658 ) ;
#752 = CARTESIAN_POINT ( 'NONE',  ( 4.490128060534505750, 2.419871939465424227, 10.30436057969093788 ) ) ;
#753 = EDGE_CURVE ( 'NONE', #320, #796, #1963, .T. ) ;
#754 = EDGE_CURVE ( 'NONE', #4097, #2557, #6165, .T. ) ;
#755 = CARTESIAN_POINT ( 'NONE',  ( 4.142934761456323223, 2.767065238543610306, 9.794092723786867793 ) ) ;
#756 = DIRECTION ( 'NONE',  ( 0.000000000000000000, 1.000000000000000000, 0.000000000000000000 ) ) ;
#757 = PRESENTATION_LAYER_ASSIGNMENT (  '', '', ( #479 ) ) ;
#758 = CARTESIAN_POINT ( 'NONE',  ( -4.490128060534652299, 11.40012806053457695, 10.75793200826230489 ) ) ;
#759 = EDGE_CURVE ( 'NONE', #2405, #5628, #7518, .T. ) ;
#760 = CARTESIAN_POINT ( 'NONE',  ( -9.171326848772797143E-14, 12.76899452767857213, 13.08248558092969382 ) ) ;
#761 = AXIS2_PLACEMENT_3D ( 'NONE', #3528, #3485, #8445 ) ;
#762 = LINE ( 'NONE', #3576, #8675 ) ;
#763 = AXIS2_PLACEMENT_3D ( 'NONE', #7474, #7170, #5229 ) ;
#764 = DIRECTION ( 'NONE',  ( 8.673617379884030739E-15, 0.000000000000000000, -1.000000000000000000 ) ) ;
#765 = ADVANCED_FACE ( 'NONE', ( #7473 ), #8122, .F. ) ;
#766 = EDGE_LOOP ( 'NONE', ( #2290, #1936, #314, #2869 ) ) ;
#767 = LINE ( 'NONE', #3629, #2 ) ;
#768 = ORIENTED_EDGE ( 'NONE', *, *, #3822, .T. ) ;
#769 = CARTESIAN_POINT ( 'NONE',  ( 4.142934761456317894, 11.05293476145639175, 10.24766415235829697 ) ) ;
#770 = DIRECTION ( 'NONE',  ( 0.000000000000000000, 1.000000000000000000, 0.000000000000000000 ) ) ;
#771 = CARTESIAN_POINT ( 'NONE',  ( -2.244749429223601656, 12.84999999999999964, -9.851725008082841128 ) ) ;
#772 = EDGE_CURVE ( 'NONE', #4057, #980, #1280, .T. ) ;
#773 = CARTESIAN_POINT ( 'NONE',  ( -6.580000000000043592, 0.2000000000000000111, 6.099999999999954348 ) ) ;
#774 = CYLINDRICAL_SURFACE ( 'NONE', #929, 0.2000000000000000944 ) ;
#775 = CARTESIAN_POINT ( 'NONE',  ( -5.858994527678657249, 9.336874995234211383, 12.34543200950108499 ) ) ;
#776 = CARTESIAN_POINT ( 'NONE',  ( 6.879422804227080120E-14, 6.910000000000000142, -9.851725008082825141 ) ) ;
#777 = DIRECTION ( 'NONE',  ( 6.982962677686266711E-15, 0.000000000000000000, -1.000000000000000000 ) ) ;
#778 = ADVANCED_FACE ( 'NONE', ( #8243 ), #8877, .T. ) ;
#779 = CARTESIAN_POINT ( 'NONE',  ( 5.858994527678494713, 9.336874995234211383, 10.87132486664402009 ) ) ;
#780 = ORIENTED_EDGE ( 'NONE', *, *, #3199, .F. ) ;
#781 = VERTEX_POINT ( 'NONE', #522 ) ;
#782 =( NAMED_UNIT ( * ) SI_UNIT ( $, .STERADIAN. ) SOLID_ANGLE_UNIT ( ) );
#783 = DIRECTION ( 'NONE',  ( -1.000000000000000000, 0.000000000000000000, -8.673617379884013384E-15 ) ) ;
#784 = ORIENTED_EDGE ( 'NONE', *, *, #5842, .F. ) ;
#785 = CIRCLE ( 'NONE', #2225, 0.1999999999999996503 ) ;
#786 = AXIS2_PLACEMENT_3D ( 'NONE', #5993, #6033, #8759 ) ;
#787 = CARTESIAN_POINT ( 'NONE',  ( 3.379999999999984794, 0.6399999999999999023, 2.000000000000023537 ) ) ;
#788 = EDGE_CURVE ( 'NONE', #5957, #8972, #8485, .T. ) ;
#789 = ORIENTED_EDGE ( 'NONE', *, *, #5652, .T. ) ;
#790 = CARTESIAN_POINT ( 'NONE',  ( -1.688480375464539215E-13, 1.374999999999999556, 24.17999999999999972 ) ) ;
#791 = CARTESIAN_POINT ( 'NONE',  ( 4.120544227190842790, 2.215327917673356239, 7.750000000000029310 ) ) ;
#792 = CARTESIAN_POINT ( 'NONE',  ( 5.780000000000024230, 11.44999999999999929, -3.349999999999961009 ) ) ;
#793 = DIRECTION ( 'NONE',  ( -1.000000000000000000, 0.000000000000000000, -6.747905296117593928E-15 ) ) ;
#794 = CARTESIAN_POINT ( 'NONE',  ( -1.432205645193453466E-13, 6.910000000000000142, 20.51000000000000156 ) ) ;
#795 = AXIS2_PLACEMENT_3D ( 'NONE', #5358, #3249, #8670 ) ;
#796 = VERTEX_POINT ( 'NONE', #8203 ) ;
#797 = DIRECTION ( 'NONE',  ( -8.673617379884051249E-15, 0.000000000000000000, 1.000000000000000000 ) ) ;
#798 = SURFACE_STYLE_FILL_AREA ( #24 ) ;
#799 = CARTESIAN_POINT ( 'NONE',  ( 4.142934761456334769, 2.767065238543610306, 8.206592723786867438 ) ) ;
#800 = CARTESIAN_POINT ( 'NONE',  ( -6.350000000000068923, 4.279743878930841738, 10.02087843683371915 ) ) ;
#801 = CARTESIAN_POINT ( 'NONE',  ( -4.142934761456475989, 2.767065238543608530, 12.28873558092966611 ) ) ;
#802 = FACE_BOUND ( 'NONE', #7947, .T. ) ;
#803 = CARTESIAN_POINT ( 'NONE',  ( 6.753006034647517808, 0.9690193372964648333, 1.912536955777574210 ) ) ;
#804 = CARTESIAN_POINT ( 'NONE',  ( 0.8734668117868346071, 11.63013580679140624, 23.67572005077648711 ) ) ;
#805 = CARTESIAN_POINT ( 'NONE',  ( 5.858994527678500042, 9.336874995234211383, 10.19096772378687987 ) ) ;
#806 = CARTESIAN_POINT ( 'NONE',  ( -2.630256121069226349, 0.5600000000000013856, 10.13427129397660309 ) ) ;
#807 = ORIENTED_EDGE ( 'NONE', *, *, #414, .F. ) ;
#808 = DIRECTION ( 'NONE',  ( 1.000000000000000000, 0.000000000000000000, 7.047314121155779610E-15 ) ) ;
#809 = CARTESIAN_POINT ( 'NONE',  ( -5.411796075206856701E-14, 6.910000000000000142, 7.750000000000000000 ) ) ;
#810 = VERTEX_POINT ( 'NONE', #6832 ) ;
#811 = CARTESIAN_POINT ( 'NONE',  ( -2.244749429223779735, 12.84999999999999964, 15.23230079858518238 ) ) ;
#812 = VERTEX_POINT ( 'NONE', #8162 ) ;
#813 = CARTESIAN_POINT ( 'NONE',  ( 5.858994527678476949, 4.483125004765792454, 13.70614629521545247 ) ) ;
#814 = TOROIDAL_SURFACE ( 'NONE', #5046, 0.1000000000000003386, 0.2000000000000000111 ) ;
#815 = CYLINDRICAL_SURFACE ( 'NONE', #6512, 6.349999999999999645 ) ;
#816 = VECTOR ( 'NONE', #1551, 1000.000000000000000 ) ;
#817 = CARTESIAN_POINT ( 'NONE',  ( 6.779999999999978932, 2.000000000000000000, 3.100000000000047606 ) ) ;
#818 = AXIS2_PLACEMENT_3D ( 'NONE', #6169, #7576, #4152 ) ;
#819 = CARTESIAN_POINT ( 'NONE',  ( 3.523501616404648651, 12.36675450466444914, 7.952577270697945622 ) ) ;
#820 = CARTESIAN_POINT ( 'NONE',  ( 5.858994527678513364, 9.336874995234211383, 8.376682009501164927 ) ) ;
#821 = CARTESIAN_POINT ( 'NONE',  ( -4.142934761456451120, 2.767065238543608530, 8.660164152358237999 ) ) ;
#822 = AXIS2_PLACEMENT_3D ( 'NONE', #7736, #1443, #2300 ) ;
#823 = DIRECTION ( 'NONE',  ( -6.982962677686266711E-15, 0.000000000000000000, 1.000000000000000000 ) ) ;
#824 =( BOUNDED_CURVE ( )  B_SPLINE_CURVE ( 2, ( #5340, #3961, #3870, #2591, #6600 ),
 .UNSPECIFIED., .F., .F. ) 
 B_SPLINE_CURVE_WITH_KNOTS ( ( 3, 2, 3 ),
 ( 0.3006880806593926758, 0.3068181818181817677, 0.3181818181818179547 ),
 .UNSPECIFIED. ) 
 CURVE ( )  GEOMETRIC_REPRESENTATION_ITEM ( )  RATIONAL_B_SPLINE_CURVE ( ( 0.9621766860142484390, 0.9589368973955082476, 1.000000000000000000, 0.9238795325112881818, 0.9999999999999985567 ) ) 
 REPRESENTATION_ITEM ( '' )  );
#825 = CARTESIAN_POINT ( 'NONE',  ( -5.858994527678663466, 4.483125004765785349, 13.13918200950108428 ) ) ;
#826 = ORIENTED_EDGE ( 'NONE', *, *, #3030, .T. ) ;
#827 = ORIENTED_EDGE ( 'NONE', *, *, #3259, .T. ) ;
#828 = DIRECTION ( 'NONE',  ( -1.000000000000000000, 0.000000000000000000, -7.434529182757734548E-15 ) ) ;
#829 = DIRECTION ( 'NONE',  ( -8.673617379884051249E-15, 0.000000000000000000, 1.000000000000000000 ) ) ;
#830 = ORIENTED_EDGE ( 'NONE', *, *, #8072, .T. ) ;
#831 = VECTOR ( 'NONE', #713, 1000.000000000000000 ) ;
#832 = EDGE_CURVE ( 'NONE', #6561, #3475, #8109, .T. ) ;
#833 = VECTOR ( 'NONE', #3435, 1000.000000000000000 ) ;
#834 = CARTESIAN_POINT ( 'NONE',  ( -9.533485003890359712E-14, 0.5600000000000006084, 13.81953915111947673 ) ) ;
#835 = CARTESIAN_POINT ( 'NONE',  ( 6.349999999999907274, 6.910000000000001030, 13.25257486788281547 ) ) ;
#836 = PLANE ( 'NONE',  #7381 ) ;
#837 = CARTESIAN_POINT ( 'NONE',  ( -4.330123331962927757, 10.87575537591484398, 7.749999999999972466 ) ) ;
#838 = ORIENTED_EDGE ( 'NONE', *, *, #7599, .F. ) ;
#839 = CARTESIAN_POINT ( 'NONE',  ( 2.630256121069098896, 0.5600000000000022737, 8.433378436833782743 ) ) ;
#840 = AXIS2_PLACEMENT_3D ( 'NONE', #6508, #282, #6553 ) ;
#841 = CARTESIAN_POINT ( 'NONE',  ( -0.7992449617027242992, 2.176095592794278666, 24.79492096454900008 ) ) ;
#842 = EDGE_LOOP ( 'NONE', ( #665, #4125, #4802, #8420 ) ) ;
#843 = VERTEX_POINT ( 'NONE', #1925 ) ;
#844 = CARTESIAN_POINT ( 'NONE',  ( -6.780000000000042881, 0.2000000000000000944, 6.099999999999952571 ) ) ;
#845 = SURFACE_SIDE_STYLE ('',( #798 ) ) ;
#846 = CARTESIAN_POINT ( 'NONE',  ( -2.426874995234264532, 12.76899452767857390, 7.696324866643965201 ) ) ;
#847 = CARTESIAN_POINT ( 'NONE',  ( 5.858994527678489384, 6.910000000000001030, 11.72177129521545247 ) ) ;
#848 = ORIENTED_EDGE ( 'NONE', *, *, #6096, .T. ) ;
#849 = ADVANCED_FACE ( 'NONE', ( #6870 ), #8915, .T. ) ;
#850 = ORIENTED_EDGE ( 'NONE', *, *, #3317, .T. ) ;
#851 = CARTESIAN_POINT ( 'NONE',  ( 3.999999999999884537, 6.910000000000001030, 16.51000000000002643 ) ) ;
#852 = CARTESIAN_POINT ( 'NONE',  ( 5.079999999999999183, -3.430000000000002380, 3.547345040264623363E-14 ) ) ;
#853 = CARTESIAN_POINT ( 'NONE',  ( 4.142934761456337434, 11.05293476145639175, 7.526235580929724556 ) ) ;
#854 = CARTESIAN_POINT ( 'NONE',  ( 2.630256121069085573, 13.25999999999999979, 9.680699865405211213 ) ) ;
#855 = EDGE_LOOP ( 'NONE', ( #4128, #6755, #5263, #6671 ) ) ;
#856 = DIRECTION ( 'NONE',  ( 0.000000000000000000, 1.000000000000000000, 0.000000000000000000 ) ) ;
#857 = ORIENTED_EDGE ( 'NONE', *, *, #3245, .F. ) ;
#858 = CARTESIAN_POINT ( 'NONE',  ( -6.269583355363220534, 6.910000000012253452, 16.26775343683358699 ) ) ;
#859 = EDGE_LOOP ( 'NONE', ( #8672, #8949 ) ) ;
#860 = CARTESIAN_POINT ( 'NONE',  ( -2.426874995234297394, 12.76899452767857390, 12.23203915235825257 ) ) ;
#861 = AXIS2_PLACEMENT_3D ( 'NONE', #3186, #6594, #5198 ) ;
#862 = DIRECTION ( 'NONE',  ( -1.000000000000000000, 0.000000000000000000, -7.102804783527084762E-15 ) ) ;
#863 = LINE ( 'NONE', #2896, #3241 ) ;
#864 = EDGE_CURVE ( 'NONE', #2070, #7903, #2541, .T. ) ;
#865 = EDGE_CURVE ( 'NONE', #2276, #4588, #8794, .T. ) ;
#866 = CARTESIAN_POINT ( 'NONE',  ( 6.349999999999945466, 5.579453644484837049, 7.781037162018074937 ) ) ;
#867 = CARTESIAN_POINT ( 'NONE',  ( 4.142934761456328552, 2.767065238543610306, 9.113735580929725799 ) ) ;
#868 = EDGE_CURVE ( 'NONE', #7327, #4418, #4828, .T. ) ;
#869 = AXIS2_PLACEMENT_3D ( 'NONE', #8837, #6557, #471 ) ;
#870 = CARTESIAN_POINT ( 'NONE',  ( 5.858994527678501818, 9.336874995234211383, 9.964182009501165282 ) ) ;
#871 = DIRECTION ( 'NONE',  ( 1.000000000000000000, 0.000000000000000000, 6.938893903907222067E-15 ) ) ;
#872 = CARTESIAN_POINT ( 'NONE',  ( 5.858994527678495601, 6.910000000000001030, 10.81462843807259588 ) ) ;
#873 = ORIENTED_EDGE ( 'NONE', *, *, #8831, .T. ) ;
#874 = ADVANCED_FACE ( 'NONE', ( #49 ), #1000, .T. ) ;
#875 = DIRECTION ( 'NONE',  ( 6.982962677686266711E-15, 0.000000000000000000, -1.000000000000000000 ) ) ;
#876 = EDGE_LOOP ( 'NONE', ( #7015, #7308, #5877, #3122 ) ) ;
#877 = EDGE_CURVE ( 'NONE', #5759, #993, #7099, .T. ) ;
#878 =( BOUNDED_CURVE ( )  B_SPLINE_CURVE ( 2, ( #7089, #3039, #7739, #2981, #2932 ),
 .UNSPECIFIED., .F., .T. ) 
 B_SPLINE_CURVE_WITH_KNOTS ( ( 3, 2, 3 ),
 ( 0.2097789897503017642, 0.2159090909090908561, 0.2272727272727271264 ),
 .UNSPECIFIED. ) 
 CURVE ( )  GEOMETRIC_REPRESENTATION_ITEM ( )  RATIONAL_B_SPLINE_CURVE ( ( 0.9621766860142484390, 0.9589368973955082476, 1.000000000000000000, 0.9238795325112876267, 0.9999999999999991118 ) ) 
 REPRESENTATION_ITEM ( '' )  );
#879 = EDGE_CURVE ( 'NONE', #1720, #8151, #4869, .T. ) ;
#880 = B_SPLINE_CURVE_WITH_KNOTS ( 'NONE', 3,
 ( #2161, #8274, #2030, #803, #1480, #1666 ),
 .UNSPECIFIED., .F., .F.,
 ( 4, 2, 4 ),
 ( 0.000000000000000000, 0.0001717863414411659206, 0.0003435726828823314617 ),
 .UNSPECIFIED. ) ;
#881 = DIRECTION ( 'NONE',  ( -7.434529182757734548E-15, 0.000000000000000000, 1.000000000000000000 ) ) ;
#882 = CARTESIAN_POINT ( 'NONE',  ( 6.349999999999920597, 4.279743878930847956, 11.38159272502567276 ) ) ;
#883 = DIRECTION ( 'NONE',  ( -1.000000000000000000, -0.000000000000000000, -6.982962677686266711E-15 ) ) ;
#884 = CARTESIAN_POINT ( 'NONE',  ( 0.000000000000000000, 12.84999999999999964, 0.000000000000000000 ) ) ;
#885 = VECTOR ( 'NONE', #2260, 1000.000000000000000 ) ;
#886 = VERTEX_POINT ( 'NONE', #5873 ) ;
#887 = CARTESIAN_POINT ( 'NONE',  ( -2.630256121069209918, 13.25999999999999979, 7.979807008262317147 ) ) ;
#888 = ORIENTED_EDGE ( 'NONE', *, *, #2312, .T. ) ;
#889 = CARTESIAN_POINT ( 'NONE',  ( -0.7999424179189728035, 2.176194348412929802, 23.56570917991791347 ) ) ;
#890 = ORIENTED_EDGE ( 'NONE', *, *, #879, .T. ) ;
#891 = ORIENTED_EDGE ( 'NONE', *, *, #5331, .T. ) ;
#892 = FACE_OUTER_BOUND ( 'NONE', #7058, .T. ) ;
#893 = CYLINDRICAL_SURFACE ( 'NONE', #2933, 0.9999999999999997780 ) ;
#894 = CARTESIAN_POINT ( 'NONE',  ( 6.349999999999881517, 9.540256121069157658, 16.82444986540523502 ) ) ;
#895 = DIRECTION ( 'NONE',  ( 0.000000000000000000, -1.000000000000000000, -0.000000000000000000 ) ) ;
#896 = CARTESIAN_POINT ( 'NONE',  ( -7.746054287952189559E-14, 12.76899452767857213, 11.04141415235826784 ) ) ;
#897 = DIRECTION ( 'NONE',  ( -8.520838099651520869E-15, -0.000000000000000000, 1.000000000000000000 ) ) ;
#898 = VERTEX_POINT ( 'NONE', #7234 ) ;
#899 = DIRECTION ( 'NONE',  ( -1.000000000000000000, 0.000000000000000000, -7.102804783527084762E-15 ) ) ;
#900 = CARTESIAN_POINT ( 'NONE',  ( 0.2622449583750663393, 11.70436429700794001, 23.20616830307890410 ) ) ;
#901 = CARTESIAN_POINT ( 'NONE',  ( 2.426874995234157062, 1.051005472321430156, 8.149896295215427244 ) ) ;
#902 = CARTESIAN_POINT ( 'NONE',  ( -4.490128060534652299, 11.40012806053457695, 10.75793200826230489 ) ) ;
#903 = ORIENTED_EDGE ( 'NONE', *, *, #6994, .T. ) ;
#904 = LINE ( 'NONE', #5687, #3285 ) ;
#905 = DIRECTION ( 'NONE',  ( 8.520838099651520869E-15, -0.000000000000000000, -1.000000000000000000 ) ) ;
#906 = EDGE_LOOP ( 'NONE', ( #3898, #6900, #6712, #5150 ) ) ;
#907 = CARTESIAN_POINT ( 'NONE',  ( -1.507889285407973512, 12.84999999999999964, 14.15869398970130000 ) ) ;
#908 = CARTESIAN_POINT ( 'NONE',  ( -5.858994527678658137, 9.336874995234211383, 12.34543200950108321 ) ) ;
#909 = AXIS2_PLACEMENT_3D ( 'NONE', #6778, #8871, #8198 ) ;
#910 = CARTESIAN_POINT ( 'NONE',  ( 3.379999999999999005, 0.6400000000000000133, 2.360241385057957391E-14 ) ) ;
#911 = DIRECTION ( 'NONE',  ( -6.982962677686266711E-15, 0.000000000000000000, 1.000000000000000000 ) ) ;
#912 = DIRECTION ( 'NONE',  ( 6.982962677686266711E-15, 0.000000000000000000, -1.000000000000000000 ) ) ;
#913 = CARTESIAN_POINT ( 'NONE',  ( -4.142934761456445791, 2.767065238543608530, 7.979807009501094228 ) ) ;
#914 = DIRECTION ( 'NONE',  ( 6.747905296117594716E-15, -0.000000000000000000, -1.000000000000000000 ) ) ;
#915 = AXIS2_PLACEMENT_3D ( 'NONE', #7144, #1011, #2994 ) ;
#916 = FACE_OUTER_BOUND ( 'NONE', #3489, .T. ) ;
#917 = CARTESIAN_POINT ( 'NONE',  ( -4.142934761456481318, 11.05293476145639175, 12.96909272378680811 ) ) ;
#918 = ORIENTED_EDGE ( 'NONE', *, *, #714, .F. ) ;
#919 = ADVANCED_FACE ( 'NONE', ( #274 ), #3501, .T. ) ;
#920 = LINE ( 'NONE', #4190, #4543 ) ;
#921 = LINE ( 'NONE', #1422, #6022 ) ;
#922 = ORIENTED_EDGE ( 'NONE', *, *, #7488, .F. ) ;
#923 = AXIS2_PLACEMENT_3D ( 'NONE', #3599, #7156, #195 ) ;
#924 = DIRECTION ( 'NONE',  ( -1.000000000000000000, 0.000000000000000000, -7.434529182757747170E-15 ) ) ;
#925 = ADVANCED_FACE ( 'NONE', ( #6543 ), #5195, .T. ) ;
#926 = CARTESIAN_POINT ( 'NONE',  ( -2.630256121069252107, 0.5600000000000013856, 13.87623558216846575 ) ) ;
#927 = CARTESIAN_POINT ( 'NONE',  ( 6.879422804227080120E-14, 6.910000000000000142, -9.851725008082825141 ) ) ;
#928 = CYLINDRICAL_SURFACE ( 'NONE', #2061, 0.1999999999999996503 ) ;
#929 = AXIS2_PLACEMENT_3D ( 'NONE', #7194, #94, #961 ) ;
#930 = ORIENTED_EDGE ( 'NONE', *, *, #47, .T. ) ;
#931 = CARTESIAN_POINT ( 'NONE',  ( -4.490128060534638976, 2.419871939465422450, 9.170432008262304535 ) ) ;
#932 = ORIENTED_EDGE ( 'NONE', *, *, #2098, .T. ) ;
#933 = CARTESIAN_POINT ( 'NONE',  ( -0.2622449583753918567, 2.115635702992064715, 23.20616830307890410 ) ) ;
#934 = EDGE_LOOP ( 'NONE', ( #6385, #780 ) ) ;
#935 = ORIENTED_EDGE ( 'NONE', *, *, #8452, .F. ) ;
#936 = FILL_AREA_STYLE_COLOUR ( '', #4502 ) ;
#937 = FACE_OUTER_BOUND ( 'NONE', #1117, .T. ) ;
#938 = CARTESIAN_POINT ( 'NONE',  ( 2.630256121069035391, 13.25999999999999979, 16.93784272254806567 ) ) ;
#939 = FILL_AREA_STYLE ('',( #5633 ) ) ;
#940 = VECTOR ( 'NONE', #6193, 1000.000000000000000 ) ;
#941 = CARTESIAN_POINT ( 'NONE',  ( -4.142934761456496418, 11.05293476145639175, 15.01016415235823587 ) ) ;
#942 = AXIS2_PLACEMENT_3D ( 'NONE', #2411, #7341, #1012 ) ;
#943 = CARTESIAN_POINT ( 'NONE',  ( 7.379999999999924398, 2.240000000000004210, 7.750000000000050626 ) ) ;
#944 = ORIENTED_EDGE ( 'NONE', *, *, #8124, .F. ) ;
#945 = CARTESIAN_POINT ( 'NONE',  ( 5.844604122227225140, 7.478700325535291071, 16.50127064166102642 ) ) ;
#946 = LINE ( 'NONE', #6306, #8825 ) ;
#947 = ADVANCED_FACE ( 'NONE', ( #3083 ), #1047, .T. ) ;
#948 = CARTESIAN_POINT ( 'NONE',  ( -5.543823277764887999E-14, 1.051005472321429268, 8.093199866643981721 ) ) ;
#949 = CARTESIAN_POINT ( 'NONE',  ( -6.350000000000075140, 4.279743878930841738, 10.92802129397657396 ) ) ;
#950 = ORIENTED_EDGE ( 'NONE', *, *, #3516, .T. ) ;
#951 = CARTESIAN_POINT ( 'NONE',  ( -7.379999999999956373, 2.240000000000000657, -6.350000000000051159 ) ) ;
#952 = EDGE_LOOP ( 'NONE', ( #5419, #1165, #1251, #8544 ) ) ;
#953 = DIRECTION ( 'NONE',  ( -5.024295867788071067E-15, 0.7071067811865489050, 0.7071067811865462405 ) ) ;
#954 = ADVANCED_FACE ( 'NONE', ( #3542 ), #4272, .T. ) ;
#955 = DIRECTION ( 'NONE',  ( 1.000000000000000000, 0.000000000000000000, 6.982962677686266711E-15 ) ) ;
#956 = ORIENTED_EDGE ( 'NONE', *, *, #4507, .F. ) ;
#957 = CARTESIAN_POINT ( 'NONE',  ( 2.339292497024900295E-14, 6.910000000000000142, -3.350000000000001421 ) ) ;
#958 = CARTESIAN_POINT ( 'NONE',  ( -8.711095635144015754E-14, 1.051005472321429268, 12.62891415235826642 ) ) ;
#959 = FACE_OUTER_BOUND ( 'NONE', #3884, .T. ) ;
#960 = CARTESIAN_POINT ( 'NONE',  ( -6.630499543081869618, 0.8835152787371532979, 1.999999999999953593 ) ) ;
#961 = DIRECTION ( 'NONE',  ( -1.000000000000000000, 0.000000000000000000, -6.505213034913023449E-15 ) ) ;
#962 = CARTESIAN_POINT ( 'NONE',  ( 5.858994527678492936, 9.336874995234211383, 11.09811058092973646 ) ) ;
#963 = APPLICATION_PROTOCOL_DEFINITION ( 'draft international standard', 'automotive_design', 1998, #5115 ) ;
#964 = CARTESIAN_POINT ( 'NONE',  ( 5.858994527678483166, 9.336874995234211383, 12.68561058092973859 ) ) ;
#965 = PRESENTATION_LAYER_ASSIGNMENT (  '', '', ( #3422 ) ) ;
#966 = AXIS2_PLACEMENT_3D ( 'NONE', #3369, #1928, #3414 ) ;
#967 = ORIENTED_EDGE ( 'NONE', *, *, #6155, .T. ) ;
#968 = AXIS2_PLACEMENT_3D ( 'NONE', #8891, #4799, #616 ) ;
#969 = DIRECTION ( 'NONE',  ( -1.000000000000000000, 0.000000000000000000, -7.047314121155779610E-15 ) ) ;
#970 = ORIENTED_EDGE ( 'NONE', *, *, #1222, .F. ) ;
#971 = VECTOR ( 'NONE', #7447, 1000.000000000000000 ) ;
#972 = VECTOR ( 'NONE', #3911, 1000.000000000000000 ) ;
#973 = CARTESIAN_POINT ( 'NONE',  ( 6.349999999999913491, 9.540256121069157658, 12.40212843931138842 ) ) ;
#974 = CARTESIAN_POINT ( 'NONE',  ( -5.858994527678681230, 4.483125004765786237, 15.86061058092965226 ) ) ;
#975 = DIRECTION ( 'NONE',  ( 4.937700262164522799E-15, 0.7071067811865489050, -0.7071067811865462405 ) ) ;
#976 = VERTEX_POINT ( 'NONE', #4922 ) ;
#977 = FACE_OUTER_BOUND ( 'NONE', #5735, .T. ) ;
#978 = VECTOR ( 'NONE', #6815, 1000.000000000000000 ) ;
#979 = DIRECTION ( 'NONE',  ( 0.000000000000000000, 1.000000000000000000, 0.000000000000000000 ) ) ;
#980 = VERTEX_POINT ( 'NONE', #5558 ) ;
#981 = ORIENTED_EDGE ( 'NONE', *, *, #5106, .T. ) ;
#982 = VECTOR ( 'NONE', #71, 1000.000000000000000 ) ;
#983 = PLANE ( 'NONE',  #2458 ) ;
#984 = CARTESIAN_POINT ( 'NONE',  ( -5.780000000000026894, 0.6400000000000000133, 1.999999999999958922 ) ) ;
#985 = CARTESIAN_POINT ( 'NONE',  ( -6.177277749240713803E-14, 1.051005472321429268, 9.000342723786840082 ) ) ;
#986 = DIRECTION ( 'NONE',  ( -1.000000000000000000, 0.000000000000000000, -8.673617379884030739E-15 ) ) ;
#987 = EDGE_CURVE ( 'NONE', #812, #3858, #73, .T. ) ;
#988 = EDGE_CURVE ( 'NONE', #1776, #5904, #7655, .T. ) ;
#989 = CARTESIAN_POINT ( 'NONE',  ( 2.426874995234100219, 1.051005472321430156, 16.31418200950113828 ) ) ;
#990 = EDGE_CURVE ( 'NONE', #5496, #6427, #1412, .T. ) ;
#991 = VECTOR ( 'NONE', #4103, 1000.000000000000000 ) ;
#992 = DIRECTION ( 'NONE',  ( -1.000000000000000000, 0.000000000000000000, -6.982962677686266711E-15 ) ) ;
#993 = VERTEX_POINT ( 'NONE', #4446 ) ;
#994 = CARTESIAN_POINT ( 'NONE',  ( -6.579999999999962768, 0.2000000000000000111, -5.450000000000049027 ) ) ;
#995 = CARTESIAN_POINT ( 'NONE',  ( 4.490128060534518184, 2.419871939465424227, 8.603467725025659263 ) ) ;
#996 = CARTESIAN_POINT ( 'NONE',  ( -2.630256121069270314, 0.5600000000000013856, 16.48427129397660096 ) ) ;
#997 = CARTESIAN_POINT ( 'NONE',  ( 4.490128060534509302, 11.40012806053457695, 9.624003436833795888 ) ) ;
#998 = ORIENTED_EDGE ( 'NONE', *, *, #5789, .T. ) ;
#999 = FACE_OUTER_BOUND ( 'NONE', #2170, .T. ) ;
#1000 = CYLINDRICAL_SURFACE ( 'NONE', #1671, 0.1999999999999996503 ) ;
#1001 = ORIENTED_EDGE ( 'NONE', *, *, #7614, .T. ) ;
#1002 = CARTESIAN_POINT ( 'NONE',  ( -2.244749429223752202, 12.84999999999999076, 8.882300798585188062 ) ) ;
#1003 = AXIS2_PLACEMENT_3D ( 'NONE', #476, #8792, #6023 ) ;
#1004 =( LENGTH_UNIT ( ) NAMED_UNIT ( * ) SI_UNIT ( .MILLI., .METRE. ) );
#1005 = EDGE_CURVE ( 'NONE', #5026, #6724, #551, .T. ) ;
#1006 = ORIENTED_EDGE ( 'NONE', *, *, #2928, .T. ) ;
#1007 = CARTESIAN_POINT ( 'NONE',  ( 6.779999999999955840, 0.2000000000000000944, 6.300000000000047784 ) ) ;
#1008 = CARTESIAN_POINT ( 'NONE',  ( 5.858994527678513364, 6.910000000000001030, 8.319985580929737168 ) ) ;
#1009 = ORIENTED_EDGE ( 'NONE', *, *, #7096, .T. ) ;
#1010 = CARTESIAN_POINT ( 'NONE',  ( -2.244749429223755310, 12.84999999999999964, 12.62426508677705073 ) ) ;
#1011 = DIRECTION ( 'NONE',  ( 6.982962677686266711E-15, 0.000000000000000000, -1.000000000000000000 ) ) ;
#1012 = DIRECTION ( 'NONE',  ( 1.000000000000000000, 0.000000000000000000, 5.782411586589342256E-15 ) ) ;
#1013 = CIRCLE ( 'NONE', #7989, 0.2000000000000000944 ) ;
#1014 = DIRECTION ( 'NONE',  ( -0.000000000000000000, 1.000000000000000000, 0.000000000000000000 ) ) ;
#1015 = AXIS2_PLACEMENT_3D ( 'NONE', #5986, #5940, #969 ) ;
#1016 = CARTESIAN_POINT ( 'NONE',  ( -1.152887138086002546E-13, 1.060000000000000719, 16.51000000000000156 ) ) ;
#1017 = LINE ( 'NONE', #3781, #6721 ) ;
#1018 = ORIENTED_EDGE ( 'NONE', *, *, #700, .F. ) ;
#1019 = DIRECTION ( 'NONE',  ( 0.000000000000000000, 1.000000000000000000, -0.000000000000000000 ) ) ;
#1020 = LINE ( 'NONE', #7390, #8140 ) ;
#1021 = ORIENTED_EDGE ( 'NONE', *, *, #1606, .T. ) ;
#1022 = COLOUR_RGB ( '',0.8509803921568627194, 0.8509803921568627194, 0.8509803921568627194 ) ;
#1023 = FACE_OUTER_BOUND ( 'NONE', #224, .T. ) ;
#1024 = CARTESIAN_POINT ( 'NONE',  ( 2.630256121069066033, 13.25999999999999979, 12.51552129645421907 ) ) ;
#1025 = CARTESIAN_POINT ( 'NONE',  ( -0.8742724019237568811, 12.85000000000000497, 16.42109112450468444 ) ) ;
#1026 = DIRECTION ( 'NONE',  ( -0.000000000000000000, -1.000000000000000000, -0.000000000000000000 ) ) ;
#1027 = EDGE_LOOP ( 'NONE', ( #8762, #3416 ) ) ;
#1028 = VERTEX_POINT ( 'NONE', #1673 ) ;
#1029 = CARTESIAN_POINT ( 'NONE',  ( -2.244749429223753090, 12.84999999999999076, 8.995693658205620835 ) ) ;
#1030 = CARTESIAN_POINT ( 'NONE',  ( 3.579999999999986304, 0.2000000000000000111, 1.800000000000024913 ) ) ;
#1031 = ORIENTED_EDGE ( 'NONE', *, *, #6542, .F. ) ;
#1032 = EDGE_LOOP ( 'NONE', ( #3710, #206, #7240, #4387, #8229, #4117, #1327, #4848, #6857 ) ) ;
#1033 =( NAMED_UNIT ( * ) PLANE_ANGLE_UNIT ( ) SI_UNIT ( $, .RADIAN. ) );
#1034 = CARTESIAN_POINT ( 'NONE',  ( 0.3500000000000318967, 6.910000000000000142, -4.579999999999999183 ) ) ;
#1035 = CARTESIAN_POINT ( 'NONE',  ( 6.349999999999896616, 4.279743878930847956, 14.89677129397666455 ) ) ;
#1036 = CARTESIAN_POINT ( 'NONE',  ( 5.858994527678515141, 9.336874995234211383, 8.149896295215450337 ) ) ;
#1037 = ORIENTED_EDGE ( 'NONE', *, *, #5253, .T. ) ;
#1038 = CYLINDRICAL_SURFACE ( 'NONE', #1867, 0.1999999999999996503 ) ;
#1039 = ORIENTED_EDGE ( 'NONE', *, *, #4050, .F. ) ;
#1040 = CYLINDRICAL_SURFACE ( 'NONE', #60, 0.1999999999999996503 ) ;
#1041 = CARTESIAN_POINT ( 'NONE',  ( 2.540000000000023572, 6.910000000000000142, -3.349999999999983658 ) ) ;
#1042 = CARTESIAN_POINT ( 'NONE',  ( -4.490128060534677168, 2.419871939465422450, 14.61328915111944582 ) ) ;
#1043 = CARTESIAN_POINT ( 'NONE',  ( 5.432213382922688183, 10.45804273814641405, 7.780999146792639820 ) ) ;
#1044 = ORIENTED_EDGE ( 'NONE', *, *, #4861, .F. ) ;
#1045 = EDGE_CURVE ( 'NONE', #4294, #6082, #1213, .T. ) ;
#1046 = CARTESIAN_POINT ( 'NONE',  ( -3.924999999999974509, 1.740000000000000213, -3.550000000000028688 ) ) ;
#1047 = CYLINDRICAL_SURFACE ( 'NONE', #7929, 6.349999999999999645 ) ;
#1048 = ORIENTED_EDGE ( 'NONE', *, *, #4009, .T. ) ;
#1049 = EDGE_CURVE ( 'NONE', #6561, #1629, #8412, .T. ) ;
#1050 = DIRECTION ( 'NONE',  ( -1.000000000000000000, 0.000000000000000000, -6.982962677686266711E-15 ) ) ;
#1051 = AXIS2_PLACEMENT_3D ( 'NONE', #1057, #8066, #4651 ) ;
#1052 = ORIENTED_EDGE ( 'NONE', *, *, #2481, .T. ) ;
#1053 = CYLINDRICAL_SURFACE ( 'NONE', #1173, 4.799999999999999822 ) ;
#1054 = ADVANCED_FACE ( 'NONE', ( #8590 ), #2351, .T. ) ;
#1055 = FACE_OUTER_BOUND ( 'NONE', #6985, .T. ) ;
#1056 = ADVANCED_FACE ( 'NONE', ( #7418 ), #4957, .T. ) ;
#1057 = CARTESIAN_POINT ( 'NONE',  ( 3.198196906380311289E-14, 6.910000000000000142, -4.580000000000001847 ) ) ;
#1058 = AXIS2_PLACEMENT_3D ( 'NONE', #4055, #2011, #649 ) ;
#1059 = CARTESIAN_POINT ( 'NONE',  ( 5.780000000000044658, 2.240000000000000657, -6.349999999999965006 ) ) ;
#1060 = CARTESIAN_POINT ( 'NONE',  ( -6.579999999999962768, 0.000000000000000000, -5.450000000000049027 ) ) ;
#1061 =( GEOMETRIC_REPRESENTATION_CONTEXT ( 3 ) GLOBAL_UNCERTAINTY_ASSIGNED_CONTEXT ( ( #3922 ) ) GLOBAL_UNIT_ASSIGNED_CONTEXT ( ( #8177, #7622, #1972 ) ) REPRESENTATION_CONTEXT ( 'NONE', 'WORKASPACE' ) );
#1062 = CARTESIAN_POINT ( 'NONE',  ( -4.142934761456457338, 2.767065238543608530, 9.567307009501094583 ) ) ;
#1063 = EDGE_CURVE ( 'NONE', #4338, #8810, #7550, .T. ) ;
#1064 = ORIENTED_EDGE ( 'NONE', *, *, #1435, .T. ) ;
#1065 = DIRECTION ( 'NONE',  ( 0.000000000000000000, 1.000000000000000000, 0.000000000000000000 ) ) ;
#1066 = VERTEX_POINT ( 'NONE', #3810 ) ;
#1067 = CIRCLE ( 'NONE', #5570, 0.3500000000000004774 ) ;
#1068 = ADVANCED_FACE ( 'NONE', ( #8634 ), #5324, .T. ) ;
#1069 = CARTESIAN_POINT ( 'NONE',  ( -6.350000000000057376, 6.910000000000000142, 8.149896293976576445 ) ) ;
#1070 = CARTESIAN_POINT ( 'NONE',  ( 2.630256121069078468, 13.25999999999999979, 10.70123558216850235 ) ) ;
#1071 = CARTESIAN_POINT ( 'NONE',  ( -1.027987217385549151E-13, 12.76899452767857213, 14.66998558092969418 ) ) ;
#1072 = ORIENTED_EDGE ( 'NONE', *, *, #5424, .F. ) ;
#1073 = CARTESIAN_POINT ( 'NONE',  ( -6.079999999999956550, 2.240000000000000657, -6.150000000000043876 ) ) ;
#1074 = ORIENTED_EDGE ( 'NONE', *, *, #4743, .F. ) ;
#1075 = CARTESIAN_POINT ( 'NONE',  ( -3.580000000000011617, 0.2000000000000000111, 1.799999999999974953 ) ) ;
#1076 = ORIENTED_EDGE ( 'NONE', *, *, #6732, .F. ) ;
#1077 = ORIENTED_EDGE ( 'NONE', *, *, #2159, .F. ) ;
#1078 = DIRECTION ( 'NONE',  ( 1.000000000000000000, 0.000000000000000000, 6.982962677686266711E-15 ) ) ;
#1079 = CARTESIAN_POINT ( 'NONE',  ( 4.490128060534464005, 11.40012806053457695, 15.97400343683379553 ) ) ;
#1080 = FACE_OUTER_BOUND ( 'NONE', #4302, .T. ) ;
#1081 = EDGE_CURVE ( 'NONE', #7441, #2240, #3863, .T. ) ;
#1082 = CARTESIAN_POINT ( 'NONE',  ( 2.426874995234094445, 12.76899452767857390, 16.65436058092971194 ) ) ;
#1083 = DIRECTION ( 'NONE',  ( 6.982962677686266711E-15, -0.000000000000000000, -1.000000000000000000 ) ) ;
#1084 = ORIENTED_EDGE ( 'NONE', *, *, #4939, .F. ) ;
#1085 = ORIENTED_EDGE ( 'NONE', *, *, #8776, .T. ) ;
#1086 = CIRCLE ( 'NONE', #6880, 1.599999999999999867 ) ;
#1087 = DIRECTION ( 'NONE',  ( -0.000000000000000000, -1.000000000000000000, 0.000000000000000000 ) ) ;
#1088 = CARTESIAN_POINT ( 'NONE',  ( -5.080000000000000959, 0.000000000000000000, -3.671769155057995258E-14 ) ) ;
#1089 = CARTESIAN_POINT ( 'NONE',  ( 2.630256121069060260, 13.25999999999999979, 13.30927129397664288 ) ) ;
#1090 = DIRECTION ( 'NONE',  ( -6.505213034913023449E-15, 0.000000000000000000, 1.000000000000000000 ) ) ;
#1091 = VERTEX_POINT ( 'NONE', #2531 ) ;
#1092 = AXIS2_PLACEMENT_3D ( 'NONE', #3923, #1645, #6701 ) ;
#1093 = CARTESIAN_POINT ( 'NONE',  ( 2.630256121069053155, 0.5600000000000023848, 14.89677129645421694 ) ) ;
#1094 = CARTESIAN_POINT ( 'NONE',  ( -1.061145904957149127E-13, 1.051005472321429268, 15.35034272378683795 ) ) ;
#1095 = ORIENTED_EDGE ( 'NONE', *, *, #6664, .T. ) ;
#1096 = FACE_OUTER_BOUND ( 'NONE', #3447, .T. ) ;
#1097 = CIRCLE ( 'NONE', #8917, 0.2000000000000000944 ) ;
#1098 = FACE_OUTER_BOUND ( 'NONE', #2774, .T. ) ;
#1099 = ORIENTED_EDGE ( 'NONE', *, *, #7777, .F. ) ;
#1100 = CARTESIAN_POINT ( 'NONE',  ( 6.780000000000055316, 0.9910004003200563183, 3.241405216192314143 ) ) ;
#1101 = CARTESIAN_POINT ( 'NONE',  ( -3.580000000000041371, 0.000000000000000000, 6.099999999999975664 ) ) ;
#1102 = CIRCLE ( 'NONE', #6443, 0.2000000000000000944 ) ;
#1103 = CARTESIAN_POINT ( 'NONE',  ( 0.7499999999997856159, 6.910000000000000142, 30.70132034355965089 ) ) ;
#1104 = AXIS2_PLACEMENT_3D ( 'NONE', #4384, #3561, #2285 ) ;
#1105 = DIRECTION ( 'NONE',  ( 0.000000000000000000, -1.000000000000000000, 0.000000000000000000 ) ) ;
#1106 = EDGE_CURVE ( 'NONE', #488, #8337, #1772, .T. ) ;
#1107 = CARTESIAN_POINT ( 'NONE',  ( 7.380000000000044302, 12.94999999999999929, -6.349999999999951683 ) ) ;
#1108 = CARTESIAN_POINT ( 'NONE',  ( -2.426874995234269861, 12.76899452767857390, 8.376682009501108084 ) ) ;
#1109 = UNCERTAINTY_MEASURE_WITH_UNIT (LENGTH_MEASURE( 1.000000000000000082E-05 ), #2920, 'distance_accuracy_value', 'NONE');
#1110 = CARTESIAN_POINT ( 'NONE',  ( 3.379999999999977245, 2.000000000000000000, 3.100000000000023626 ) ) ;
#1111 = AXIS2_PLACEMENT_3D ( 'NONE', #472, #8158, #7556 ) ;
#1112 = CARTESIAN_POINT ( 'NONE',  ( -3.724999999999974776, 0.2000000000000000944, -3.550000000000027356 ) ) ;
#1113 = CARTESIAN_POINT ( 'NONE',  ( -4.490128060534646082, 2.419871939465422450, 10.19096772502559745 ) ) ;
#1114 = CARTESIAN_POINT ( 'NONE',  ( 4.142934761456285031, 2.767065238543610306, 15.23694986664400908 ) ) ;
#1115 = EDGE_CURVE ( 'NONE', #5858, #56, #4592, .T. ) ;
#1116 = VERTEX_POINT ( 'NONE', #1862 ) ;
#1117 = EDGE_LOOP ( 'NONE', ( #5196, #1290, #8211, #7333 ) ) ;
#1118 = CARTESIAN_POINT ( 'NONE',  ( 3.523501616404589143, 12.36675450466445625, 15.20972012784080007 ) ) ;
#1119 = EDGE_CURVE ( 'NONE', #5365, #7805, #7370, .T. ) ;
#1120 = FACE_OUTER_BOUND ( 'NONE', #5804, .T. ) ;
#1121 = ORIENTED_EDGE ( 'NONE', *, *, #8001, .F. ) ;
#1122 = ORIENTED_EDGE ( 'NONE', *, *, #1169, .T. ) ;
#1123 = AXIS2_PLACEMENT_3D ( 'NONE', #8639, #2579, #4599 ) ;
#1124 = CARTESIAN_POINT ( 'NONE',  ( -9.533485003890359712E-14, 0.5600000000000006084, 13.81953915111947673 ) ) ;
#1125 = FACE_OUTER_BOUND ( 'NONE', #1654, .T. ) ;
#1126 = CARTESIAN_POINT ( 'NONE',  ( 2.426874995234106436, 1.051005472321430156, 15.40703915235828347 ) ) ;
#1127 = ORIENTED_EDGE ( 'NONE', *, *, #1894, .T. ) ;
#1128 = CARTESIAN_POINT ( 'NONE',  ( -3.380000000000011440, 0.2000000000000000944, 1.799999999999976286 ) ) ;
#1129 = EDGE_LOOP ( 'NONE', ( #3953, #935, #398, #6325 ) ) ;
#1130 = DIRECTION ( 'NONE',  ( 0.000000000000000000, 1.000000000000000000, 0.000000000000000000 ) ) ;
#1131 = CARTESIAN_POINT ( 'NONE',  ( 3.725000000000022737, 0.2000000000000000111, -3.149999999999975486 ) ) ;
#1132 = AXIS2_PLACEMENT_3D ( 'NONE', #1348, #4121, #6777 ) ;
#1133 =( BOUNDED_CURVE ( )  B_SPLINE_CURVE ( 2, ( #4339, #2823, #1517, #2241, #5757 ),
 .UNSPECIFIED., .F., .F. ) 
 B_SPLINE_CURVE_WITH_KNOTS ( ( 3, 2, 3 ),
 ( 0.4825062624775744990, 0.4886363636363635909, 0.4999999999999998335 ),
 .UNSPECIFIED. ) 
 CURVE ( )  GEOMETRIC_REPRESENTATION_ITEM ( )  RATIONAL_B_SPLINE_CURVE ( ( 0.9621766860142484390, 0.9589368973955082476, 1.000000000000000000, 0.9238795325112878487, 0.9999999999999988898 ) ) 
 REPRESENTATION_ITEM ( '' )  );
#1134 = CARTESIAN_POINT ( 'NONE',  ( -2.630256121069251662, 0.5600000000000013856, 13.76284272254802943 ) ) ;
#1135 = CARTESIAN_POINT ( 'NONE',  ( 0.7989475630853526411, 2.176040061454185270, 23.56463407724429260 ) ) ;
#1136 = ORIENTED_EDGE ( 'NONE', *, *, #8982, .F. ) ;
#1137 = DIRECTION ( 'NONE',  ( 1.000000000000000000, 0.000000000000000000, 6.982962677686266711E-15 ) ) ;
#1138 = CARTESIAN_POINT ( 'NONE',  ( 5.858994527678455633, 9.336874995234211383, 16.54096772378687774 ) ) ;
#1139 = CARTESIAN_POINT ( 'NONE',  ( -6.350000000000060929, 9.540256121069159434, 9.000342722548005270 ) ) ;
#1140 = VECTOR ( 'NONE', #6582, 1000.000000000000000 ) ;
#1141 = EDGE_CURVE ( 'NONE', #130, #2873, #6903, .T. ) ;
#1142 = CYLINDRICAL_SURFACE ( 'NONE', #5669, 0.9999999999999997780 ) ;
#1143 = VERTEX_POINT ( 'NONE', #5964 ) ;
#1144 = LINE ( 'NONE', #6014, #5102 ) ;
#1145 = CARTESIAN_POINT ( 'NONE',  ( -6.350000000000083134, 6.910000000000000142, 11.89186058216843911 ) ) ;
#1146 = CARTESIAN_POINT ( 'NONE',  ( 5.858994527678508923, 4.483125004765792454, 9.170432009501165993 ) ) ;
#1147 = AXIS2_PLACEMENT_3D ( 'NONE', #5517, #8286, #5557 ) ;
#1148 = CARTESIAN_POINT ( 'NONE',  ( -6.780000000000025118, 0.9910004003203211065, 1.799999999999953193 ) ) ;
#1149 = CARTESIAN_POINT ( 'NONE',  ( -3.612616199539746997, 11.56422625609580201, 7.749999999999976907 ) ) ;
#1150 = CARTESIAN_POINT ( 'NONE',  ( 2.244749429223621640, 12.84999999999999076, 9.685348932225197771 ) ) ;
#1151 = CARTESIAN_POINT ( 'NONE',  ( -2.426874995234276078, 12.76899452767857390, 9.283824866643964668 ) ) ;
#1152 = EDGE_CURVE ( 'NONE', #2876, #2105, #652, .T. ) ;
#1153 = DIRECTION ( 'NONE',  ( 8.673617379884051249E-15, 0.000000000000000000, -1.000000000000000000 ) ) ;
#1154 = PLANE ( 'NONE',  #1092 ) ;
#1155 = CIRCLE ( 'NONE', #2596, 0.2999999999999999334 ) ;
#1156 = EDGE_CURVE ( 'NONE', #483, #8623, #2492, .T. ) ;
#1157 = DIRECTION ( 'NONE',  ( -0.8660254037844378194, 0.000000000000000000, -0.5000000000000015543 ) ) ;
#1158 = EDGE_CURVE ( 'NONE', #1515, #976, #4306, .T. ) ;
#1159 = CARTESIAN_POINT ( 'NONE',  ( -6.284197364929596686E-14, 13.26000000000000156, 8.943646296454199174 ) ) ;
#1160 = ORIENTED_EDGE ( 'NONE', *, *, #6070, .T. ) ;
#1161 = ORIENTED_EDGE ( 'NONE', *, *, #1492, .T. ) ;
#1162 = DIRECTION ( 'NONE',  ( 1.000000000000000000, -0.000000000000000000, 6.982962677686266711E-15 ) ) ;
#1163 = DIRECTION ( 'NONE',  ( -6.982962677686266711E-15, 0.000000000000000000, 1.000000000000000000 ) ) ;
#1164 = ORIENTED_EDGE ( 'NONE', *, *, #605, .F. ) ;
#1165 = ORIENTED_EDGE ( 'NONE', *, *, #8461, .T. ) ;
#1166 = COLOUR_RGB ( '',0.8509803921568627194, 0.8509803921568627194, 0.8509803921568627194 ) ;
#1167 = CARTESIAN_POINT ( 'NONE',  ( -4.490128060534664733, 2.419871939465422450, 12.79900343683373265 ) ) ;
#1168 = DIRECTION ( 'NONE',  ( -1.000000000000000000, 0.000000000000000000, -7.102804783527084762E-15 ) ) ;
#1169 = EDGE_CURVE ( 'NONE', #1947, #2814, #5747, .T. ) ;
#1170 = CARTESIAN_POINT ( 'NONE',  ( -5.858994527678658137, 6.910000000000000142, 12.40212843807251097 ) ) ;
#1171 = LINE ( 'NONE', #8297, #991 ) ;
#1172 = ORIENTED_EDGE ( 'NONE', *, *, #6842, .F. ) ;
#1173 = AXIS2_PLACEMENT_3D ( 'NONE', #5928, #2406, #7379 ) ;
#1174 = CARTESIAN_POINT ( 'NONE',  ( -8.900030532414534540E-14, 0.5600000000000006084, 12.91239629397662014 ) ) ;
#1175 = DIRECTION ( 'NONE',  ( 6.926272368013821792E-15, -0.000000000000000000, -1.000000000000000000 ) ) ;
#1176 = ORIENTED_EDGE ( 'NONE', *, *, #5828, .F. ) ;
#1177 = CARTESIAN_POINT ( 'NONE',  ( 4.490128060534508414, 11.40012806053457695, 9.737396296454230438 ) ) ;
#1178 = CARTESIAN_POINT ( 'NONE',  ( 5.079999999999999183, -10.28842712474619248, 3.547345040264623363E-14 ) ) ;
#1179 = CARTESIAN_POINT ( 'NONE',  ( -9.978004578095667361E-14, 1.051005472321429268, 14.44319986664398137 ) ) ;
#1180 = CARTESIAN_POINT ( 'NONE',  ( -6.580000000000024052, 0.2000000000000000944, 3.299999999999954525 ) ) ;
#1181 = CARTESIAN_POINT ( 'NONE',  ( 4.142934761456298354, 2.767065238543610306, 13.42266415235829768 ) ) ;
#1182 = VERTEX_POINT ( 'NONE', #5534 ) ;
#1183 = CARTESIAN_POINT ( 'NONE',  ( -1.152887138086002546E-13, 6.910000000000000142, 16.51000000000000156 ) ) ;
#1184 =( BOUNDED_CURVE ( )  B_SPLINE_CURVE ( 2, ( #1768, #1942, #2612, #6719, #5408 ),
 .UNSPECIFIED., .F., .F. ) 
 B_SPLINE_CURVE_WITH_KNOTS ( ( 3, 2, 3 ),
 ( 0.1818181818181818510, 0.1931818181818181768, 0.1993119193406073242 ),
 .UNSPECIFIED. ) 
 CURVE ( )  GEOMETRIC_REPRESENTATION_ITEM ( )  RATIONAL_B_SPLINE_CURVE ( ( 0.9999999999999997780, 0.9238795325112869605, 1.000000000000000000, 0.9589368973955083586, 0.9621766860142484390 ) ) 
 REPRESENTATION_ITEM ( '' )  );
#1185 = DIRECTION ( 'NONE',  ( 0.000000000000000000, -1.000000000000000000, -0.000000000000000000 ) ) ;
#1186 = CARTESIAN_POINT ( 'NONE',  ( -6.637508962869495192E-14, 12.76899452767857213, 9.453914152358267486 ) ) ;
#1187 = VECTOR ( 'NONE', #1916, 1000.000000000000000 ) ;
#1188 = LINE ( 'NONE', #7426, #7572 ) ;
#1189 = CYLINDRICAL_SURFACE ( 'NONE', #1507, 1.250000000000000222 ) ;
#1190 = DIRECTION ( 'NONE',  ( 6.505213034913023449E-15, 0.000000000000000000, -1.000000000000000000 ) ) ;
#1191 = CARTESIAN_POINT ( 'NONE',  ( 2.426874995234158838, 1.051005472321430156, 7.923110580929712654 ) ) ;
#1192 = UNCERTAINTY_MEASURE_WITH_UNIT (LENGTH_MEASURE( 1.000000000000000082E-05 ), #5773, 'distance_accuracy_value', 'NONE');
#1193 = CARTESIAN_POINT ( 'NONE',  ( 2.244749429223628301, 12.84999999999999076, 8.778206075082342963 ) ) ;
#1194 = COLOUR_RGB ( '',0.8509803921568627194, 0.8509803921568627194, 0.8509803921568627194 ) ;
#1195 = LINE ( 'NONE', #4741, #6882 ) ;
#1196 = CIRCLE ( 'NONE', #2205, 0.1999999999999996503 ) ;
#1197 = CARTESIAN_POINT ( 'NONE',  ( 5.858994527678497377, 4.483125004765792454, 10.75793200950116457 ) ) ;
#1198 = CARTESIAN_POINT ( 'NONE',  ( -3.380000000000012772, 2.000000000000000000, 1.999999999999976685 ) ) ;
#1199 = CARTESIAN_POINT ( 'NONE',  ( 4.490128060534514631, 11.40012806053457695, 8.830253439311373853 ) ) ;
#1200 = VERTEX_POINT ( 'NONE', #1337 ) ;
#1201 = ORIENTED_EDGE ( 'NONE', *, *, #4743, .T. ) ;
#1202 = DIRECTION ( 'NONE',  ( 6.982962677686266711E-15, 0.000000000000000000, -1.000000000000000000 ) ) ;
#1203 = VECTOR ( 'NONE', #2701, 1000.000000000000000 ) ;
#1204 = CARTESIAN_POINT ( 'NONE',  ( 4.125000000000023981, 1.940000000000001057, -3.349999999999972999 ) ) ;
#1205 = ORIENTED_EDGE ( 'NONE', *, *, #8540, .T. ) ;
#1206 = VERTEX_POINT ( 'NONE', #6890 ) ;
#1207 = CARTESIAN_POINT ( 'NONE',  ( -4.490128060534670951, 11.40012806053457695, 13.47936057969087464 ) ) ;
#1208 = CARTESIAN_POINT ( 'NONE',  ( -4.124999999999954703, 0.6400000000000000133, -6.350000000000028955 ) ) ;
#1209 = CARTESIAN_POINT ( 'NONE',  ( 5.858994527678470732, 4.483125004765792454, 14.61328915235830728 ) ) ;
#1210 = ADVANCED_FACE ( 'NONE', ( #1295 ), #5484, .T. ) ;
#1211 = CARTESIAN_POINT ( 'NONE',  ( -6.780000000000022453, 2.000000000000000000, 3.099999999999953015 ) ) ;
#1212 = ORIENTED_EDGE ( 'NONE', *, *, #5438, .T. ) ;
#1213 = CIRCLE ( 'NONE', #2786, 0.7500000000000000000 ) ;
#1214 = CARTESIAN_POINT ( 'NONE',  ( -4.124999999999974243, 2.140000000000000568, -3.550000000000030020 ) ) ;
#1215 = CARTESIAN_POINT ( 'NONE',  ( 3.579999999999976090, 2.000000000000000000, 3.300000000000025580 ) ) ;
#1216 = CARTESIAN_POINT ( 'NONE',  ( -4.490128060534689602, 2.419871939465422450, 16.42757486540516254 ) ) ;
#1217 = CARTESIAN_POINT ( 'NONE',  ( 4.490128060534521737, 11.40012806053457695, 7.809717722548080943 ) ) ;
#1218 = ORIENTED_EDGE ( 'NONE', *, *, #7204, .T. ) ;
#1219 = CYLINDRICAL_SURFACE ( 'NONE', #5794, 0.2000000000000000944 ) ;
#1220 = FACE_OUTER_BOUND ( 'NONE', #8856, .T. ) ;
#1221 = CARTESIAN_POINT ( 'NONE',  ( -2.426874995234324928, 1.051005472321430156, 16.20078915235824724 ) ) ;
#1222 = EDGE_CURVE ( 'NONE', #8488, #118, #8575, .T. ) ;
#1223 = LINE ( 'NONE', #3390, #8951 ) ;
#1224 = CARTESIAN_POINT ( 'NONE',  ( 4.142934761456282367, 11.05293476145639175, 15.46373558092972544 ) ) ;
#1225 = VERTEX_POINT ( 'NONE', #116 ) ;
#1226 = CARTESIAN_POINT ( 'NONE',  ( -6.350000000000075140, 4.279743878930862166, 8.206592722548004204 ) ) ;
#1227 = DIRECTION ( 'NONE',  ( 1.000000000000000000, 1.084202172485506327E-14, 8.673617379884051249E-15 ) ) ;
#1228 = CARTESIAN_POINT ( 'NONE',  ( -6.780000000000024230, 0.000000000000000000, 3.299999999999953193 ) ) ;
#1229 = B_SPLINE_CURVE_WITH_KNOTS ( 'NONE', 3,
 ( #4909, #2117, #3395, #4214, #5506, #8400 ),
 .UNSPECIFIED., .F., .F.,
 ( 4, 2, 4 ),
 ( 4.336808689942016292E-19, 0.002265709294126718506, 0.004531418588253436144 ),
 .UNSPECIFIED. ) ;
#1230 = VECTOR ( 'NONE', #8539, 1000.000000000000000 ) ;
#1231 = EDGE_CURVE ( 'NONE', #4899, #7257, #3702, .T. ) ;
#1232 = PLANE ( 'NONE',  #6262 ) ;
#1233 = VECTOR ( 'NONE', #8801, 1000.000000000000000 ) ;
#1234 = PLANE ( 'NONE',  #1899 ) ;
#1235 = CARTESIAN_POINT ( 'NONE',  ( -2.426874995234321819, 12.76899452767857390, 15.86061058092967713 ) ) ;
#1236 = CARTESIAN_POINT ( 'NONE',  ( 0.2434675098002214988, 0.8432032150534071180, 16.38389812026087000 ) ) ;
#1237 = CARTESIAN_POINT ( 'NONE',  ( 2.444036937190202815E-15, 6.910000000000000142, -0.3500000000000013656 ) ) ;
#1238 = DIRECTION ( 'NONE',  ( 0.000000000000000000, -1.000000000000000000, -0.000000000000000000 ) ) ;
#1239 = EDGE_CURVE ( 'NONE', #2771, #2305, #4945, .T. ) ;
#1240 = CARTESIAN_POINT ( 'NONE',  ( -4.142934761456475101, 11.05293476145639175, 12.06194986664395152 ) ) ;
#1241 = PLANE ( 'NONE',  #966 ) ;
#1242 = CARTESIAN_POINT ( 'NONE',  ( -7.078848928651620680E-14, 0.5600000000000006084, 10.30436058216848494 ) ) ;
#1243 = CARTESIAN_POINT ( 'NONE',  ( 6.349999999999853983, 9.540256121069189632, 16.03069986788281298 ) ) ;
#1244 = CARTESIAN_POINT ( 'NONE',  ( -4.124999999999955591, 1.740000000000000213, -6.150000000000029665 ) ) ;
#1245 = ORIENTED_EDGE ( 'NONE', *, *, #7246, .F. ) ;
#1246 = CARTESIAN_POINT ( 'NONE',  ( 2.630256121069073583, 0.5600000000000022737, 12.06194986540521263 ) ) ;
#1247 = CARTESIAN_POINT ( 'NONE',  ( -3.580000000000021831, 0.000000000000000000, 3.299999999999975397 ) ) ;
#1248 = EDGE_CURVE ( 'NONE', #6002, #5074, #3016, .T. ) ;
#1249 = CARTESIAN_POINT ( 'NONE',  ( -5.858994527678664355, 9.336874995234211383, 13.25257486664393980 ) ) ;
#1250 = CARTESIAN_POINT ( 'NONE',  ( -1.087957575750657298E-13, 0.5600000000000006084, 15.74721772502562800 ) ) ;
#1251 = ORIENTED_EDGE ( 'NONE', *, *, #2250, .T. ) ;
#1252 = PLANE ( 'NONE',  #1359 ) ;
#1253 = CARTESIAN_POINT ( 'NONE',  ( -2.244329616745137201, 1.361001728204197958, 7.749999999999985789 ) ) ;
#1254 = VECTOR ( 'NONE', #2829, 1000.000000000000000 ) ;
#1255 = CARTESIAN_POINT ( 'NONE',  ( -4.490128060534664733, 2.419871939465422450, 12.79900343683373265 ) ) ;
#1256 = PRESENTATION_LAYER_ASSIGNMENT (  '', '', ( #8815 ) ) ;
#1257 = CARTESIAN_POINT ( 'NONE',  ( -1.107169026320027518E-13, 12.76899452767857213, 15.80391415235826713 ) ) ;
#1258 = EDGE_LOOP ( 'NONE', ( #4316, #252, #1284, #5126, #6172 ) ) ;
#1259 = PLANE ( 'NONE',  #6950 ) ;
#1260 = EDGE_CURVE ( 'NONE', #5377, #3934, #2968, .T. ) ;
#1261 = ADVANCED_FACE ( 'NONE', ( #977 ), #7165, .T. ) ;
#1262 = CARTESIAN_POINT ( 'NONE',  ( 6.579999999999976978, 2.000000000000000000, 3.300000000000046452 ) ) ;
#1263 = CARTESIAN_POINT ( 'NONE',  ( -9.344550106619840926E-14, 1.051005472321429268, 13.53605700950112301 ) ) ;
#1264 = EDGE_CURVE ( 'NONE', #117, #2449, #8075, .T. ) ;
#1265 = DIRECTION ( 'NONE',  ( -6.982962677686266711E-15, -0.000000000000000000, 1.000000000000000000 ) ) ;
#1266 = CARTESIAN_POINT ( 'NONE',  ( -4.142934761456494641, 11.05293476145639175, 14.78337843807252305 ) ) ;
#1267 = CIRCLE ( 'NONE', #2999, 0.1999999999999996503 ) ;
#1268 = CARTESIAN_POINT ( 'NONE',  ( 6.349999999999929479, 4.279743878930868384, 13.08248557969095494 ) ) ;
#1269 = FACE_OUTER_BOUND ( 'NONE', #8606, .T. ) ;
#1270 = LINE ( 'NONE', #3397, #8028 ) ;
#1271 = CARTESIAN_POINT ( 'NONE',  ( 4.142934761456311676, 11.05293476145639175, 11.15480700950115356 ) ) ;
#1272 = VECTOR ( 'NONE', #5378, 1000.000000000000000 ) ;
#1273 = MECHANICAL_DESIGN_GEOMETRIC_PRESENTATION_REPRESENTATION (  '', ( #7669 ), #6352 ) ;
#1274 = ADVANCED_FACE ( 'NONE', ( #2194 ), #7900, .T. ) ;
#1275 = CARTESIAN_POINT ( 'NONE',  ( 4.125000000000041744, 0.6400000000000000133, -6.349999999999973888 ) ) ;
#1276 = CARTESIAN_POINT ( 'NONE',  ( -5.779999999999976268, 2.140000000000000568, -3.350000000000041833 ) ) ;
#1277 = PLANE ( 'NONE',  #8731 ) ;
#1278 = CARTESIAN_POINT ( 'NONE',  ( -5.858994527678683006, 6.910000000000000142, 16.03069986664393909 ) ) ;
#1279 = CARTESIAN_POINT ( 'NONE',  ( 2.339292497024900295E-14, 0.6400000000000000133, -3.350000000000001421 ) ) ;
#1280 = LINE ( 'NONE', #2550, #5737 ) ;
#1281 = CARTESIAN_POINT ( 'NONE',  ( 3.920515109928843334, 11.74717435173983304, 7.750000000000026645 ) ) ;
#1282 = CARTESIAN_POINT ( 'NONE',  ( -5.858994527678668796, 9.336874995234211383, 13.93293200950108357 ) ) ;
#1283 = CARTESIAN_POINT ( 'NONE',  ( -1.154678111680714312E-13, 12.76899452767857213, 16.48427129521541090 ) ) ;
#1284 = ORIENTED_EDGE ( 'NONE', *, *, #5061, .T. ) ;
#1285 = CARTESIAN_POINT ( 'NONE',  ( 3.579999999999984972, 0.2000000000000000944, 2.000000000000025313 ) ) ;
#1286 = VERTEX_POINT ( 'NONE', #1562 ) ;
#1287 = SURFACE_STYLE_FILL_AREA ( #5403 ) ;
#1288 = CIRCLE ( 'NONE', #7548, 0.1999999999999996503 ) ;
#1289 = CARTESIAN_POINT ( 'NONE',  ( 3.254855390259975976E-14, 6.560000000000000497, -4.580000000000001847 ) ) ;
#1290 = ORIENTED_EDGE ( 'NONE', *, *, #5454, .T. ) ;
#1291 = CARTESIAN_POINT ( 'NONE',  ( -4.490128060534684273, 11.40012806053457695, 15.40703915359702414 ) ) ;
#1292 = CARTESIAN_POINT ( 'NONE',  ( -6.279999999999955840, 12.94999999999999929, -6.350000000000044054 ) ) ;
#1293 = CIRCLE ( 'NONE', #5388, 1.599999999999999867 ) ;
#1294 = CARTESIAN_POINT ( 'NONE',  ( -4.490128060534658516, 2.419871939465422450, 11.89186057969087607 ) ) ;
#1295 = FACE_OUTER_BOUND ( 'NONE', #5179, .T. ) ;
#1296 = VERTEX_POINT ( 'NONE', #2914 ) ;
#1297 = CARTESIAN_POINT ( 'NONE',  ( 3.925000000000037126, 0.7228427124746195087, -5.567157287525356324 ) ) ;
#1298 = DIRECTION ( 'NONE',  ( 6.982962677686266711E-15, 0.000000000000000000, -1.000000000000000000 ) ) ;
#1299 = CARTESIAN_POINT ( 'NONE',  ( -4.142934761456483983, 2.767065238543608530, 13.42266415235823551 ) ) ;
#1300 = DIRECTION ( 'NONE',  ( -0.000000000000000000, -1.000000000000000000, -0.000000000000000000 ) ) ;
#1301 = B_SPLINE_CURVE_WITH_KNOTS ( 'NONE', 3,
 ( #3988, #2059, #5449, #8974, #7493, #6764, #1253, #4028, #8219, #743, #7765, #7161, #5080, #8346, #4240, #2236, #2871, #4942, #7019, #791, #2282, #4334, #2106, #7116, #5753, #3558 ),
 .UNSPECIFIED., .F., .F.,
 ( 4, 2, 2, 2, 2, 2, 2, 2, 2, 2, 2, 2, 4 ),
 ( 7.463747292171728687E-16, 0.0007528463639799368428, 0.001505692727959127321, 0.003011385455917509578, 0.003764231819896700706, 0.004517078183875891835, 0.006022770911834273225, 0.006775617275813465221, 0.007528463639792657217, 0.009034156367751039474, 0.009787002731730233204, 0.01053984909570942693, 0.01204554182366781266 ),
 .UNSPECIFIED. ) ;
#1302 = CARTESIAN_POINT ( 'NONE',  ( 2.426874995234107768, 1.051005472321430156, 15.18025343807256888 ) ) ;
#1303 = CIRCLE ( 'NONE', #2466, 4.000000000000000000 ) ;
#1304 = VERTEX_POINT ( 'NONE', #7071 ) ;
#1305 = CARTESIAN_POINT ( 'NONE',  ( 2.630256121069098896, 0.5600000000000023848, 8.433378436833782743 ) ) ;
#1306 = CARTESIAN_POINT ( 'NONE',  ( 4.490128060534504861, 2.419871939465424227, 10.41775343931137421 ) ) ;
#1307 = EDGE_CURVE ( 'NONE', #4855, #1206, #5022, .T. ) ;
#1308 = CARTESIAN_POINT ( 'NONE',  ( -5.779999999999975380, 11.64999999999999858, -3.550000000000042011 ) ) ;
#1309 = CARTESIAN_POINT ( 'NONE',  ( -8.711095635144015754E-14, 1.051005472321429268, 12.62891415235826642 ) ) ;
#1310 = EDGE_CURVE ( 'NONE', #2341, #8310, #7924, .T. ) ;
#1311 = DIRECTION ( 'NONE',  ( -6.982962677686266711E-15, -0.000000000000000000, 1.000000000000000000 ) ) ;
#1312 = DIRECTION ( 'NONE',  ( -6.982962677686266711E-15, 0.000000000000000000, 1.000000000000000000 ) ) ;
#1313 = DIRECTION ( 'NONE',  ( -6.982962677686266711E-15, 0.000000000000000000, 1.000000000000000000 ) ) ;
#1314 = ADVANCED_FACE ( 'NONE', ( #3886 ), #3793, .T. ) ;
#1315 = CARTESIAN_POINT ( 'NONE',  ( -4.142934761456490200, 11.05293476145639175, 14.10302129521538106 ) ) ;
#1316 = CARTESIAN_POINT ( 'NONE',  ( -2.114511364707142960, 1.156310825345855831, 16.35579831324496425 ) ) ;
#1317 = DIRECTION ( 'NONE',  ( 6.982962677686266711E-15, 0.000000000000000000, -1.000000000000000000 ) ) ;
#1318 = DIRECTION ( 'NONE',  ( -6.505213034913023449E-15, 0.000000000000000000, 1.000000000000000000 ) ) ;
#1319 = CARTESIAN_POINT ( 'NONE',  ( -2.426874995234308052, 12.76899452767857390, 13.81953915235824937 ) ) ;
#1320 = CARTESIAN_POINT ( 'NONE',  ( -6.350000000000113332, 6.910000000000000142, 16.22132486540514407 ) ) ;
#1321 = ADVANCED_FACE ( 'NONE', ( #1845 ), #7993, .T. ) ;
#1322 = CARTESIAN_POINT ( 'NONE',  ( -5.858994527678681230, 4.483125004765785349, 15.86061058092965226 ) ) ;
#1323 = ORIENTED_EDGE ( 'NONE', *, *, #3428, .F. ) ;
#1324 = ORIENTED_EDGE ( 'NONE', *, *, #2189, .F. ) ;
#1325 = CARTESIAN_POINT ( 'NONE',  ( 2.244749429223558135, 12.85000000000000142, 16.14874179184563374 ) ) ;
#1326 = CARTESIAN_POINT ( 'NONE',  ( 3.579999999999956550, 0.2000000000000000944, 6.100000000000025402 ) ) ;
#1327 = ORIENTED_EDGE ( 'NONE', *, *, #4778, .F. ) ;
#1328 = COLOUR_RGB ( '',0.8000000000000000444, 0.8000000000000000444, 0.8000000000000000444 ) ;
#1329 = EDGE_CURVE ( 'NONE', #1206, #6250, #1757, .T. ) ;
#1330 = CARTESIAN_POINT ( 'NONE',  ( -5.080000000000000959, -3.430000000000002380, -3.671769155057995258E-14 ) ) ;
#1331 = DIRECTION ( 'NONE',  ( -1.000000000000000000, 0.000000000000000000, -8.673617379884051249E-15 ) ) ;
#1332 = ORIENTED_EDGE ( 'NONE', *, *, #4872, .F. ) ;
#1333 = CARTESIAN_POINT ( 'NONE',  ( -6.350000000000108002, 6.910000000000000142, 15.52043201073986722 ) ) ;
#1334 = CARTESIAN_POINT ( 'NONE',  ( 6.579999999999988525, 0.2000000000000000944, 1.800000000000046008 ) ) ;
#1335 = AXIS2_PLACEMENT_3D ( 'NONE', #8667, #7162, #3014 ) ;
#1336 = CARTESIAN_POINT ( 'NONE',  ( 2.630256121069073139, 13.25999999999999979, 11.49498557969092616 ) ) ;
#1337 = CARTESIAN_POINT ( 'NONE',  ( -7.379999999999956373, 11.34999999999999964, -6.350000000000051159 ) ) ;
#1338 = ORIENTED_EDGE ( 'NONE', *, *, #2804, .T. ) ;
#1339 = CARTESIAN_POINT ( 'NONE',  ( 2.540000000000032898, 6.410000000000001030, -4.729999999999983551 ) ) ;
#1340 = FACE_OUTER_BOUND ( 'NONE', #3490, .T. ) ;
#1341 = CARTESIAN_POINT ( 'NONE',  ( 2.426874995234120203, 12.76899452767857390, 13.02578915235828561 ) ) ;
#1342 = CARTESIAN_POINT ( 'NONE',  ( -6.350000000000068923, 6.910000000000000142, 9.964182008262289614 ) ) ;
#1343 = CARTESIAN_POINT ( 'NONE',  ( -5.858994527678675013, 6.910000000000000142, 14.89677129521536791 ) ) ;
#1344 = ORIENTED_EDGE ( 'NONE', *, *, #1933, .T. ) ;
#1345 = ORIENTED_EDGE ( 'NONE', *, *, #1329, .T. ) ;
#1346 = CARTESIAN_POINT ( 'NONE',  ( 0.000000000000000000, 12.84999999999999964, 0.000000000000000000 ) ) ;
#1347 = CARTESIAN_POINT ( 'NONE',  ( -6.350000000000076028, 6.910000000000000142, 10.87132486540514797 ) ) ;
#1348 = CARTESIAN_POINT ( 'NONE',  ( 5.780000000000026006, 11.44999999999999929, -3.549999999999961187 ) ) ;
#1349 = CARTESIAN_POINT ( 'NONE',  ( 2.426874995234132193, 12.76899452767857390, 11.21150343807256888 ) ) ;
#1350 = ADVANCED_FACE ( 'NONE', ( #8080, #3248 ), #7266, .T. ) ;
#1351 = EDGE_LOOP ( 'NONE', ( #5830, #7225, #5565, #3517 ) ) ;
#1352 = DIRECTION ( 'NONE',  ( 0.000000000000000000, -1.000000000000000000, -0.000000000000000000 ) ) ;
#1353 = AXIS2_PLACEMENT_3D ( 'NONE', #7061, #1464, #829 ) ;
#1354 = FACE_OUTER_BOUND ( 'NONE', #407, .T. ) ;
#1355 = ORIENTED_EDGE ( 'NONE', *, *, #5706, .F. ) ;
#1356 = CARTESIAN_POINT ( 'NONE',  ( -3.523501616404772108, 12.36675450466445625, 10.84185817935330753 ) ) ;
#1357 = VERTEX_POINT ( 'NONE', #1029 ) ;
#1358 = CARTESIAN_POINT ( 'NONE',  ( 3.523501616404629999, 12.36675450466444914, 10.67400584212651715 ) ) ;
#1359 = AXIS2_PLACEMENT_3D ( 'NONE', #8141, #8769, #4677 ) ;
#1360 = EDGE_CURVE ( 'NONE', #7496, #2196, #8645, .T. ) ;
#1361 = CARTESIAN_POINT ( 'NONE',  ( -1.727643063076981678, 1.037373452078791614, 16.36068888998584470 ) ) ;
#1362 = DIRECTION ( 'NONE',  ( -1.000000000000000000, 0.000000000000000000, -7.102804783527084762E-15 ) ) ;
#1363 = CARTESIAN_POINT ( 'NONE',  ( 5.813807935868858578, 9.450952434757283527, 7.750000000000039968 ) ) ;
#1364 = AXIS2_PLACEMENT_3D ( 'NONE', #7300, #6516, #5302 ) ;
#1365 = ADVANCED_FACE ( 'NONE', ( #7442 ), #6571, .F. ) ;
#1366 = CIRCLE ( 'NONE', #2233, 0.5500000000000000444 ) ;
#1367 = CARTESIAN_POINT ( 'NONE',  ( -4.142934761456488424, 11.05293476145639175, 13.87623558092966647 ) ) ;
#1368 = CARTESIAN_POINT ( 'NONE',  ( 3.302941346545604028E-14, -4.540000000000000036, -4.730000000000000426 ) ) ;
#1369 = CARTESIAN_POINT ( 'NONE',  ( 2.630256121069103781, 0.5600000000000022737, 7.639628439311360708 ) ) ;
#1370 = ORIENTED_EDGE ( 'NONE', *, *, #641, .T. ) ;
#1371 = ORIENTED_EDGE ( 'NONE', *, *, #3794, .F. ) ;
#1372 = LINE ( 'NONE', #6928, #7303 ) ;
#1373 = CARTESIAN_POINT ( 'NONE',  ( -6.780000000000025118, 0.9910004003203211065, 1.799999999999953193 ) ) ;
#1374 = VERTEX_POINT ( 'NONE', #3109 ) ;
#1375 = AXIS2_PLACEMENT_3D ( 'NONE', #4032, #6133, #7679 ) ;
#1376 = EDGE_CURVE ( 'NONE', #2070, #3853, #4527, .T. ) ;
#1377 = FILL_AREA_STYLE_COLOUR ( '', #5049 ) ;
#1378 = VERTEX_POINT ( 'NONE', #2429 ) ;
#1379 = DIRECTION ( 'NONE',  ( 6.982962677686266711E-15, -0.000000000000000000, -1.000000000000000000 ) ) ;
#1380 = EDGE_CURVE ( 'NONE', #4588, #6569, #5177, .T. ) ;
#1381 = CARTESIAN_POINT ( 'NONE',  ( 2.630256121069092234, 0.5600000000000022737, 9.340521293976642880 ) ) ;
#1382 = CARTESIAN_POINT ( 'NONE',  ( 4.142934761456284143, 2.767065238543610306, 15.46373558092972367 ) ) ;
#1383 = ORIENTED_EDGE ( 'NONE', *, *, #3038, .T. ) ;
#1384 = CARTESIAN_POINT ( 'NONE',  ( -3.924999999999961187, 0.7228427124746187316, -5.567157287525412279 ) ) ;
#1385 = CARTESIAN_POINT ( 'NONE',  ( 4.125000000000023981, 1.740000000000000213, -3.349999999999972999 ) ) ;
#1386 = CARTESIAN_POINT ( 'NONE',  ( -4.142934761456463555, 11.05293476145639175, 10.47444986664395294 ) ) ;
#1387 = LINE ( 'NONE', #5584, #88 ) ;
#1388 = CARTESIAN_POINT ( 'NONE',  ( 5.858994527678509812, 4.483125004765792454, 8.943646295215451403 ) ) ;
#1389 = ORIENTED_EDGE ( 'NONE', *, *, #3925, .T. ) ;
#1390 = LINE ( 'NONE', #5461, #7970 ) ;
#1391 = CARTESIAN_POINT ( 'NONE',  ( -1.688480375464539215E-13, 6.909999999999999254, 24.17999999999999972 ) ) ;
#1392 = CARTESIAN_POINT ( 'NONE',  ( -5.879999999999975913, 2.240000000000000657, -3.550000000000042899 ) ) ;
#1393 = AXIS2_PLACEMENT_3D ( 'NONE', #145, #4186, #2860 ) ;
#1394 = CARTESIAN_POINT ( 'NONE',  ( 5.858994527678481390, 6.910000000000001030, 12.85569986664402187 ) ) ;
#1395 = VECTOR ( 'NONE', #6632, 1000.000000000000000 ) ;
#1396 = ORIENTED_EDGE ( 'NONE', *, *, #5595, .T. ) ;
#1397 = EDGE_CURVE ( 'NONE', #4508, #7378, #8273, .T. ) ;
#1398 = ORIENTED_EDGE ( 'NONE', *, *, #5707, .F. ) ;
#1399 = CARTESIAN_POINT ( 'NONE',  ( -2.244749429223601656, 12.84999999999999964, -9.851725008082841128 ) ) ;
#1400 = AXIS2_PLACEMENT_3D ( 'NONE', #6675, #356, #8086 ) ;
#1401 = AXIS2_PLACEMENT_3D ( 'NONE', #2209, #8493, #5002 ) ;
#1402 = CARTESIAN_POINT ( 'NONE',  ( 5.780000000000042881, 1.740000000000000213, -6.149999999999962164 ) ) ;
#1403 = EDGE_LOOP ( 'NONE', ( #6440, #2371, #2948, #4763 ) ) ;
#1405 = CARTESIAN_POINT ( 'NONE',  ( 6.349999999999933031, 6.910000000000001030, 9.510610579690952804 ) ) ;
#1404 = COLOUR_RGB ( '',0.7921568627450980005, 0.8196078431372548767, 0.9333333333333333481 ) ;
#1406 = ORIENTED_EDGE ( 'NONE', *, *, #2250, .F. ) ;
#1407 = CARTESIAN_POINT ( 'NONE',  ( 5.858994527678464515, 4.483125004765792454, 15.52043200950116386 ) ) ;
#1408 = VECTOR ( 'NONE', #6991, 1000.000000000000000 ) ;
#1409 = CIRCLE ( 'NONE', #3001, 4.799999999999999822 ) ;
#1410 = LINE ( 'NONE', #1586, #8547 ) ;
#1411 = VECTOR ( 'NONE', #3651, 1000.000000000000000 ) ;
#1412 = LINE ( 'NONE', #4181, #5569 ) ;
#1413 = DIRECTION ( 'NONE',  ( 6.505213034913037648E-15, 0.000000000000000000, -1.000000000000000000 ) ) ;
#1414 = AXIS2_PLACEMENT_3D ( 'NONE', #4059, #1897, #4674 ) ;
#1415 = CARTESIAN_POINT ( 'NONE',  ( -2.426874995234308940, 12.76899452767857390, 14.04632486664396396 ) ) ;
#1416 = CARTESIAN_POINT ( 'NONE',  ( -6.652368602847582997E-14, 1.051005472321429268, 9.680699866643982077 ) ) ;
#1417 = CARTESIAN_POINT ( 'NONE',  ( 6.630454743716729382, 0.8834894138116238249, -5.649999999999957723 ) ) ;
#1418 = CARTESIAN_POINT ( 'NONE',  ( 4.490128060534527066, 11.40012806053457695, 7.015967725025658908 ) ) ;
#1419 = EDGE_CURVE ( 'NONE', #3181, #1629, #6703, .T. ) ;
#1420 = EDGE_LOOP ( 'NONE', ( #2913, #8262, #1465, #7624 ) ) ;
#1421 = FILL_AREA_STYLE_COLOUR ( '', #1194 ) ;
#1422 = CARTESIAN_POINT ( 'NONE',  ( -5.780000000000010019, 0.6400000000000000133, -4.925044421598588175E-14 ) ) ;
#1423 = ORIENTED_EDGE ( 'NONE', *, *, #6736, .T. ) ;
#1424 = EDGE_CURVE ( 'NONE', #1815, #2188, #4578, .T. ) ;
#1425 = CIRCLE ( 'NONE', #7251, 1.599999999999999867 ) ;
#1426 = FILL_AREA_STYLE ('',( #7670 ) ) ;
#1427 = ADVANCED_FACE ( 'NONE', ( #7944 ), #6748, .F. ) ;
#1428 = CARTESIAN_POINT ( 'NONE',  ( 6.349999999999941913, 4.279743878930885259, 13.98962843683380974 ) ) ;
#1429 = EDGE_LOOP ( 'NONE', ( #6081, #6730, #8763, #5145 ) ) ;
#1430 = CARTESIAN_POINT ( 'NONE',  ( 4.490128060534470222, 11.40012806053457695, 15.18025343931137350 ) ) ;
#1431 = DIRECTION ( 'NONE',  ( 1.000000000000000000, -0.000000000000000000, 6.982962677686266711E-15 ) ) ;
#1432 = CARTESIAN_POINT ( 'NONE',  ( -4.490128060534664733, 11.40012806053457695, 12.57221772254801806 ) ) ;
#1433 = CARTESIAN_POINT ( 'NONE',  ( 2.426874995234101107, 12.76899452767857390, 15.74721772378685358 ) ) ;
#1434 = EDGE_LOOP ( 'NONE', ( #1371, #3272, #7637, #2077 ) ) ;
#1435 = EDGE_CURVE ( 'NONE', #1891, #7290, #2518, .T. ) ;
#1436 = DIRECTION ( 'NONE',  ( 1.000000000000000000, 0.000000000000000000, 6.747905296117595505E-15 ) ) ;
#1437 = CARTESIAN_POINT ( 'NONE',  ( -4.142934761456476878, 11.05293476145639175, 12.28873558092966611 ) ) ;
#1438 = FACE_OUTER_BOUND ( 'NONE', #1646, .T. ) ;
#1439 = VECTOR ( 'NONE', #504, 1000.000000000000000 ) ;
#1440 = CARTESIAN_POINT ( 'NONE',  ( 5.858994527678501818, 6.910000000000001030, 9.907485580929737523 ) ) ;
#1441 = CARTESIAN_POINT ( 'NONE',  ( 3.725000000000023626, 1.740000000000001545, -3.349999999999975220 ) ) ;
#1442 = CARTESIAN_POINT ( 'NONE',  ( -2.244749429223765080, 12.84999999999999076, 10.69658651287090123 ) ) ;
#1443 = DIRECTION ( 'NONE',  ( -6.982962677686266711E-15, 0.000000000000000000, 1.000000000000000000 ) ) ;
#1444 = CARTESIAN_POINT ( 'NONE',  ( -4.142934761456483095, 11.05293476145639175, 13.19587843807252270 ) ) ;
#1445 = ORIENTED_EDGE ( 'NONE', *, *, #2031, .F. ) ;
#1446 = B_SPLINE_CURVE_WITH_KNOTS ( 'NONE', 3,
 ( #7750, #1495, #7052, #5017, #5790, #3589 ),
 .UNSPECIFIED., .F., .F.,
 ( 4, 2, 4 ),
 ( 0.000000000000000000, 0.0001717863414411656495, 0.0003435726828823312991 ),
 .UNSPECIFIED. ) ;
#1447 = CARTESIAN_POINT ( 'NONE',  ( -5.292762561590938830, 10.42277391458264191, 16.22515497716699429 ) ) ;
#1448 = AXIS2_PLACEMENT_3D ( 'NONE', #5511, #4737, #4780 ) ;
#1449 = CARTESIAN_POINT ( 'NONE',  ( -3.579999999999976534, 0.2000000000000000944, -3.150000000000027001 ) ) ;
#1450 = VERTEX_POINT ( 'NONE', #2558 ) ;
#1451 = CARTESIAN_POINT ( 'NONE',  ( 2.161773609689661146, 12.35899026381314592, 16.50480700702354753 ) ) ;
#1452 = ORIENTED_EDGE ( 'NONE', *, *, #565, .F. ) ;
#1453 = CARTESIAN_POINT ( 'NONE',  ( -2.426874995234283627, 12.76899452767857390, 10.41775343807253407 ) ) ;
#1454 = CARTESIAN_POINT ( 'NONE',  ( 2.630256121069073583, 0.5600000000000023848, 12.06194986540521086 ) ) ;
#1455 = DIRECTION ( 'NONE',  ( -6.982962677686254089E-15, 0.000000000000000000, 1.000000000000000000 ) ) ;
#1456 = DIRECTION ( 'NONE',  ( -1.000000000000000000, 0.000000000000000000, -8.673617379884051249E-15 ) ) ;
#1457 = CARTESIAN_POINT ( 'NONE',  ( 4.142934761456302795, 2.767065238543610306, 12.74230700950115214 ) ) ;
#1458 = CARTESIAN_POINT ( 'NONE',  ( 4.125000000000022204, 0.2000000000000000944, -3.349999999999972999 ) ) ;
#1459 = FACE_OUTER_BOUND ( 'NONE', #5960, .T. ) ;
#1460 =( BOUNDED_CURVE ( )  B_SPLINE_CURVE ( 2, ( #4275, #819, #7799, #7145, #3590, #866, #187 ),
 .UNSPECIFIED., .F., .F. ) 
 B_SPLINE_CURVE_WITH_KNOTS ( ( 3, 2, 2, 3 ),
 ( 0.8461426261139382010, 0.8522727272727272929, 0.8636363636363636465, 0.8696094667428623248 ),
 .UNSPECIFIED. ) 
 CURVE ( )  GEOMETRIC_REPRESENTATION_ITEM ( )  RATIONAL_B_SPLINE_CURVE ( ( 0.9621766860142484390, 0.9589368973955085806, 1.000000000000000000, 0.9238795325112867385, 1.000000000000000000, 0.9599885647274031264, 0.9620397968395167920 ) ) 
 REPRESENTATION_ITEM ( '' )  );
#1461 = CARTESIAN_POINT ( 'NONE',  ( -5.858994527678675901, 4.483125004765785349, 14.95346772378679390 ) ) ;
#1462 = ORIENTED_EDGE ( 'NONE', *, *, #1169, .F. ) ;
#1463 = ORIENTED_EDGE ( 'NONE', *, *, #457, .T. ) ;
#1464 = DIRECTION ( 'NONE',  ( -0.000000000000000000, -1.000000000000000000, -0.000000000000000000 ) ) ;
#1465 = ORIENTED_EDGE ( 'NONE', *, *, #1424, .T. ) ;
#1466 = AXIS2_PLACEMENT_3D ( 'NONE', #3959, #1738, #4513 ) ;
#1467 = ORIENTED_EDGE ( 'NONE', *, *, #8054, .F. ) ;
#1468 = CARTESIAN_POINT ( 'NONE',  ( -6.350000000000114220, 6.910000000000000142, 16.42757486788272558 ) ) ;
#1469 = DIRECTION ( 'NONE',  ( 0.7071067811865451302, 0.000000000000000000, 0.7071067811865500152 ) ) ;
#1470 = DIRECTION ( 'NONE',  ( -6.982962677686266711E-15, 0.000000000000000000, 1.000000000000000000 ) ) ;
#1471 = CARTESIAN_POINT ( 'NONE',  ( -6.580000000000043592, 0.2000000000000000944, 6.099999999999954348 ) ) ;
#1472 = CARTESIAN_POINT ( 'NONE',  ( -5.080000000000000959, -3.430000000000002380, -3.671769155057995258E-14 ) ) ;
#1473 = ORIENTED_EDGE ( 'NONE', *, *, #2004, .F. ) ;
#1474 = DIRECTION ( 'NONE',  ( 6.982962677686266711E-15, 0.000000000000000000, -1.000000000000000000 ) ) ;
#1475 = DIRECTION ( 'NONE',  ( -5.531282780297823222E-31, -1.000000000000000000, 7.921111762451173970E-17 ) ) ;
#1476 = CARTESIAN_POINT ( 'NONE',  ( -5.858994527678638597, 6.910000000000000142, 9.680699866643939444 ) ) ;
#1477 = CIRCLE ( 'NONE', #7881, 0.3500000000000004774 ) ;
#1478 = CARTESIAN_POINT ( 'NONE',  ( -2.426874995234278742, 1.051005472321430156, 9.624003438072536554 ) ) ;
#1479 = AXIS2_PLACEMENT_3D ( 'NONE', #4040, #114, #4733 ) ;
#1480 = CARTESIAN_POINT ( 'NONE',  ( 6.780000000000063309, 0.9910004003200543199, 1.858594783807781647 ) ) ;
#1481 = CARTESIAN_POINT ( 'NONE',  ( 0.9735147416973564116, 11.61051664991363275, 24.44310495121023763 ) ) ;
#1482 = CARTESIAN_POINT ( 'NONE',  ( -1.190610579754746284E-13, 13.26000000000000156, 16.99453915111947921 ) ) ;
#1483 = CARTESIAN_POINT ( 'NONE',  ( 6.349999999999926814, 6.910000000000001030, 10.41775343683380939 ) ) ;
#1484 = ORIENTED_EDGE ( 'NONE', *, *, #2258, .F. ) ;
#1485 = CARTESIAN_POINT ( 'NONE',  ( 7.379999999999924398, 11.34999999999999964, 7.750000000000050626 ) ) ;
#1486 = AXIS2_PLACEMENT_3D ( 'NONE', #2435, #3071, #6790 ) ;
#1487 =( NAMED_UNIT ( * ) PLANE_ANGLE_UNIT ( ) SI_UNIT ( $, .RADIAN. ) );
#1488 = ORIENTED_EDGE ( 'NONE', *, *, #2481, .F. ) ;
#1489 = CARTESIAN_POINT ( 'NONE',  ( 1.799998554144408569, 12.48895736134981149, 16.50480700702355463 ) ) ;
#1490 = VERTEX_POINT ( 'NONE', #4666 ) ;
#1491 = CARTESIAN_POINT ( 'NONE',  ( 4.142934761456311676, 11.05293476145639175, 11.15480700950115356 ) ) ;
#1492 = EDGE_CURVE ( 'NONE', #1776, #8480, #3914, .T. ) ;
#1493 = LINE ( 'NONE', #2265, #566 ) ;
#1494 = CARTESIAN_POINT ( 'NONE',  ( -2.244749429223601656, 12.84999999999999964, -9.851725008082841128 ) ) ;
#1495 = CARTESIAN_POINT ( 'NONE',  ( -6.630499543081901592, 0.8835152787371497451, 6.299999999999953637 ) ) ;
#1496 = DIRECTION ( 'NONE',  ( -6.505213034913023449E-15, 0.000000000000000000, 1.000000000000000000 ) ) ;
#1497 = CARTESIAN_POINT ( 'NONE',  ( -5.858994527678626163, 6.910000000000000142, 7.866414152358225387 ) ) ;
#1498 = CIRCLE ( 'NONE', #4414, 0.1999999999999996503 ) ;
#1499 = FACE_OUTER_BOUND ( 'NONE', #7445, .T. ) ;
#1500 = CARTESIAN_POINT ( 'NONE',  ( 6.780000000000039329, 0.9910004003203225498, -5.508491474198367044 ) ) ;
#1501 = CARTESIAN_POINT ( 'NONE',  ( -9.186186488750883686E-14, 1.051005472321429268, 13.30927129521540841 ) ) ;
#1502 = ORIENTED_EDGE ( 'NONE', *, *, #6057, .F. ) ;
#1503 = EDGE_LOOP ( 'NONE', ( #1898, #5360, #5852, #1044 ) ) ;
#1504 = DIRECTION ( 'NONE',  ( -0.000000000000000000, 1.000000000000000000, 0.000000000000000000 ) ) ;
#1505 = FACE_OUTER_BOUND ( 'NONE', #8683, .T. ) ;
#1506 = VERTEX_POINT ( 'NONE', #2051 ) ;
#1507 = AXIS2_PLACEMENT_3D ( 'NONE', #1683, #4514, #3826 ) ;
#1508 = EDGE_CURVE ( 'NONE', #3897, #6298, #6307, .T. ) ;
#1509 =( BOUNDED_CURVE ( )  B_SPLINE_CURVE ( 2, ( #7302, #8613, #3102, #6518, #6663 ),
 .UNSPECIFIED., .F., .T. ) 
 B_SPLINE_CURVE_WITH_KNOTS ( ( 3, 2, 3 ),
 ( 0.5454545454545454142, 0.5568181818181817677, 0.5629482829769709706 ),
 .UNSPECIFIED. ) 
 CURVE ( )  GEOMETRIC_REPRESENTATION_ITEM ( )  RATIONAL_B_SPLINE_CURVE ( ( 1.000000000000000000, 0.9238795325112867385, 1.000000000000000000, 0.9589368973955083586, 0.9621766860142484390 ) ) 
 REPRESENTATION_ITEM ( '' )  );
#1510 = DIRECTION ( 'NONE',  ( 1.000000000000000000, 0.000000000000000000, 6.982962677686266711E-15 ) ) ;
#1511 = MANIFOLD_SOLID_BREP ( 'Body-Move/Copy1[6]', #7242 ) ;
#1512 = CARTESIAN_POINT ( 'NONE',  ( -2.630256121069248110, 13.25999999999999979, 13.53605701073989565 ) ) ;
#1513 = CARTESIAN_POINT ( 'NONE',  ( 3.925000000000037126, 0.2000000000000000666, -5.449999999999975309 ) ) ;
#1514 = DIRECTION ( 'NONE',  ( -0.000000000000000000, -1.000000000000000000, -0.000000000000000000 ) ) ;
#1515 = VERTEX_POINT ( 'NONE', #5480 ) ;
#1516 = DIRECTION ( 'NONE',  ( -1.000000000000000000, 0.000000000000000000, -7.228014483236698330E-15 ) ) ;
#1517 = CARTESIAN_POINT ( 'NONE',  ( 4.490128060534489762, 11.40012806053457695, 12.34543200826236564 ) ) ;
#1519 = ORIENTED_EDGE ( 'NONE', *, *, #3133, .F. ) ;
#1518 = AXIS2_PLACEMENT_3D ( 'NONE', #1846, #4625, #7619 ) ;
#1520 = ORIENTED_EDGE ( 'NONE', *, *, #1944, .F. ) ;
#1521 = CARTESIAN_POINT ( 'NONE',  ( -2.630256121069233455, 0.5600000000000016076, 11.15480701073989600 ) ) ;
#1522 = CARTESIAN_POINT ( 'NONE',  ( -6.350000000000100897, 6.910000000000000142, 14.49989629397657609 ) ) ;
#1523 = CARTESIAN_POINT ( 'NONE',  ( -5.858994527678638597, 4.483125004765785349, 9.737396295215367203 ) ) ;
#1524 = CARTESIAN_POINT ( 'NONE',  ( 5.858994527678508923, 9.336874995234211383, 9.057039152358310474 ) ) ;
#1525 = CARTESIAN_POINT ( 'NONE',  ( 6.280000000000043769, 11.34999999999999964, -6.149999999999959499 ) ) ;
#1526 = ORIENTED_EDGE ( 'NONE', *, *, #3315, .F. ) ;
#1527 = CARTESIAN_POINT ( 'NONE',  ( 0.7595038909410949390, 12.85000000000000497, 10.06938810076259294 ) ) ;
#1528 = CARTESIAN_POINT ( 'NONE',  ( 0.7999424179186427342, 11.64380565158707093, 23.56570917991793834 ) ) ;
#1529 = EDGE_CURVE ( 'NONE', #1304, #4245, #5536, .T. ) ;
#1530 = ADVANCED_FACE ( 'NONE', ( #2725 ), #4098, .F. ) ;
#1531 = CARTESIAN_POINT ( 'NONE',  ( -5.858994527678626163, 4.483125004765785349, 7.923110580929654034 ) ) ;
#1532 = CARTESIAN_POINT ( 'NONE',  ( 2.630256121069086017, 0.5600000000000022737, 10.24766415111949769 ) ) ;
#1533 = ORIENTED_EDGE ( 'NONE', *, *, #3820, .F. ) ;
#1534 = EDGE_CURVE ( 'NONE', #8380, #6574, #3418, .T. ) ;
#1535 = FACE_BOUND ( 'NONE', #7567, .T. ) ;
#1536 = CARTESIAN_POINT ( 'NONE',  ( 2.244749429223627413, 12.84999999999999076, 8.891598934702775736 ) ) ;
#1537 = ORIENTED_EDGE ( 'NONE', *, *, #3523, .T. ) ;
#1538 = DIRECTION ( 'NONE',  ( -8.673617379884051249E-15, 0.000000000000000000, 1.000000000000000000 ) ) ;
#1539 = ORIENTED_EDGE ( 'NONE', *, *, #3962, .F. ) ;
#1540 = CARTESIAN_POINT ( 'NONE',  ( 5.858994527678475173, 6.910000000000001030, 13.76284272378688023 ) ) ;
#1541 = EDGE_CURVE ( 'NONE', #4530, #3174, #3463, .T. ) ;
#1542 = AXIS2_PLACEMENT_3D ( 'NONE', #131, #8403, #2166 ) ;
#1543 = CARTESIAN_POINT ( 'NONE',  ( 5.779999999999937188, 2.240000000000000657, 6.300000000000039790 ) ) ;
#1544 = VECTOR ( 'NONE', #5475, 1000.000000000000000 ) ;
#1545 = DIRECTION ( 'NONE',  ( 8.673617379884030739E-15, 0.000000000000000000, -1.000000000000000000 ) ) ;
#1546 = EDGE_CURVE ( 'NONE', #1802, #2213, #1785, .T. ) ;
#1547 = CIRCLE ( 'NONE', #7953, 0.3500000000000004774 ) ;
#1548 = FACE_OUTER_BOUND ( 'NONE', #2847, .T. ) ;
#1549 = CARTESIAN_POINT ( 'NONE',  ( -5.858994527678639486, 9.336874995234211383, 9.624003438072511685 ) ) ;
#1550 = CARTESIAN_POINT ( 'NONE',  ( 5.858994527678501818, 6.910000000000001030, 9.907485580929737523 ) ) ;
#1551 = DIRECTION ( 'NONE',  ( -1.000000000000000000, -0.000000000000000000, -6.982962677686266711E-15 ) ) ;
#1552 = CARTESIAN_POINT ( 'NONE',  ( 4.142934761456317005, 2.767065238543610306, 10.70123558092972615 ) ) ;
#1553 = EDGE_LOOP ( 'NONE', ( #5751, #5023, #7451, #3159 ) ) ;
#1554 = CARTESIAN_POINT ( 'NONE',  ( 3.579999999999986304, 0.2000000000000000111, 1.800000000000024913 ) ) ;
#1555 = ORIENTED_EDGE ( 'NONE', *, *, #7311, .F. ) ;
#1556 = AXIS2_PLACEMENT_3D ( 'NONE', #1525, #756, #1572 ) ;
#1557 = LINE ( 'NONE', #787, #4611 ) ;
#1558 = CARTESIAN_POINT ( 'NONE',  ( 6.349999999999919709, 6.910000000000001030, 11.43828915359710052 ) ) ;
#1559 = DIRECTION ( 'NONE',  ( 6.982962677686266711E-15, 0.000000000000000000, -1.000000000000000000 ) ) ;
#1560 = CARTESIAN_POINT ( 'NONE',  ( -5.637437958520027159, 8.551046425689994734, 7.749999999999958256 ) ) ;
#1561 = ORIENTED_EDGE ( 'NONE', *, *, #3583, .F. ) ;
#1562 = CARTESIAN_POINT ( 'NONE',  ( -6.279999999999955840, 2.240000000000000657, -6.350000000000044054 ) ) ;
#1563 = VECTOR ( 'NONE', #4046, 1000.000000000000000 ) ;
#1564 = ORIENTED_EDGE ( 'NONE', *, *, #3929, .T. ) ;
#1565 = DIRECTION ( 'NONE',  ( -6.982962677686266711E-15, 0.000000000000000000, 1.000000000000000000 ) ) ;
#1566 = ORIENTED_EDGE ( 'NONE', *, *, #1376, .T. ) ;
#1567 = ORIENTED_EDGE ( 'NONE', *, *, #1360, .T. ) ;
#1568 = DIRECTION ( 'NONE',  ( 0.000000000000000000, -1.000000000000000000, -0.000000000000000000 ) ) ;
#1569 = CARTESIAN_POINT ( 'NONE',  ( -2.630256121069270314, 0.5600000000000013856, 16.48427129397660096 ) ) ;
#1570 = SURFACE_STYLE_USAGE ( .BOTH. , #7822 ) ;
#1571 = CARTESIAN_POINT ( 'NONE',  ( -2.426874995234282295, 12.76899452767857390, 10.19096772378682125 ) ) ;
#1572 = DIRECTION ( 'NONE',  ( 8.673617379884051249E-15, 0.000000000000000000, -1.000000000000000000 ) ) ;
#1573 = VERTEX_POINT ( 'NONE', #11 ) ;
#1574 = DIRECTION ( 'NONE',  ( 0.000000000000000000, 1.000000000000000000, 0.000000000000000000 ) ) ;
#1575 = DIRECTION ( 'NONE',  ( 6.982962677686266711E-15, 0.000000000000000000, -1.000000000000000000 ) ) ;
#1576 = CARTESIAN_POINT ( 'NONE',  ( 5.858994527678508923, 4.483125004765792454, 9.170432009501165993 ) ) ;
#1577 = CARTESIAN_POINT ( 'NONE',  ( -4.490128060534633647, 2.419871939465422450, 8.263289151119446174 ) ) ;
#1578 = AXIS2_PLACEMENT_3D ( 'NONE', #4432, #8579, #4342 ) ;
#1579 = DIRECTION ( 'NONE',  ( -0.000000000000000000, 1.000000000000000000, 0.000000000000000000 ) ) ;
#1580 = CARTESIAN_POINT ( 'NONE',  ( -4.490128060534664733, 11.40012806053457695, 12.57221772254801806 ) ) ;
#1581 = ORIENTED_EDGE ( 'NONE', *, *, #7889, .T. ) ;
#1582 = DIRECTION ( 'NONE',  ( 6.982962677686266711E-15, 0.000000000000000000, -1.000000000000000000 ) ) ;
#1583 = EDGE_CURVE ( 'NONE', #3749, #7903, #6752, .T. ) ;
#1584 = CARTESIAN_POINT ( 'NONE',  ( 5.858994527678496489, 4.483125004765792454, 10.98471772378687916 ) ) ;
#1585 = VECTOR ( 'NONE', #955, 1000.000000000000000 ) ;
#1586 = CARTESIAN_POINT ( 'NONE',  ( -4.124999999999976019, 1.940000000000000391, -3.350000000000029843 ) ) ;
#1587 = DIRECTION ( 'NONE',  ( -1.000000000000000000, 0.000000000000000000, -8.673617379884013384E-15 ) ) ;
#1588 = DIRECTION ( 'NONE',  ( -1.000000000000000000, 0.000000000000000000, -6.982962677686266711E-15 ) ) ;
#1589 = EDGE_CURVE ( 'NONE', #272, #679, #1372, .T. ) ;
#1590 = CARTESIAN_POINT ( 'NONE',  ( -4.142934761456463555, 11.05293476145639175, 10.47444986664395294 ) ) ;
#1591 = VECTOR ( 'NONE', #7047, 1000.000000000000000 ) ;
#1592 = DIRECTION ( 'NONE',  ( 6.982962677686266711E-15, 0.000000000000000000, -1.000000000000000000 ) ) ;
#1593 = DIRECTION ( 'NONE',  ( -1.084202172485501594E-14, 1.000000000000000000, -7.570943305532626053E-29 ) ) ;
#1594 = CARTESIAN_POINT ( 'NONE',  ( -5.858994527678643927, 9.336874995234211383, 10.30436058092965368 ) ) ;
#1595 = ORIENTED_EDGE ( 'NONE', *, *, #5595, .F. ) ;
#1596 = CARTESIAN_POINT ( 'NONE',  ( -5.079999999999993854, -3.430000000000002380, -1.000000000000036415 ) ) ;
#1597 = CARTESIAN_POINT ( 'NONE',  ( -3.580000000000020499, 0.2000000000000000944, 3.099999999999975220 ) ) ;
#1598 = ORIENTED_EDGE ( 'NONE', *, *, #695, .F. ) ;
#1599 = EDGE_CURVE ( 'NONE', #1947, #7210, #5566, .T. ) ;
#1600 = CARTESIAN_POINT ( 'NONE',  ( 1.507889285407790769, 12.84999999999999964, 11.77949145787237129 ) ) ;
#1601 = CARTESIAN_POINT ( 'NONE',  ( 4.490128060534485321, 2.419871939465424227, 13.13918201073994396 ) ) ;
#1602 = CYLINDRICAL_SURFACE ( 'NONE', #6919, 1.250000000000000222 ) ;
#1603 = DIRECTION ( 'NONE',  ( 6.195440985631425735E-15, 0.000000000000000000, -1.000000000000000000 ) ) ;
#1604 = CIRCLE ( 'NONE', #4808, 0.9999999999999997780 ) ;
#1605 = VERTEX_POINT ( 'NONE', #571 ) ;
#1606 = EDGE_CURVE ( 'NONE', #8889, #3560, #5122, .T. ) ;
#1607 = CARTESIAN_POINT ( 'NONE',  ( -4.490128060534633647, 2.419871939465422450, 8.263289151119446174 ) ) ;
#1608 = DIRECTION ( 'NONE',  ( 1.000000000000000000, 0.000000000000000000, 6.308085367188388861E-15 ) ) ;
#1609 = ORIENTED_EDGE ( 'NONE', *, *, #6273, .T. ) ;
#1610 = ORIENTED_EDGE ( 'NONE', *, *, #7734, .T. ) ;
#1611 = CARTESIAN_POINT ( 'NONE',  ( 3.925000000000022915, -3.281253729992883894, -3.349999999999973888 ) ) ;
#1612 = CARTESIAN_POINT ( 'NONE',  ( 6.579999999999986748, 0.2000000000000000944, 2.000000000000046185 ) ) ;
#1613 = CARTESIAN_POINT ( 'NONE',  ( -6.350000000000113332, 6.910000000000000142, 16.31418200826228926 ) ) ;
#1614 = CARTESIAN_POINT ( 'NONE',  ( 6.779999999999938964, 0.9910004003203211065, 6.100000000000048495 ) ) ;
#1615 = B_SPLINE_CURVE_WITH_KNOTS ( 'NONE', 3,
 ( #4459, #6768, #7245, #8818, #2617, #1010 ),
 .UNSPECIFIED., .F., .F.,
 ( 4, 2, 4 ),
 ( 2.168404344971008868E-18, 0.002265709294126708098, 0.004531418588253413593 ),
 .UNSPECIFIED. ) ;
#1616 = CARTESIAN_POINT ( 'NONE',  ( -4.142934761456501747, 11.05293476145639175, 15.91730700950109600 ) ) ;
#1617 = DIRECTION ( 'NONE',  ( 0.000000000000000000, -1.000000000000000000, 0.000000000000000000 ) ) ;
#1618 = EDGE_LOOP ( 'NONE', ( #5969, #352, #2810, #3033 ) ) ;
#1619 = DIRECTION ( 'NONE',  ( 6.982962677686266711E-15, 0.000000000000000000, -1.000000000000000000 ) ) ;
#1620 = CARTESIAN_POINT ( 'NONE',  ( 0.1325355423930247856, 11.70999999999999730, 25.17999999999999972 ) ) ;
#1621 = CARTESIAN_POINT ( 'NONE',  ( 6.349999999999881517, 9.540256121069157658, 16.82444986540523502 ) ) ;
#1622 = CIRCLE ( 'NONE', #2767, 0.1999999999999996503 ) ;
#1623 = CARTESIAN_POINT ( 'NONE',  ( -4.490128060534651411, 2.419871939465422450, 10.98471772254801948 ) ) ;
#1624 = ORIENTED_EDGE ( 'NONE', *, *, #4606, .T. ) ;
#1625 = ORIENTED_EDGE ( 'NONE', *, *, #329, .F. ) ;
#1626 = DIRECTION ( 'NONE',  ( -7.434529182757734548E-15, 0.000000000000000000, 1.000000000000000000 ) ) ;
#1627 = CIRCLE ( 'NONE', #7591, 0.7500000000000000000 ) ;
#1628 = SURFACE_STYLE_FILL_AREA ( #3493 ) ;
#1629 = VERTEX_POINT ( 'NONE', #527 ) ;
#1630 = FACE_OUTER_BOUND ( 'NONE', #4581, .T. ) ;
#1631 = ADVANCED_FACE ( 'NONE', ( #3291 ), #6078, .T. ) ;
#1632 = CARTESIAN_POINT ( 'NONE',  ( -8.537872377296971971E-14, 12.76899452767857213, 12.17534272378683902 ) ) ;
#1633 = VECTOR ( 'NONE', #4692, 1000.000000000000000 ) ;
#1634 = DIRECTION ( 'NONE',  ( 0.000000000000000000, 1.000000000000000000, 0.000000000000000000 ) ) ;
#1635 = FACE_OUTER_BOUND ( 'NONE', #8757, .T. ) ;
#1636 = CARTESIAN_POINT ( 'NONE',  ( 4.142934761456324999, 11.05293476145639175, 9.340521295215440389 ) ) ;
#1637 = EDGE_CURVE ( 'NONE', #5646, #1709, #920, .T. ) ;
#1638 = DIRECTION ( 'NONE',  ( -8.673617379884051249E-15, 0.000000000000000000, 1.000000000000000000 ) ) ;
#1639 = CARTESIAN_POINT ( 'NONE',  ( 5.858994527678482278, 6.910000000000001030, 12.62891415235830728 ) ) ;
#1640 = UNCERTAINTY_MEASURE_WITH_UNIT (LENGTH_MEASURE( 1.000000000000000082E-05 ), #7719, 'distance_accuracy_value', 'NONE');
#1641 = ORIENTED_EDGE ( 'NONE', *, *, #8619, .T. ) ;
#1642 = ADVANCED_FACE ( 'NONE', ( #6375 ), #149, .F. ) ;
#1643 = EDGE_CURVE ( 'NONE', #7257, #6002, #5749, .T. ) ;
#1644 = FACE_OUTER_BOUND ( 'NONE', #6478, .T. ) ;
#1645 = DIRECTION ( 'NONE',  ( 0.000000000000000000, 1.000000000000000000, 0.000000000000000000 ) ) ;
#1646 = EDGE_LOOP ( 'NONE', ( #3773, #4283, #5620, #170, #7284 ) ) ;
#1647 = EDGE_CURVE ( 'NONE', #6569, #6544, #1477, .T. ) ;
#1648 = CIRCLE ( 'NONE', #2080, 0.3499999999999998668 ) ;
#1649 = CARTESIAN_POINT ( 'NONE',  ( -4.490128060534639864, 2.419871939465422450, 9.283824867882739085 ) ) ;
#1650 = CARTESIAN_POINT ( 'NONE',  ( -4.490128060534670951, 11.40012806053457695, 13.59275343931131097 ) ) ;
#1651 = CARTESIAN_POINT ( 'NONE',  ( 5.858994527678458297, 9.336874995234211383, 16.31418200950116315 ) ) ;
#1652 = CARTESIAN_POINT ( 'NONE',  ( -6.350000000000094680, 6.910000000000000142, 13.59275343683371773 ) ) ;
#1653 = VECTOR ( 'NONE', #6803, 1000.000000000000000 ) ;
#1654 = EDGE_LOOP ( 'NONE', ( #179, #4026, #8045, #8671 ) ) ;
#1655 = CARTESIAN_POINT ( 'NONE',  ( 2.540000000000032454, 6.910000000000000142, -4.579999999999984084 ) ) ;
#1656 = ORIENTED_EDGE ( 'NONE', *, *, #5310, .T. ) ;
#1657 = ORIENTED_EDGE ( 'NONE', *, *, #2460, .F. ) ;
#1658 = ADVANCED_FACE ( 'NONE', ( #8514 ), #3005, .T. ) ;
#1659 = DIRECTION ( 'NONE',  ( -1.000000000000000000, 0.000000000000000000, -6.982962677686266711E-15 ) ) ;
#1660 = LINE ( 'NONE', #3848, #5714 ) ;
#1661 = CARTESIAN_POINT ( 'NONE',  ( 6.349999999999884182, 4.279743878930847956, 16.71105700826237950 ) ) ;
#1662 = FACE_OUTER_BOUND ( 'NONE', #2751, .T. ) ;
#1663 = CARTESIAN_POINT ( 'NONE',  ( 5.858994527678455633, 6.910000000000001030, 16.48427129521544998 ) ) ;
#1664 = CARTESIAN_POINT ( 'NONE',  ( 6.579999999999976978, 0.2000000000000000111, 3.300000000000046452 ) ) ;
#1665 = ORIENTED_EDGE ( 'NONE', *, *, #5640, .F. ) ;
#1666 = CARTESIAN_POINT ( 'NONE',  ( 6.779999999999976268, 0.9910004003203211065, 1.800000000000047562 ) ) ;
#1667 = LINE ( 'NONE', #8049, #1395 ) ;
#1668 = CARTESIAN_POINT ( 'NONE',  ( -1.143384841831783902E-13, 0.5600000000000006084, 16.54096772254805003 ) ) ;
#1669 = CARTESIAN_POINT ( 'NONE',  ( 4.490128060534502197, 11.40012806053457695, 10.53114629397665247 ) ) ;
#1670 = VERTEX_POINT ( 'NONE', #1596 ) ;
#1671 = AXIS2_PLACEMENT_3D ( 'NONE', #8328, #6497, #4223 ) ;
#1672 = CARTESIAN_POINT ( 'NONE',  ( -4.490128060534633647, 11.40012806053457695, 8.149896296454167910 ) ) ;
#1673 = CARTESIAN_POINT ( 'NONE',  ( -6.580000000000012506, 0.000000000000000000, 1.799999999999954081 ) ) ;
#1674 = ORIENTED_EDGE ( 'NONE', *, *, #6226, .T. ) ;
#1675 = DIRECTION ( 'NONE',  ( -6.505213034913023449E-15, 0.000000000000000000, 1.000000000000000000 ) ) ;
#1676 = CARTESIAN_POINT ( 'NONE',  ( -3.379999999999976801, 0.6400000000000000133, -3.150000000000024780 ) ) ;
#1677 = ORIENTED_EDGE ( 'NONE', *, *, #5064, .T. ) ;
#1678 = DIRECTION ( 'NONE',  ( 1.000000000000000000, 0.000000000000000000, 6.982962677686266711E-15 ) ) ;
#1679 = CARTESIAN_POINT ( 'NONE',  ( -2.426874995234271193, 12.76899452767857390, 8.603467723786822674 ) ) ;
#1680 = ORIENTED_EDGE ( 'NONE', *, *, #4877, .T. ) ;
#1681 = CARTESIAN_POINT ( 'NONE',  ( -4.007842712474574576, 0.6399999999999996803, -6.350000000000028066 ) ) ;
#1682 = DIRECTION ( 'NONE',  ( -1.000000000000000000, 0.000000000000000000, -6.982261990806646977E-15 ) ) ;
#1683 = CARTESIAN_POINT ( 'NONE',  ( 2.444036937190202815E-15, 6.910000000000000142, -0.3500000000000013656 ) ) ;
#1684 = CARTESIAN_POINT ( 'NONE',  ( 4.142934761456334769, 2.767065238543610306, 8.206592723786867438 ) ) ;
#1685 =( LENGTH_UNIT ( ) NAMED_UNIT ( * ) SI_UNIT ( .MILLI., .METRE. ) );
#1686 = CARTESIAN_POINT ( 'NONE',  ( 4.142934761456329440, 2.767065238543610306, 8.886949866644011209 ) ) ;
#1687 = AXIS2_PLACEMENT_3D ( 'NONE', #663, #1265, #5500 ) ;
#1688 = CIRCLE ( 'NONE', #3722, 0.1999999999999996503 ) ;
#1689 = VERTEX_POINT ( 'NONE', #3641 ) ;
#1690 = CARTESIAN_POINT ( 'NONE',  ( 4.125000000000036415, 0.2000000000000000944, -5.449999999999974420 ) ) ;
#1691 = AXIS2_PLACEMENT_3D ( 'NONE', #8560, #1592, #4415 ) ;
#1692 = CYLINDRICAL_SURFACE ( 'NONE', #1364, 0.1999999999999996503 ) ;
#1693 = ORIENTED_EDGE ( 'NONE', *, *, #2502, .F. ) ;
#1694 = CIRCLE ( 'NONE', #8102, 0.2000000000000000944 ) ;
#1695 = AXIS2_PLACEMENT_3D ( 'NONE', #7105, #8964, #871 ) ;
#1696 = EDGE_CURVE ( 'NONE', #8623, #5074, #8179, .T. ) ;
#1697 = CARTESIAN_POINT ( 'NONE',  ( -6.350000000000062705, 9.540256121069159434, 9.113735582168439819 ) ) ;
#1698 = EDGE_CURVE ( 'NONE', #7903, #2323, #7806, .T. ) ;
#1699 = CARTESIAN_POINT ( 'NONE',  ( -4.490128060534665622, 2.419871939465422450, 12.91239629645416720 ) ) ;
#1700 = CARTESIAN_POINT ( 'NONE',  ( 5.858994527678463626, 9.336874995234211383, 15.40703915235830657 ) ) ;
#1701 = LINE ( 'NONE', #2912, #5287 ) ;
#1702 = ORIENTED_EDGE ( 'NONE', *, *, #8169, .T. ) ;
#1703 = EDGE_CURVE ( 'NONE', #5927, #7088, #7759, .T. ) ;
#1704 = EDGE_LOOP ( 'NONE', ( #648, #826, #3208 ) ) ;
#1705 = CARTESIAN_POINT ( 'NONE',  ( -0.7595038909412840100, 12.84999999999999432, 15.86879734681108722 ) ) ;
#1706 = CIRCLE ( 'NONE', #1556, 0.1999999999999996503 ) ;
#1707 = FACE_OUTER_BOUND ( 'NONE', #2893, .T. ) ;
#1708 = ORIENTED_EDGE ( 'NONE', *, *, #8427, .F. ) ;
#1709 = VERTEX_POINT ( 'NONE', #736 ) ;
#1710 = CIRCLE ( 'NONE', #2850, 1.250000000000000222 ) ;
#1711 = PRESENTATION_STYLE_ASSIGNMENT (( #2434 ) ) ;
#1712 = DIRECTION ( 'NONE',  ( -6.505213034913037648E-15, 0.000000000000000000, 1.000000000000000000 ) ) ;
#1713 = CARTESIAN_POINT ( 'NONE',  ( -2.630256121069247666, 13.25999999999999979, 13.42266415111946287 ) ) ;
#1714 = EDGE_CURVE ( 'NONE', #6473, #572, #7743, .T. ) ;
#1715 = CARTESIAN_POINT ( 'NONE',  ( -4.124999999999974243, 1.740000000000000213, -3.550000000000030020 ) ) ;
#1716 = CARTESIAN_POINT ( 'NONE',  ( -2.426874995234328036, 12.76899452767857390, 16.76775343807253194 ) ) ;
#1717 = ORIENTED_EDGE ( 'NONE', *, *, #4778, .T. ) ;
#1718 = ADVANCED_FACE ( 'NONE', ( #2139 ), #2812, .F. ) ;
#1719 = DIRECTION ( 'NONE',  ( -6.982962677686266711E-15, 0.000000000000000000, 1.000000000000000000 ) ) ;
#1720 = VERTEX_POINT ( 'NONE', #3552 ) ;
#1721 = DIRECTION ( 'NONE',  ( -1.000000000000000000, 0.000000000000000000, -6.938893903907226800E-15 ) ) ;
#1722 = DIRECTION ( 'NONE',  ( 8.673617379884051249E-15, 0.000000000000000000, -1.000000000000000000 ) ) ;
#1723 = CARTESIAN_POINT ( 'NONE',  ( -9.533485003890359712E-14, 0.5600000000000006084, 13.81953915111947673 ) ) ;
#1724 = DIRECTION ( 'NONE',  ( -6.938893903907229955E-15, 0.000000000000000000, 1.000000000000000000 ) ) ;
#1725 = ORIENTED_EDGE ( 'NONE', *, *, #128, .F. ) ;
#1726 = CARTESIAN_POINT ( 'NONE',  ( 6.349999999999885958, 6.910000000000001030, 16.22132486540523644 ) ) ;
#1727 = DIRECTION ( 'NONE',  ( 6.982962677686266711E-15, 0.000000000000000000, -1.000000000000000000 ) ) ;
#1728 = VERTEX_POINT ( 'NONE', #6326 ) ;
#1729 = CARTESIAN_POINT ( 'NONE',  ( -6.350000000000062705, 6.910000000000000142, 9.057039151119434806 ) ) ;
#1730 = CIRCLE ( 'NONE', #8254, 0.1999999999999996503 ) ;
#1731 = DIRECTION ( 'NONE',  ( 6.938893903907229955E-15, 0.000000000000000000, -1.000000000000000000 ) ) ;
#1732 = ORIENTED_EDGE ( 'NONE', *, *, #2091, .F. ) ;
#1733 = FACE_OUTER_BOUND ( 'NONE', #7782, .T. ) ;
#1734 = EDGE_CURVE ( 'NONE', #2757, #1225, #5661, .T. ) ;
#1735 = DIRECTION ( 'NONE',  ( 6.982962677686266711E-15, 0.000000000000000000, -1.000000000000000000 ) ) ;
#1736 = CARTESIAN_POINT ( 'NONE',  ( -4.124999999999954703, 0.6400000000000000133, -6.350000000000028955 ) ) ;
#1737 = ADVANCED_FACE ( 'NONE', ( #7299 ), #5213, .F. ) ;
#1738 = DIRECTION ( 'NONE',  ( 1.000000000000000000, 0.000000000000000000, 6.982962677686266711E-15 ) ) ;
#1739 = CARTESIAN_POINT ( 'NONE',  ( 6.879422804227080120E-14, 6.910000000000000142, -9.851725008082825141 ) ) ;
#1740 = CIRCLE ( 'NONE', #2304, 0.1999999999999996503 ) ;
#1741 = DIRECTION ( 'NONE',  ( -1.000000000000000000, 0.000000000000000000, -7.102804783527084762E-15 ) ) ;
#1742 = FACE_OUTER_BOUND ( 'NONE', #7268, .T. ) ;
#1743 = CARTESIAN_POINT ( 'NONE',  ( -4.142934761456451120, 2.767065238543608530, 8.660164152358237999 ) ) ;
#1744 = UNCERTAINTY_MEASURE_WITH_UNIT (LENGTH_MEASURE( 1.000000000000000082E-05 ), #1685, 'distance_accuracy_value', 'NONE');
#1745 = EDGE_LOOP ( 'NONE', ( #719, #3004, #626, #5104 ) ) ;
#1746 = CARTESIAN_POINT ( 'NONE',  ( 4.125000000000041744, 0.6400000000000000133, -6.349999999999973888 ) ) ;
#1747 = EDGE_CURVE ( 'NONE', #4060, #7183, #1622, .T. ) ;
#1748 = FACE_OUTER_BOUND ( 'NONE', #157, .T. ) ;
#1749 = VERTEX_POINT ( 'NONE', #8705 ) ;
#1750 = CIRCLE ( 'NONE', #138, 1.599999999999999867 ) ;
#1751 = CARTESIAN_POINT ( 'NONE',  ( -2.244749429223761528, 12.84999999999999609, 11.71712222963419414 ) ) ;
#1752 = CARTESIAN_POINT ( 'NONE',  ( -2.630256121069233455, 0.5600000000000013856, 11.15480701073989600 ) ) ;
#1753 = DIRECTION ( 'NONE',  ( 1.000000000000000000, 0.000000000000000000, 6.982962677686266711E-15 ) ) ;
#1754 = DIRECTION ( 'NONE',  ( -1.000000000000000000, 0.000000000000000000, -6.982962677686266711E-15 ) ) ;
#1755 = EDGE_LOOP ( 'NONE', ( #2866, #4794 ) ) ;
#1756 = VERTEX_POINT ( 'NONE', #2512 ) ;
#1757 = LINE ( 'NONE', #4482, #1233 ) ;
#1758 = DIRECTION ( 'NONE',  ( 6.982962677686266711E-15, 0.000000000000000000, -1.000000000000000000 ) ) ;
#1759 = ORIENTED_EDGE ( 'NONE', *, *, #2543, .T. ) ;
#1760 = ORIENTED_EDGE ( 'NONE', *, *, #5231, .T. ) ;
#1761 = FACE_OUTER_BOUND ( 'NONE', #7203, .T. ) ;
#1762 = CARTESIAN_POINT ( 'NONE',  ( -6.350000000000088463, 6.910000000000000142, 12.68561057969086114 ) ) ;
#1763 = FACE_OUTER_BOUND ( 'NONE', #8719, .T. ) ;
#1764 = CARTESIAN_POINT ( 'NONE',  ( 4.142934761456332993, 11.05293476145639175, 8.206592723786867438 ) ) ;
#1765 = DIRECTION ( 'NONE',  ( 1.000000000000000000, 0.000000000000000000, 6.938893903907228378E-15 ) ) ;
#1766 = ORIENTED_EDGE ( 'NONE', *, *, #7894, .F. ) ;
#1767 = EDGE_LOOP ( 'NONE', ( #8079, #723, #5180, #5865 ) ) ;
#1768 = CARTESIAN_POINT ( 'NONE',  ( -6.350000000000101785, 6.910000000000000142, 14.61328915359701064 ) ) ;
#1769 = CARTESIAN_POINT ( 'NONE',  ( 3.523501616404606906, 12.36675450466445625, 12.48829155641222854 ) ) ;
#1770 =( BOUNDED_CURVE ( )  B_SPLINE_CURVE ( 2, ( #1150, #5467, #678, #3495, #1405 ),
 .UNSPECIFIED., .F., .T. ) 
 B_SPLINE_CURVE_WITH_KNOTS ( ( 3, 2, 3 ),
 ( 0.7552335352048472616, 0.7613636363636363535, 0.7727272727272725961 ),
 .UNSPECIFIED. ) 
 CURVE ( )  GEOMETRIC_REPRESENTATION_ITEM ( )  RATIONAL_B_SPLINE_CURVE ( ( 0.9621766860142484390, 0.9589368973955085806, 1.000000000000000000, 0.9238795325112875156, 0.9999999999999992228 ) ) 
 REPRESENTATION_ITEM ( '' )  );
#1771 = CARTESIAN_POINT ( 'NONE',  ( -6.350000000000100897, 9.540256121069157658, 14.44319986540514833 ) ) ;
#1772 = LINE ( 'NONE', #1904, #8068 ) ;
#1773 = ORIENTED_EDGE ( 'NONE', *, *, #6579, .F. ) ;
#1774 = CARTESIAN_POINT ( 'NONE',  ( -6.350000000000101785, 6.910000000000000142, 14.61328915359701064 ) ) ;
#1775 = CARTESIAN_POINT ( 'NONE',  ( -5.858994527678683895, 9.336874995234211383, 15.97400343807250778 ) ) ;
#1776 = VERTEX_POINT ( 'NONE', #3876 ) ;
#1777 = DIRECTION ( 'NONE',  ( 6.982962677686266711E-15, 0.000000000000000000, -1.000000000000000000 ) ) ;
#1778 = CARTESIAN_POINT ( 'NONE',  ( 6.779999999999938964, 0.9910004003203211065, 6.100000000000048495 ) ) ;
#1779 = ORIENTED_EDGE ( 'NONE', *, *, #3951, .T. ) ;
#1780 = CARTESIAN_POINT ( 'NONE',  ( 4.125000000000036415, 0.2000000000000000944, -5.449999999999974420 ) ) ;
#1781 = DIRECTION ( 'NONE',  ( 1.727380818872964658E-16, -1.000000000000000000, 1.206223578834105269E-30 ) ) ;
#1782 = B_SPLINE_CURVE_WITH_KNOTS ( 'NONE', 3,
 ( #7693, #1447, #5551, #3402, #5465, #633, #5593, #4914, #2792, #4175 ),
 .UNSPECIFIED., .F., .F.,
 ( 4, 2, 2, 2, 4 ),
 ( 6.605630197227461848E-17, 0.001011271610504503723, 0.002022543221008941093, 0.003033814831513378680, 0.004045086442017816267 ),
 .UNSPECIFIED. ) ;
#1783 = AXIS2_PLACEMENT_3D ( 'NONE', #8655, #2414, #5210 ) ;
#1784 = CARTESIAN_POINT ( 'NONE',  ( 6.349999999999895728, 6.910000000000001030, 14.95346772254809409 ) ) ;
#1785 = CIRCLE ( 'NONE', #8030, 4.500000000000010658 ) ;
#1786 = DIRECTION ( 'NONE',  ( 6.982962677686266711E-15, 0.000000000000000000, -1.000000000000000000 ) ) ;
#1787 = EDGE_CURVE ( 'NONE', #3814, #3551, #5257, .T. ) ;
#1788 = LINE ( 'NONE', #3918, #3337 ) ;
#1789 = DIRECTION ( 'NONE',  ( 1.000000000000000000, 0.000000000000000000, 5.782411586589358033E-15 ) ) ;
#1790 = EDGE_CURVE ( 'NONE', #8800, #6298, #1730, .T. ) ;
#1791 = AXIS2_PLACEMENT_3D ( 'NONE', #4871, #3407, #3363 ) ;
#1792 = CARTESIAN_POINT ( 'NONE',  ( -6.018914131371757825E-14, 1.051005472321429268, 8.773557009501125492 ) ) ;
#1793 = CARTESIAN_POINT ( 'NONE',  ( -2.244749429223752202, 12.84999999999999076, 8.882300798585188062 ) ) ;
#1794 = VECTOR ( 'NONE', #2853, 1000.000000000000000 ) ;
#1795 = CARTESIAN_POINT ( 'NONE',  ( 2.630256121069048270, 0.5600000000000023848, 15.69052129397664075 ) ) ;
#1796 = CARTESIAN_POINT ( 'NONE',  ( -6.350000000000068923, 4.279743878930841738, 10.13427129645415370 ) ) ;
#1797 = CARTESIAN_POINT ( 'NONE',  ( 4.142934761456278814, 2.767065238543610306, 16.14409272378686566 ) ) ;
#1798 = ORIENTED_EDGE ( 'NONE', *, *, #6906, .T. ) ;
#1799 = DIRECTION ( 'NONE',  ( 6.982962677686266711E-15, 0.000000000000000000, -1.000000000000000000 ) ) ;
#1800 = ADVANCED_FACE ( 'NONE', ( #5939 ), #2463, .F. ) ;
#1801 = CARTESIAN_POINT ( 'NONE',  ( 5.780000000000044658, 2.240000000000000657, -6.349999999999962341 ) ) ;
#1802 = VERTEX_POINT ( 'NONE', #7890 ) ;
#1803 = ORIENTED_EDGE ( 'NONE', *, *, #2172, .T. ) ;
#1804 = CARTESIAN_POINT ( 'NONE',  ( 2.630256121069061148, 0.5600000000000022737, 13.87623557969092580 ) ) ;
#1805 = LINE ( 'NONE', #2339, #5771 ) ;
#1806 = CARTESIAN_POINT ( 'NONE',  ( -2.426874995234269861, 12.76899452767857390, 8.376682009501108084 ) ) ;
#1807 = EDGE_CURVE ( 'NONE', #4716, #7600, #294, .T. ) ;
#1808 = CARTESIAN_POINT ( 'NONE',  ( 0.7595038909411017114, 12.85000000000000675, 9.162245243619734580 ) ) ;
#1809 = ORIENTED_EDGE ( 'NONE', *, *, #6064, .F. ) ;
#1810 = VERTEX_POINT ( 'NONE', #1837 ) ;
#1811 = CARTESIAN_POINT ( 'NONE',  ( -2.630256121069245889, 0.5600000000000016076, 12.96909272502561272 ) ) ;
#1812 = CARTESIAN_POINT ( 'NONE',  ( -2.630256121069213915, 0.5600000000000016076, 8.433378439311322694 ) ) ;
#1813 = CARTESIAN_POINT ( 'NONE',  ( 2.630256121069047826, 13.25999999999999979, 15.12355700826235250 ) ) ;
#1814 = DIRECTION ( 'NONE',  ( 6.982962677686266711E-15, 0.000000000000000000, -1.000000000000000000 ) ) ;
#1815 = VERTEX_POINT ( 'NONE', #4613 ) ;
#1816 = AXIS2_PLACEMENT_3D ( 'NONE', #7431, #5390, #8793 ) ;
#1817 = CARTESIAN_POINT ( 'NONE',  ( -4.490128060534678056, 2.419871939465422450, 14.72668201073988037 ) ) ;
#1818 = CARTESIAN_POINT ( 'NONE',  ( -5.858994527678683006, 6.910000000000000142, 16.03069986664393909 ) ) ;
#1819 = CARTESIAN_POINT ( 'NONE',  ( -3.380000000000020766, 2.000000000000000000, 3.099999999999976996 ) ) ;
#1820 = VECTOR ( 'NONE', #3235, 1000.000000000000000 ) ;
#1821 = FILL_AREA_STYLE ('',( #3227 ) ) ;
#1822 = ORIENTED_EDGE ( 'NONE', *, *, #5318, .F. ) ;
#1823 = LINE ( 'NONE', #465, #107 ) ;
#1824 =( BOUNDED_CURVE ( )  B_SPLINE_CURVE ( 2, ( #5765, #8484, #752, #165, #2294, #4250, #7029, #800, #2879 ),
 .UNSPECIFIED., .F., .F. ) 
 B_SPLINE_CURVE_WITH_KNOTS ( ( 3, 2, 2, 2, 3 ),
 ( 0.6818181818181816567, 0.6931818181818181213, 0.7045454545454545858, 0.7159090909090909394, 0.7272727272727272929 ),
 .UNSPECIFIED. ) 
 CURVE ( )  GEOMETRIC_REPRESENTATION_ITEM ( )  RATIONAL_B_SPLINE_CURVE ( ( 1.000000000000000666, 0.9238795325112859613, 1.000000000000000000, 0.9238795325112867385, 1.000000000000000000, 0.9238795325112867385, 1.000000000000000000, 0.9238795325112867385, 1.000000000000000000 ) ) 
 REPRESENTATION_ITEM ( '' )  );
#1825 = ADVANCED_FACE ( 'NONE', ( #7389 ), #6700, .T. ) ;
#1826 = LINE ( 'NONE', #8829, #5203 ) ;
#1827 = CARTESIAN_POINT ( 'NONE',  ( -5.858994527678632380, 6.910000000000000142, 8.773557009501082860 ) ) ;
#1828 = ADVANCED_FACE ( 'NONE', ( #1644 ), #3055, .T. ) ;
#1829 = DIRECTION ( 'NONE',  ( -6.982962677686266711E-15, 0.000000000000000000, 1.000000000000000000 ) ) ;
#1830 = AXIS2_PLACEMENT_3D ( 'NONE', #3127, #7964, #1724 ) ;
#1831 = EDGE_CURVE ( 'NONE', #3897, #2141, #3738, .T. ) ;
#1832 = FACE_OUTER_BOUND ( 'NONE', #8214, .T. ) ;
#1833 = CARTESIAN_POINT ( 'NONE',  ( -3.924999999999961631, 0.8400000000000000799, -5.450000000000031264 ) ) ;
#1834 = EDGE_CURVE ( 'NONE', #6629, #3187, #462, .T. ) ;
#1835 = CARTESIAN_POINT ( 'NONE',  ( 5.858994527678516029, 4.483125004765792454, 8.036503438072594818 ) ) ;
#1836 = EDGE_CURVE ( 'NONE', #4402, #6205, #2097, .T. ) ;
#1837 = CARTESIAN_POINT ( 'NONE',  ( -4.124999999999974243, 0.000000000000000000, -3.550000000000030020 ) ) ;
#1838 = FACE_OUTER_BOUND ( 'NONE', #7768, .T. ) ;
#1839 = AXIS2_PLACEMENT_3D ( 'NONE', #2306, #4403, #808 ) ;
#1840 = CIRCLE ( 'NONE', #6916, 0.9999999999999997780 ) ;
#1841 = DIRECTION ( 'NONE',  ( -6.982962677686265922E-15, 0.000000000000000000, 1.000000000000000000 ) ) ;
#1842 = CARTESIAN_POINT ( 'NONE',  ( -6.350000000000063594, 4.279743878930841738, 9.227128439311295338 ) ) ;
#1843 = ORIENTED_EDGE ( 'NONE', *, *, #1141, .T. ) ;
#1844 = ORIENTED_EDGE ( 'NONE', *, *, #1307, .F. ) ;
#1845 = FACE_OUTER_BOUND ( 'NONE', #456, .T. ) ;
#1846 = CARTESIAN_POINT ( 'NONE',  ( 5.780000000000043769, 1.740000000000000213, -6.149999999999963052 ) ) ;
#1847 = ORIENTED_EDGE ( 'NONE', *, *, #8608, .F. ) ;
#1848 = ORIENTED_EDGE ( 'NONE', *, *, #5652, .F. ) ;
#1849 = CARTESIAN_POINT ( 'NONE',  ( 6.349999999999910827, 4.279743878930847956, 13.08248557969095316 ) ) ;
#1850 = CIRCLE ( 'NONE', #1393, 0.1999999999999996503 ) ;
#1851 = DIRECTION ( 'NONE',  ( -1.000000000000000000, 0.000000000000000000, -6.982962677686266711E-15 ) ) ;
#1852 = CARTESIAN_POINT ( 'NONE',  ( 4.142934761456286807, 11.05293476145639175, 14.78337843807258167 ) ) ;
#1853 = DIRECTION ( 'NONE',  ( -6.982962677686266711E-15, -0.000000000000000000, 1.000000000000000000 ) ) ;
#1854 = ORIENTED_EDGE ( 'NONE', *, *, #8130, .T. ) ;
#1855 = B_SPLINE_CURVE_WITH_KNOTS ( 'NONE', 3,
 ( #2671, #907, #3674, #4407, #4917, #7697 ),
 .UNSPECIFIED., .F., .F.,
 ( 4, 2, 4 ),
 ( 8.673617379884029694E-19, 0.002265709294126708098, 0.004531418588253415328 ),
 .UNSPECIFIED. ) ;
#1856 = CARTESIAN_POINT ( 'NONE',  ( 2.630256121069066033, 0.5600000000000023848, 13.08248558216850377 ) ) ;
#1857 = CARTESIAN_POINT ( 'NONE',  ( -2.244749429223750425, 12.85000000000000142, 11.60372937001375782 ) ) ;
#1858 = CIRCLE ( 'NONE', #1132, 0.2000000000000000944 ) ;
#1859 = AXIS2_PLACEMENT_3D ( 'NONE', #6392, #1475, #4995 ) ;
#1860 = CARTESIAN_POINT ( 'NONE',  ( 6.349999999999910827, 4.279743878930847956, 13.08248557969095316 ) ) ;
#1861 = COLOUR_RGB ( '',0.8509803921568627194, 0.8509803921568627194, 0.8509803921568627194 ) ;
#1862 = CARTESIAN_POINT ( 'NONE',  ( 6.580000000000040039, 0.2000000000000000944, -5.649999999999956835 ) ) ;
#1863 = VERTEX_POINT ( 'NONE', #4784 ) ;
#1864 = CYLINDRICAL_SURFACE ( 'NONE', #8137, 0.9999999999999997780 ) ;
#1865 = CARTESIAN_POINT ( 'NONE',  ( 4.142934761456286807, 11.05293476145639175, 14.78337843807258167 ) ) ;
#1866 = DIRECTION ( 'NONE',  ( 0.000000000000000000, 1.000000000000000000, 0.000000000000000000 ) ) ;
#1867 = AXIS2_PLACEMENT_3D ( 'NONE', #7224, #6534, #2342 ) ;
#1868 = CARTESIAN_POINT ( 'NONE',  ( 4.142934761456278814, 2.767065238543610306, 16.14409272378686566 ) ) ;
#1869 = ORIENTED_EDGE ( 'NONE', *, *, #6661, .T. ) ;
#1870 = CARTESIAN_POINT ( 'NONE',  ( -5.080000000000000959, -3.730000000000000426, -3.671769155057995258E-14 ) ) ;
#1871 = DIRECTION ( 'NONE',  ( 0.000000000000000000, -1.000000000000000000, -0.000000000000000000 ) ) ;
#1872 = CARTESIAN_POINT ( 'NONE',  ( 2.426874995234151289, 12.76899452767857390, 8.490074866643999130 ) ) ;
#1873 = AXIS2_PLACEMENT_3D ( 'NONE', #4409, #3947, #5414 ) ;
#1874 = LINE ( 'NONE', #2506, #14 ) ;
#1875 = CARTESIAN_POINT ( 'NONE',  ( -2.883689149830011900, 12.09170479838447854, 7.749999999999984901 ) ) ;
#1876 = CARTESIAN_POINT ( 'NONE',  ( 3.379999999999956373, 2.000000000000000000, 6.100000000000023626 ) ) ;
#1877 = EDGE_CURVE ( 'NONE', #135, #7301, #3966, .T. ) ;
#1878 = CARTESIAN_POINT ( 'NONE',  ( -2.426874995234278742, 1.051005472321430156, 9.624003438072536554 ) ) ;
#1879 = CARTESIAN_POINT ( 'NONE',  ( 1.418888711938424141, 1.021502899975946788, 16.39793609606385161 ) ) ;
#1880 = CARTESIAN_POINT ( 'NONE',  ( 0.7430714330482023344, 12.84999999999999432, 14.92581049108670577 ) ) ;
#1881 = EDGE_CURVE ( 'NONE', #7483, #7210, #5503, .T. ) ;
#1882 = VECTOR ( 'NONE', #478, 1000.000000000000000 ) ;
#1883 = CARTESIAN_POINT ( 'NONE',  ( -2.426874995234288512, 12.76899452767857390, 11.09811058092967961 ) ) ;
#1884 = DIRECTION ( 'NONE',  ( 1.000000000000000000, 0.000000000000000000, 6.982962677686266711E-15 ) ) ;
#1885 = CARTESIAN_POINT ( 'NONE',  ( 2.630256121069097563, 0.5600000000000022737, 8.546771296454219069 ) ) ;
#1886 = EDGE_CURVE ( 'NONE', #6644, #1728, #7517, .T. ) ;
#1887 = ORIENTED_EDGE ( 'NONE', *, *, #8840, .T. ) ;
#1888 = DIRECTION ( 'NONE',  ( -6.982962677686266711E-15, 0.000000000000000000, 1.000000000000000000 ) ) ;
#1889 = DIRECTION ( 'NONE',  ( -1.000000000000000000, 0.000000000000000000, -6.747905296117593928E-15 ) ) ;
#1890 = ORIENTED_EDGE ( 'NONE', *, *, #4876, .F. ) ;
#1891 = VERTEX_POINT ( 'NONE', #6831 ) ;
#1892 = CIRCLE ( 'NONE', #861, 0.3499999999999998668 ) ;
#1893 = CARTESIAN_POINT ( 'NONE',  ( -2.630256121069245001, 0.5600000000000013856, 12.85569986540517640 ) ) ;
#1894 = EDGE_CURVE ( 'NONE', #1932, #4238, #6662, .T. ) ;
#1895 = DIRECTION ( 'NONE',  ( -8.673617379884051249E-15, 0.000000000000000000, 1.000000000000000000 ) ) ;
#1896 = CARTESIAN_POINT ( 'NONE',  ( 2.426874995234131749, 1.051005472321430156, 11.77846772378685714 ) ) ;
#1897 = DIRECTION ( 'NONE',  ( -1.000000000000000000, 0.000000000000000000, -6.982962677686266711E-15 ) ) ;
#1898 = ORIENTED_EDGE ( 'NONE', *, *, #865, .T. ) ;
#1900 = DIRECTION ( 'NONE',  ( -6.982962677686269077E-15, 0.000000000000000000, 1.000000000000000000 ) ) ;
#1899 = AXIS2_PLACEMENT_3D ( 'NONE', #4081, #5554, #8201 ) ;
#1901 = DIRECTION ( 'NONE',  ( -8.673617379884030739E-15, 0.000000000000000000, 1.000000000000000000 ) ) ;
#1902 = EDGE_CURVE ( 'NONE', #8281, #6035, #2713, .T. ) ;
#1903 = CARTESIAN_POINT ( 'NONE',  ( 4.490128060534474663, 2.419871939465424227, 14.84007486540522258 ) ) ;
#1904 = CARTESIAN_POINT ( 'NONE',  ( -3.724999999999976108, 1.740000000000000213, -3.350000000000027622 ) ) ;
#1905 = ORIENTED_EDGE ( 'NONE', *, *, #4765, .F. ) ;
#1906 = CARTESIAN_POINT ( 'NONE',  ( -3.924999999999956302, 0.8400000000000000799, -6.150000000000028777 ) ) ;
#1907 = DIRECTION ( 'NONE',  ( 0.000000000000000000, -1.000000000000000000, -0.000000000000000000 ) ) ;
#1908 = CARTESIAN_POINT ( 'NONE',  ( 5.858994527678464515, 4.483125004765792454, 15.52043200950116564 ) ) ;
#1909 = CARTESIAN_POINT ( 'NONE',  ( 6.879422804227080120E-14, 6.910000000000000142, -9.851725008082825141 ) ) ;
#1910 = CARTESIAN_POINT ( 'NONE',  ( 2.426874995234114429, 1.051005472321430156, 14.27311058092971230 ) ) ;
#1911 = ORIENTED_EDGE ( 'NONE', *, *, #4727, .F. ) ;
#1912 = FACE_OUTER_BOUND ( 'NONE', #7458, .T. ) ;
#1913 = FACE_OUTER_BOUND ( 'NONE', #63, .T. ) ;
#1914 = FACE_OUTER_BOUND ( 'NONE', #7314, .T. ) ;
#1915 = CIRCLE ( 'NONE', #1466, 0.2000000000000000944 ) ;
#1916 = DIRECTION ( 'NONE',  ( 6.982962677686266711E-15, 0.000000000000000000, -1.000000000000000000 ) ) ;
#1917 = CARTESIAN_POINT ( 'NONE',  ( -2.143861741147670973E-13, 6.910000000000000142, 30.70132034355964379 ) ) ;
#1918 = CARTESIAN_POINT ( 'NONE',  ( 6.080000000000043592, 2.240000000000004210, -6.149999999999960387 ) ) ;
#1919 = EDGE_CURVE ( 'NONE', #4097, #7183, #1410, .T. ) ;
#1920 = PRODUCT_CONTEXT ( 'NONE', #5115, 'mechanical' ) ;
#1921 = CARTESIAN_POINT ( 'NONE',  ( -4.142934761456502635, 2.767065238543608530, 16.14409272378680882 ) ) ;
#1922 = ADVANCED_FACE ( 'NONE', ( #8327, #6280 ), #5065, .T. ) ;
#1923 = CARTESIAN_POINT ( 'NONE',  ( -3.691939522376757044, 1.982323376514139479, 16.33443790883525892 ) ) ;
#1924 = COLOUR_RGB ( '',0.8509803921568627194, 0.8509803921568627194, 0.8509803921568627194 ) ;
#1925 = CARTESIAN_POINT ( 'NONE',  ( 3.579999999999984972, 0.6399999999999999023, 2.000000000000025313 ) ) ;
#1926 = FACE_OUTER_BOUND ( 'NONE', #6373, .T. ) ;
#1927 = CARTESIAN_POINT ( 'NONE',  ( -8.552732017275059776E-14, 1.051005472321429268, 12.40212843807255183 ) ) ;
#1928 = DIRECTION ( 'NONE',  ( -6.982962677686266711E-15, 0.000000000000000000, 1.000000000000000000 ) ) ;
#1929 = CARTESIAN_POINT ( 'NONE',  ( -4.490128060534633647, 11.40012806053457695, 8.149896296454167910 ) ) ;
#1930 = EDGE_CURVE ( 'NONE', #4418, #4285, #1425, .T. ) ;
#1931 = EDGE_CURVE ( 'NONE', #1932, #3749, #6965, .T. ) ;
#1932 = VERTEX_POINT ( 'NONE', #7836 ) ;
#1933 = EDGE_CURVE ( 'NONE', #1506, #6356, #1493, .T. ) ;
#1934 = CARTESIAN_POINT ( 'NONE',  ( 7.380000000000044302, 11.34999999999999964, -6.349999999999951683 ) ) ;
#1935 = EDGE_LOOP ( 'NONE', ( #2334, #4189, #2963, #2862 ) ) ;
#1936 = ORIENTED_EDGE ( 'NONE', *, *, #5489, .T. ) ;
#1937 = CARTESIAN_POINT ( 'NONE',  ( 4.490128060534489762, 11.40012806053457695, 12.34543200826236564 ) ) ;
#1938 = SURFACE_SIDE_STYLE ('',( #1287 ) ) ;
#1939 = CARTESIAN_POINT ( 'NONE',  ( -4.142934761456490200, 11.05293476145639175, 14.10302129521538106 ) ) ;
#1940 = CARTESIAN_POINT ( 'NONE',  ( 6.349999999999894840, 6.910000000000001030, 15.06686058216853041 ) ) ;
#1941 = ORIENTED_EDGE ( 'NONE', *, *, #457, .F. ) ;
#1942 = CARTESIAN_POINT ( 'NONE',  ( -6.350000000000096456, 9.540256121069162987, 14.55659272502558110 ) ) ;
#1943 = CARTESIAN_POINT ( 'NONE',  ( -3.580000000000012950, 0.2000000000000000944, 1.999999999999974909 ) ) ;
#1944 = EDGE_CURVE ( 'NONE', #7483, #2276, #2003, .T. ) ;
#1945 = CARTESIAN_POINT ( 'NONE',  ( -2.630256121069238784, 0.5600000000000013856, 11.94855700826231626 ) ) ;
#1946 = CARTESIAN_POINT ( 'NONE',  ( -4.142934761456496418, 2.767065238543608530, 15.23694986664395046 ) ) ;
#1947 = VERTEX_POINT ( 'NONE', #185 ) ;
#1948 = CARTESIAN_POINT ( 'NONE',  ( -3.523501616404760561, 12.36675450466444914, 8.007036748304305007 ) ) ;
#1949 = FACE_OUTER_BOUND ( 'NONE', #735, .T. ) ;
#1950 = CARTESIAN_POINT ( 'NONE',  ( 4.142934761456280590, 11.05293476145639175, 15.69052129521543826 ) ) ;
#1951 = CARTESIAN_POINT ( 'NONE',  ( -5.858994527678681230, 9.336874995234211383, 15.74721772378679496 ) ) ;
#1952 = ORIENTED_EDGE ( 'NONE', *, *, #2990, .F. ) ;
#1953 = DIRECTION ( 'NONE',  ( 1.000000000000000000, 0.000000000000000000, 6.982962677686266711E-15 ) ) ;
#1954 = CARTESIAN_POINT ( 'NONE',  ( -7.078848928651620680E-14, 0.5600000000000006084, 10.30436058216848494 ) ) ;
#1955 = CARTESIAN_POINT ( 'NONE',  ( 2.540000000000032454, 6.910000000000000142, -4.579999999999984084 ) ) ;
#1956 = CARTESIAN_POINT ( 'NONE',  ( -0.3499999999999764966, 6.910000000000000142, -3.350000000000004086 ) ) ;
#1957 = DIRECTION ( 'NONE',  ( -8.673617379884051249E-15, 0.000000000000000000, 1.000000000000000000 ) ) ;
#1958 = COLOUR_RGB ( '',1.000000000000000000, 1.000000000000000000, 1.000000000000000000 ) ;
#1959 = FACE_OUTER_BOUND ( 'NONE', #3262, .T. ) ;
#1960 = CARTESIAN_POINT ( 'NONE',  ( 5.858994527678455633, 6.910000000000001030, 16.48427129521544998 ) ) ;
#1961 = AXIS2_PLACEMENT_3D ( 'NONE', #6573, #3933, #2519 ) ;
#1962 = DIRECTION ( 'NONE',  ( 6.982962677686266711E-15, 0.000000000000000000, -1.000000000000000000 ) ) ;
#1963 = LINE ( 'NONE', #4135, #940 ) ;
#1964 = CARTESIAN_POINT ( 'NONE',  ( -3.924999999999976286, 0.8400000000000000799, -3.350000000000028955 ) ) ;
#1965 = B_SPLINE_CURVE_WITH_KNOTS ( 'NONE', 3,
 ( #513, #8782, #190, #7841, #5290, #2946 ),
 .UNSPECIFIED., .F., .F.,
 ( 4, 2, 4 ),
 ( 8.673617379884032583E-19, 0.002265709294126707664, 0.004531418588253414460 ),
 .UNSPECIFIED. ) ;
#1966 = CARTESIAN_POINT ( 'NONE',  ( 5.858994527678482278, 6.910000000000001030, 12.62891415235830728 ) ) ;
#1967 = DIRECTION ( 'NONE',  ( 0.000000000000000000, -1.000000000000000000, 0.000000000000000000 ) ) ;
#1968 = CARTESIAN_POINT ( 'NONE',  ( -4.142934761456494641, 11.05293476145639175, 14.78337843807252305 ) ) ;
#1969 =( NAMED_UNIT ( * ) PLANE_ANGLE_UNIT ( ) SI_UNIT ( $, .RADIAN. ) );
#1970 = CARTESIAN_POINT ( 'NONE',  ( 6.349999999999933031, 6.910000000000001030, 9.510610579690952804 ) ) ;
#1971 = EDGE_LOOP ( 'NONE', ( #8516, #5568 ) ) ;
#1972 =( NAMED_UNIT ( * ) SI_UNIT ( $, .STERADIAN. ) SOLID_ANGLE_UNIT ( ) );
#1973 = ADVANCED_FACE ( 'NONE', ( #7702 ), #728, .T. ) ;
#1974 = CARTESIAN_POINT ( 'NONE',  ( 4.490128060534466670, 2.419871939465424227, 15.86061058216851549 ) ) ;
#1975 = ORIENTED_EDGE ( 'NONE', *, *, #3951, .F. ) ;
#1976 = EDGE_CURVE ( 'NONE', #3688, #980, #6174, .T. ) ;
#1977 = DIRECTION ( 'NONE',  ( -6.982962677686266711E-15, 0.000000000000000000, 1.000000000000000000 ) ) ;
#1978 = CYLINDRICAL_SURFACE ( 'NONE', #8098, 0.2000000000000000944 ) ;
#1979 = AXIS2_PLACEMENT_3D ( 'NONE', #1180, #370, #2498 ) ;
#1980 = EDGE_CURVE ( 'NONE', #1670, #781, #3318, .T. ) ;
#1981 = CARTESIAN_POINT ( 'NONE',  ( 2.630256121069073583, 0.5600000000000022737, 12.06194986540521263 ) ) ;
#1982 = AXIS2_PLACEMENT_3D ( 'NONE', #8664, #298, #3010 ) ;
#1983 = CARTESIAN_POINT ( 'NONE',  ( 5.858994527678470732, 4.483125004765792454, 14.61328915235830728 ) ) ;
#1984 = ORIENTED_EDGE ( 'NONE', *, *, #5111, .F. ) ;
#1985 = LINE ( 'NONE', #6810, #8983 ) ;
#1986 = CARTESIAN_POINT ( 'NONE',  ( 0.7499999999998566702, 6.910000000000000142, 20.51000000000000867 ) ) ;
#1987 = CARTESIAN_POINT ( 'NONE',  ( -7.270963434345321627E-14, 12.76899452767857213, 10.36105700950112585 ) ) ;
#1988 = AXIS2_PLACEMENT_3D ( 'NONE', #2651, #4107, #2613 ) ;
#1989 = CARTESIAN_POINT ( 'NONE',  ( 6.080000000000025828, 11.34999999999999964, -3.549999999999958966 ) ) ;
#1990 = EDGE_CURVE ( 'NONE', #56, #5858, #4635, .T. ) ;
#1991 = CARTESIAN_POINT ( 'NONE',  ( -2.426874995234316934, 1.051005472321430156, 15.06686058092967784 ) ) ;
#1992 = AXIS2_PLACEMENT_3D ( 'NONE', #3622, #5819, #172 ) ;
#1993 = CARTESIAN_POINT ( 'NONE',  ( 2.244749429223615422, 12.84999999999999076, 10.59249178936805436 ) ) ;
#1994 = CARTESIAN_POINT ( 'NONE',  ( -7.379999999999953708, 1.740000000000000213, -6.350000000000051159 ) ) ;
#1995 = CARTESIAN_POINT ( 'NONE',  ( 2.426874995234119314, 1.051005472321430156, 13.59275343807256853 ) ) ;
#1996 = AXIS2_PLACEMENT_3D ( 'NONE', #550, #6776, #4689 ) ;
#1997 = AXIS2_PLACEMENT_3D ( 'NONE', #7499, #8305, #4850 ) ;
#1998 = CARTESIAN_POINT ( 'NONE',  ( 3.379999999999975913, 0.6399999999999999023, 3.300000000000023803 ) ) ;
#1999 = ADVANCED_FACE ( 'NONE', ( #6363 ), #815, .T. ) ;
#2000 = CYLINDRICAL_SURFACE ( 'NONE', #7625, 0.1999999999999996503 ) ;
#2001 = CARTESIAN_POINT ( 'NONE',  ( 6.349999999999960565, 4.279743878930885259, 11.26819986540523644 ) ) ;
#2002 = CARTESIAN_POINT ( 'NONE',  ( 2.426874995234112653, 1.051005472321430156, 14.49989629521542689 ) ) ;
#2003 = CIRCLE ( 'NONE', #3901, 0.1500000000000060174 ) ;
#2004 = EDGE_CURVE ( 'NONE', #7059, #1891, #4968, .T. ) ;
#2005 = CARTESIAN_POINT ( 'NONE',  ( 3.523501616404642878, 12.36675450466444914, 8.746327268220367657 ) ) ;
#2006 = DIRECTION ( 'NONE',  ( 6.982962677686266711E-15, 0.000000000000000000, -1.000000000000000000 ) ) ;
#2007 = FACE_OUTER_BOUND ( 'NONE', #4545, .T. ) ;
#2008 = CARTESIAN_POINT ( 'NONE',  ( 2.426874995234127308, 1.051005472321430156, 12.45882486664399735 ) ) ;
#2009 = CARTESIAN_POINT ( 'NONE',  ( 4.490128060534477328, 11.40012806053457695, 14.15971772254808059 ) ) ;
#2010 = CARTESIAN_POINT ( 'NONE',  ( -5.858994527678675901, 9.336874995234211383, 14.84007486664393838 ) ) ;
#2011 = DIRECTION ( 'NONE',  ( -0.000000000000000000, -1.000000000000000000, 0.000000000000000000 ) ) ;
#2012 = CARTESIAN_POINT ( 'NONE',  ( -6.366212646511232589E-14, 0.5600000000000006084, 9.283824865405193805 ) ) ;
#2013 = ORIENTED_EDGE ( 'NONE', *, *, #2639, .F. ) ;
#2014 = FACE_OUTER_BOUND ( 'NONE', #7119, .T. ) ;
#2015 = ORIENTED_EDGE ( 'NONE', *, *, #6183, .T. ) ;
#2016 = CARTESIAN_POINT ( 'NONE',  ( -3.380000000000011440, 2.000000000000000000, 1.799999999999976286 ) ) ;
#2017 = DIRECTION ( 'NONE',  ( -6.505213034913023449E-15, 0.000000000000000000, 1.000000000000000000 ) ) ;
#2018 = AXIS2_PLACEMENT_3D ( 'NONE', #2355, #6641, #4506 ) ;
#2019 = CARTESIAN_POINT ( 'NONE',  ( -6.350000000000088463, 9.540256121069157658, 12.62891415111943338 ) ) ;
#2020 = CARTESIAN_POINT ( 'NONE',  ( -9.804781320248623578E-14, 12.76899452767857213, 13.98962843807255219 ) ) ;
#2021 = ORIENTED_EDGE ( 'NONE', *, *, #6555, .T. ) ;
#2022 = CARTESIAN_POINT ( 'NONE',  ( -4.124999999999960032, 0.2000000000000000944, -5.650000000000031442 ) ) ;
#2023 = CARTESIAN_POINT ( 'NONE',  ( 6.080000000000043592, 11.34999999999999964, -6.149999999999960387 ) ) ;
#2024 = CARTESIAN_POINT ( 'NONE',  ( -5.858994527678657249, 4.483125004765785349, 12.45882486664393873 ) ) ;
#2025 = FACE_OUTER_BOUND ( 'NONE', #7646, .T. ) ;
#2026 = CARTESIAN_POINT ( 'NONE',  ( -8.552732017275059776E-14, 1.051005472321429268, 12.40212843807255183 ) ) ;
#2027 = AXIS2_PLACEMENT_3D ( 'NONE', #2169, #5645, #1538 ) ;
#2028 = EDGE_LOOP ( 'NONE', ( #2727, #1488, #1905, #6387 ) ) ;
#2029 = CARTESIAN_POINT ( 'NONE',  ( 4.490128060534486210, 2.419871939465424227, 13.02578915111950941 ) ) ;
#2030 = CARTESIAN_POINT ( 'NONE',  ( 6.678080050283138114, 0.9150151654791497391, 1.981592836248040834 ) ) ;
#2031 = EDGE_CURVE ( 'NONE', #7121, #7213, #694, .T. ) ;
#2032 = CARTESIAN_POINT ( 'NONE',  ( -4.142934761456470660, 11.05293476145639175, 11.38159272378680953 ) ) ;
#2033 = DIRECTION ( 'NONE',  ( 1.000000000000000000, 0.000000000000000000, 6.938893903907228378E-15 ) ) ;
#2034 = PLANE ( 'NONE',  #2537 ) ;
#2035 = VERTEX_POINT ( 'NONE', #5740 ) ;
#2036 = CARTESIAN_POINT ( 'NONE',  ( -7.633121589462885458E-14, 0.5600000000000006084, 11.09811057969090697 ) ) ;
#2037 = VERTEX_POINT ( 'NONE', #8506 ) ;
#2038 = AXIS2_PLACEMENT_3D ( 'NONE', #8554, #1634, #1545 ) ;
#2039 = CARTESIAN_POINT ( 'NONE',  ( -1.124491352104731897E-13, 1.051005472321429268, 16.25748558092969631 ) ) ;
#2040 =( BOUNDED_CURVE ( )  B_SPLINE_CURVE ( 2, ( #4617, #5352, #2009, #3926, #6705 ),
 .UNSPECIFIED., .F., .T. ) 
 B_SPLINE_CURVE_WITH_KNOTS ( ( 3, 2, 3 ),
 ( 0.3006880806593926758, 0.3068181818181817677, 0.3181818181818179547 ),
 .UNSPECIFIED. ) 
 CURVE ( )  GEOMETRIC_REPRESENTATION_ITEM ( )  RATIONAL_B_SPLINE_CURVE ( ( 0.9621766860142484390, 0.9589368973955082476, 1.000000000000000000, 0.9238795325112881818, 0.9999999999999985567 ) ) 
 REPRESENTATION_ITEM ( '' )  );
#2041 = CARTESIAN_POINT ( 'NONE',  ( 5.708739618225982859, 5.328439543737115258, 16.47525163718161423 ) ) ;
#2042 = CARTESIAN_POINT ( 'NONE',  ( -1.432205645193453466E-13, 6.910000000000000142, 20.51000000000000156 ) ) ;
#2043 = FACE_OUTER_BOUND ( 'NONE', #7080, .T. ) ;
#2044 = EDGE_CURVE ( 'NONE', #2557, #4978, #3677, .T. ) ;
#2045 = EDGE_CURVE ( 'NONE', #6390, #7356, #6125, .T. ) ;
#2046 = CARTESIAN_POINT ( 'NONE',  ( 5.858994527678490272, 4.483125004765792454, 11.66507486664402293 ) ) ;
#2047 = CARTESIAN_POINT ( 'NONE',  ( -1.688480375464539215E-13, 1.375000000000000666, 24.17999999999999972 ) ) ;
#2048 = CARTESIAN_POINT ( 'NONE',  ( 5.858994527678458297, 9.336874995234211383, 16.31418200950116315 ) ) ;
#2049 = ORIENTED_EDGE ( 'NONE', *, *, #1931, .F. ) ;
#2050 = ORIENTED_EDGE ( 'NONE', *, *, #1894, .F. ) ;
#2051 = CARTESIAN_POINT ( 'NONE',  ( 6.080000000000025828, 2.240000000000004210, -3.549999999999958966 ) ) ;
#2052 = CARTESIAN_POINT ( 'NONE',  ( 2.630256121069092234, 0.5600000000000023848, 9.340521293976642880 ) ) ;
#2053 = ORIENTED_EDGE ( 'NONE', *, *, #5127, .F. ) ;
#2054 = AXIS2_PLACEMENT_3D ( 'NONE', #6886, #4893, #8299 ) ;
#2055 = SURFACE_STYLE_USAGE ( .BOTH. , #1938 ) ;
#2056 = CARTESIAN_POINT ( 'NONE',  ( 6.349999999999887734, 6.910000000000001030, 15.97400343931138700 ) ) ;
#2057 = ORIENTED_EDGE ( 'NONE', *, *, #6183, .F. ) ;
#2058 = DIRECTION ( 'NONE',  ( -6.982962677686254089E-15, 0.000000000000000000, 1.000000000000000000 ) ) ;
#2059 = CARTESIAN_POINT ( 'NONE',  ( -4.066125498311887299, 2.669875229379203407, 7.749999999999974243 ) ) ;
#2060 = EDGE_CURVE ( 'NONE', #4530, #8317, #2396, .T. ) ;
#2061 = AXIS2_PLACEMENT_3D ( 'NONE', #5125, #7941, #200 ) ;
#2062 = CARTESIAN_POINT ( 'NONE',  ( 6.349999999999933031, 6.910000000000001030, 9.510610579690952804 ) ) ;
#2063 = CARTESIAN_POINT ( 'NONE',  ( 5.858994527678458297, 4.483125004765792454, 16.42757486664402222 ) ) ;
#2064 = EDGE_LOOP ( 'NONE', ( #5797, #1708, #6626, #3380 ) ) ;
#2065 = CARTESIAN_POINT ( 'NONE',  ( 6.579999999999976978, 0.2000000000000000944, 3.300000000000046452 ) ) ;
#2066 = FACE_OUTER_BOUND ( 'NONE', #876, .T. ) ;
#2067 = CARTESIAN_POINT ( 'NONE',  ( 4.142934761456300130, 11.05293476145639175, 12.96909272378686673 ) ) ;
#2068 = CARTESIAN_POINT ( 'NONE',  ( -3.379999999999999005, 0.6400000000000000133, -2.360241385057957391E-14 ) ) ;
#2069 = CARTESIAN_POINT ( 'NONE',  ( -4.142934761456457338, 2.767065238543608530, 9.567307009501094583 ) ) ;
#2070 = VERTEX_POINT ( 'NONE', #2575 ) ;
#2071 = VECTOR ( 'NONE', #4923, 1000.000000000000000 ) ;
#2072 = ORIENTED_EDGE ( 'NONE', *, *, #4961, .F. ) ;
#2073 = CARTESIAN_POINT ( 'NONE',  ( -6.350000000000057376, 6.910000000000000142, 8.149896293976576445 ) ) ;
#2074 = DIRECTION ( 'NONE',  ( -0.000000000000000000, 1.000000000000000000, 0.000000000000000000 ) ) ;
#2075 = DIRECTION ( 'NONE',  ( -1.000000000000000000, 0.000000000000000000, -6.982962677686266711E-15 ) ) ;
#2076 = CARTESIAN_POINT ( 'NONE',  ( -2.426874995234305832, 1.051005472321430156, 13.47936058092968103 ) ) ;
#2077 = ORIENTED_EDGE ( 'NONE', *, *, #6502, .F. ) ;
#2078 = ORIENTED_EDGE ( 'NONE', *, *, #1248, .T. ) ;
#2079 = DIRECTION ( 'NONE',  ( -1.000000000000000000, 0.000000000000000000, -6.982962677686266711E-15 ) ) ;
#2080 = AXIS2_PLACEMENT_3D ( 'NONE', #4234, #5025, #105 ) ;
#2081 = CARTESIAN_POINT ( 'NONE',  ( 3.579999999999976090, 0.2000000000000000111, 3.300000000000025580 ) ) ;
#2082 = EDGE_CURVE ( 'NONE', #2279, #796, #1615, .T. ) ;
#2083 = ORIENTED_EDGE ( 'NONE', *, *, #6318, .T. ) ;
#2084 = CARTESIAN_POINT ( 'NONE',  ( -2.244749429223745096, 12.85000000000000142, 10.80997937249133578 ) ) ;
#2085 = ORIENTED_EDGE ( 'NONE', *, *, #290, .F. ) ;
#2086 = B_SPLINE_CURVE_WITH_KNOTS ( 'NONE', 3,
 ( #2741, #7542, #5539, #5417, #7585, #4162 ),
 .UNSPECIFIED., .F., .F.,
 ( 4, 2, 4 ),
 ( 9.271038071981236612E-18, 0.002265709294126728047, 0.004531418588253447420 ),
 .UNSPECIFIED. ) ;
#2087 = ADVANCED_FACE ( 'NONE', ( #7191 ), #3993, .T. ) ;
#2088 = CARTESIAN_POINT ( 'NONE',  ( 2.244749429223614978, 12.84999999999999076, 10.70588464898848891 ) ) ;
#2089 = CIRCLE ( 'NONE', #3107, 0.3499999999999998668 ) ;
#2090 = CARTESIAN_POINT ( 'NONE',  ( -5.779999999999955840, 2.240000000000000657, -6.350000000000037836 ) ) ;
#2091 = EDGE_CURVE ( 'NONE', #8972, #4669, #6089, .T. ) ;
#2092 = CARTESIAN_POINT ( 'NONE',  ( 3.714232062769360798, 11.89473927499880368, 7.750000000000022204 ) ) ;
#2093 = VECTOR ( 'NONE', #2708, 1000.000000000000000 ) ;
#2094 = CARTESIAN_POINT ( 'NONE',  ( -5.858994527678669684, 6.910000000000000142, 14.21641415235822592 ) ) ;
#2095 = CARTESIAN_POINT ( 'NONE',  ( -2.426874995234282295, 12.76899452767857390, 10.19096772378682125 ) ) ;
#2096 = CARTESIAN_POINT ( 'NONE',  ( -6.079999999999956550, 2.240000000000000657, -6.150000000000043876 ) ) ;
#2097 =( BOUNDED_CURVE ( )  B_SPLINE_CURVE ( 2, ( #1193, #2005, #3325, #3283, #6115 ),
 .UNSPECIFIED., .F., .F. ) 
 B_SPLINE_CURVE_WITH_KNOTS ( ( 3, 2, 3 ),
 ( 0.8461426261139382010, 0.8522727272727272929, 0.8636363636363635354 ),
 .UNSPECIFIED. ) 
 CURVE ( )  GEOMETRIC_REPRESENTATION_ITEM ( )  RATIONAL_B_SPLINE_CURVE ( ( 0.9621766860142484390, 0.9589368973955085806, 1.000000000000000000, 0.9238795325112875156, 0.9999999999999992228 ) ) 
 REPRESENTATION_ITEM ( '' )  );
#2098 = EDGE_CURVE ( 'NONE', #3119, #2915, #543, .T. ) ;
#2099 = CARTESIAN_POINT ( 'NONE',  ( -1.108654990317836299E-13, 1.051005472321429268, 16.03069986664398172 ) ) ;
#2100 = DIRECTION ( 'NONE',  ( 6.982962677686266711E-15, 0.000000000000000000, -1.000000000000000000 ) ) ;
#2101 = SPHERICAL_SURFACE ( 'NONE', #6741, 0.2000000000000000111 ) ;
#2102 = ORIENTED_EDGE ( 'NONE', *, *, #2207, .T. ) ;
#2103 = PLANE ( 'NONE',  #7454 ) ;
#2104 = CARTESIAN_POINT ( 'NONE',  ( -3.580000000000011617, 0.000000000000000000, 1.799999999999974953 ) ) ;
#2105 = VERTEX_POINT ( 'NONE', #8146 ) ;
#2106 = CARTESIAN_POINT ( 'NONE',  ( 4.844811906604758356, 2.906695142198906012, 7.750000000000055955 ) ) ;
#2107 = CARTESIAN_POINT ( 'NONE',  ( -2.630256121069228570, 13.25999999999999979, 10.70123557969088601 ) ) ;
#2108 = CARTESIAN_POINT ( 'NONE',  ( -2.426874995234312049, 1.051005472321430156, 14.38650343807253584 ) ) ;
#2109 = EDGE_LOOP ( 'NONE', ( #7400, #8033, #4444, #2985 ) ) ;
#2110 = DIRECTION ( 'NONE',  ( -1.000000000000000000, 0.000000000000000000, -7.228014483236677820E-15 ) ) ;
#2111 = CARTESIAN_POINT ( 'NONE',  ( -6.580000000000045368, 0.8543593539448880447, 6.299999999999953637 ) ) ;
#2112 = CARTESIAN_POINT ( 'NONE',  ( 5.858994527678501818, 4.483125004765792454, 10.07757486664402435 ) ) ;
#2113 = CARTESIAN_POINT ( 'NONE',  ( -0.7500000000001890710, 6.910000000000000142, 27.07999999999999119 ) ) ;
#2114 = CARTESIAN_POINT ( 'NONE',  ( -4.142934761456475101, 11.05293476145639175, 12.06194986664395152 ) ) ;
#2115 = CARTESIAN_POINT ( 'NONE',  ( -1.501160829118059148, 12.85000000000000320, 15.48123591770973562 ) ) ;
#2116 = AXIS2_PLACEMENT_3D ( 'NONE', #1909, #3185, #6546 ) ;
#2117 = CARTESIAN_POINT ( 'NONE',  ( -1.507889285407952862, 12.84999999999999964, 11.43726541827272847 ) ) ;
#2118 = CARTESIAN_POINT ( 'NONE',  ( 2.244749429223573234, 12.84999999999999964, 13.42731322041706221 ) ) ;
#2119 = CARTESIAN_POINT ( 'NONE',  ( -5.858994527678657249, 9.336874995234211383, 12.34543200950108499 ) ) ;
#2120 = VECTOR ( 'NONE', #1753, 1000.000000000000000 ) ;
#2121 = ORIENTED_EDGE ( 'NONE', *, *, #2004, .T. ) ;
#2122 = LINE ( 'NONE', #8991, #3064 ) ;
#2123 = CIRCLE ( 'NONE', #822, 0.5500000000000000444 ) ;
#2124 = CARTESIAN_POINT ( 'NONE',  ( -5.780000000000010019, 0.6400000000000000133, -4.925044421598588175E-14 ) ) ;
#2125 = ORIENTED_EDGE ( 'NONE', *, *, #36, .T. ) ;
#2126 = ORIENTED_EDGE ( 'NONE', *, *, #5050, .F. ) ;
#2127 = CARTESIAN_POINT ( 'NONE',  ( -9.344550106619840926E-14, 1.051005472321429268, 13.53605700950112301 ) ) ;
#2128 = VECTOR ( 'NONE', #3182, 1000.000000000000000 ) ;
#2129 = CARTESIAN_POINT ( 'NONE',  ( 6.349999999999914380, 6.910000000000001030, 12.23203915111952256 ) ) ;
#2130 = CLOSED_SHELL ( 'NONE', ( #3152, #3233, #6009, #2500, #1642, #6925 ) ) ;
#2131 = CARTESIAN_POINT ( 'NONE',  ( 6.879422804227080120E-14, 6.910000000000000142, -9.851725008082825141 ) ) ;
#2132 = DIRECTION ( 'NONE',  ( 6.982962677686266711E-15, 0.000000000000000000, -1.000000000000000000 ) ) ;
#2133 = CARTESIAN_POINT ( 'NONE',  ( 2.426874995234120203, 12.76899452767857390, 13.02578915235828561 ) ) ;
#2134 = CARTESIAN_POINT ( 'NONE',  ( 6.779999999999957616, 0.2000000000000000944, 6.100000000000048495 ) ) ;
#2135 = CARTESIAN_POINT ( 'NONE',  ( 0.1735200609119363635, 12.84999999999999432, 16.44507958312829743 ) ) ;
#2136 = CARTESIAN_POINT ( 'NONE',  ( 4.142934761456278814, 2.767065238543610306, 16.14409272378686566 ) ) ;
#2137 = ORIENTED_EDGE ( 'NONE', *, *, #1049, .F. ) ;
#2138 = ORIENTED_EDGE ( 'NONE', *, *, #461, .T. ) ;
#2139 = FACE_OUTER_BOUND ( 'NONE', #8035, .T. ) ;
#2140 = PLANE ( 'NONE',  #2793 ) ;
#2141 = VERTEX_POINT ( 'NONE', #3307 ) ;
#2142 = VECTOR ( 'NONE', #5601, 1000.000000000000000 ) ;
#2143 = CARTESIAN_POINT ( 'NONE',  ( 6.879422804227080120E-14, 6.910000000000000142, -9.851725008082825141 ) ) ;
#2144 = ADVANCED_FACE ( 'NONE', ( #959 ), #1219, .T. ) ;
#2145 = EDGE_LOOP ( 'NONE', ( #1324, #6527 ) ) ;
#2146 = CARTESIAN_POINT ( 'NONE',  ( -4.490128060534684273, 2.419871939465422450, 15.63382486788273873 ) ) ;
#2147 = DIRECTION ( 'NONE',  ( 1.000000000000000000, -0.000000000000000000, 6.982962677686266711E-15 ) ) ;
#2148 = DIRECTION ( 'NONE',  ( 1.000000000000000000, 0.000000000000000000, 6.982962677686266711E-15 ) ) ;
#2149 = CARTESIAN_POINT ( 'NONE',  ( -6.205015554265035029E-14, 13.26000000000000156, 8.830253436833764624 ) ) ;
#2150 = ORIENTED_EDGE ( 'NONE', *, *, #1881, .T. ) ;
#2151 = CARTESIAN_POINT ( 'NONE',  ( -3.924999999999961631, 0.8400000000000000799, -5.450000000000031264 ) ) ;
#2152 = CARTESIAN_POINT ( 'NONE',  ( -5.080000000000000959, -10.28842712474619248, -3.671769155057995258E-14 ) ) ;
#2153 = CARTESIAN_POINT ( 'NONE',  ( 2.426874995234125976, 12.76899452767857390, 12.11864629521542724 ) ) ;
#2154 = DIRECTION ( 'NONE',  ( 0.000000000000000000, 1.000000000000000000, 0.000000000000000000 ) ) ;
#2155 = VECTOR ( 'NONE', #8481, 1000.000000000000000 ) ;
#2156 = CARTESIAN_POINT ( 'NONE',  ( -5.858994527678655473, 4.483125004765785349, 12.23203915235822592 ) ) ;
#2157 = AXIS2_PLACEMENT_3D ( 'NONE', #5076, #4330, #783 ) ;
#2158 = EDGE_CURVE ( 'NONE', #7568, #4338, #6456, .T. ) ;
#2159 = EDGE_CURVE ( 'NONE', #6489, #8407, #5108, .T. ) ;
#2160 = LINE ( 'NONE', #1441, #3161 ) ;
#2161 = CARTESIAN_POINT ( 'NONE',  ( 6.579999999999986748, 0.8543593539449064744, 2.000000000000046185 ) ) ;
#2162 = PRESENTATION_STYLE_ASSIGNMENT (( #2835 ) ) ;
#2163 = CARTESIAN_POINT ( 'NONE',  ( 5.858994527678476949, 4.483125004765792454, 13.70614629521545069 ) ) ;
#2164 = CARTESIAN_POINT ( 'NONE',  ( 6.349999999999941913, 4.279743878930847956, 8.546771293976664907 ) ) ;
#2165 = ORIENTED_EDGE ( 'NONE', *, *, #5234, .F. ) ;
#2166 = DIRECTION ( 'NONE',  ( -6.505213034913030548E-15, 0.000000000000000000, 1.000000000000000000 ) ) ;
#2167 =( GEOMETRIC_REPRESENTATION_CONTEXT ( 3 ) GLOBAL_UNCERTAINTY_ASSIGNED_CONTEXT ( ( #6114 ) ) GLOBAL_UNIT_ASSIGNED_CONTEXT ( ( #1004, #8740, #5246 ) ) REPRESENTATION_CONTEXT ( 'NONE', 'WORKASPACE' ) );
#2168 = VERTEX_POINT ( 'NONE', #8863 ) ;
#2169 = CARTESIAN_POINT ( 'NONE',  ( -6.780000000000042881, 0.2000000000000000944, 6.099999999999952571 ) ) ;
#2170 = EDGE_LOOP ( 'NONE', ( #8139, #7263, #3212, #1473 ) ) ;
#2171 = CARTESIAN_POINT ( 'NONE',  ( 2.426874995234131749, 1.051005472321430156, 11.77846772378685536 ) ) ;
#2172 = EDGE_CURVE ( 'NONE', #6644, #3202, #6221, .T. ) ;
#2173 = CARTESIAN_POINT ( 'NONE',  ( 6.879422804227080120E-14, 6.910000000000000142, -9.851725008082825141 ) ) ;
#2174 = DIRECTION ( 'NONE',  ( -0.000000000000000000, -1.000000000000000000, -0.000000000000000000 ) ) ;
#2175 = CARTESIAN_POINT ( 'NONE',  ( 2.444036937190202815E-15, 6.910000000000000142, -0.3500000000000013656 ) ) ;
#2176 = B_SPLINE_CURVE_WITH_KNOTS ( 'NONE', 3,
 ( #3693, #837, #2426, #3605, #6472, #5174, #1560, #8616, #2378, #251, #4479, #5900, #6568, #5803, #5221, #8572, #4426, #7991, #7068, #5711 ),
 .UNSPECIFIED., .F., .F.,
 ( 4, 2, 2, 2, 2, 2, 2, 2, 2, 4 ),
 ( 7.477448022529503803E-16, 0.001158570211345715277, 0.002317140422690682888, 0.003475710634035650282, 0.004634280845380618109, 0.005792851056725585937, 0.006372136162398069417, 0.006951421268070552897, 0.008109991479415523327, 0.009268561690760490288 ),
 .UNSPECIFIED. ) ;
#2177 = CARTESIAN_POINT ( 'NONE',  ( -4.818794943879267656, 11.07146117718999889, 16.21080824871424753 ) ) ;
#2178 = CARTESIAN_POINT ( 'NONE',  ( -2.426874995234271193, 12.76899452767857390, 8.603467723786822674 ) ) ;
#2179 = CARTESIAN_POINT ( 'NONE',  ( -6.018914131371757825E-14, 1.051005472321429268, 8.773557009501125492 ) ) ;
#2180 = DIRECTION ( 'NONE',  ( 6.982962677686266711E-15, 0.000000000000000000, -1.000000000000000000 ) ) ;
#2181 = CARTESIAN_POINT ( 'NONE',  ( 2.426874995234114873, 12.76899452767857390, 13.70614629521542582 ) ) ;
#2182 = EDGE_LOOP ( 'NONE', ( #3885, #7083, #4100 ) ) ;
#2183 = ORIENTED_EDGE ( 'NONE', *, *, #7386, .F. ) ;
#2184 = DIRECTION ( 'NONE',  ( -7.921111762451229436E-17, -1.000000000000000000, 7.921111762451118503E-17 ) ) ;
#2185 = DIRECTION ( 'NONE',  ( 0.000000000000000000, 1.000000000000000000, 0.000000000000000000 ) ) ;
#2186 = EDGE_LOOP ( 'NONE', ( #2645, #6911, #3058 ) ) ;
#2187 = ADVANCED_FACE ( 'NONE', ( #7498 ), #1259, .T. ) ;
#2188 = VERTEX_POINT ( 'NONE', #7977 ) ;
#2189 = EDGE_CURVE ( 'NONE', #2188, #5320, #3017, .T. ) ;
#2190 = CARTESIAN_POINT ( 'NONE',  ( -1.024612128603074780E-13, 0.5600000000000006084, 14.84007486788276964 ) ) ;
#2191 = CARTESIAN_POINT ( 'NONE',  ( -3.724999999999977440, 0.2000000000000000111, -3.150000000000027445 ) ) ;
#2192 = LINE ( 'NONE', #6103, #3816 ) ;
#2193 = ORIENTED_EDGE ( 'NONE', *, *, #1508, .T. ) ;
#2194 = FACE_OUTER_BOUND ( 'NONE', #2238, .T. ) ;
#2195 = DIRECTION ( 'NONE',  ( -6.982962677686266711E-15, 0.000000000000000000, 1.000000000000000000 ) ) ;
#2196 = VERTEX_POINT ( 'NONE', #7878 ) ;
#2197 = ORIENTED_EDGE ( 'NONE', *, *, #8828, .F. ) ;
#2198 = FACE_OUTER_BOUND ( 'NONE', #1755, .T. ) ;
#2199 = DIRECTION ( 'NONE',  ( 0.000000000000000000, -1.000000000000000000, 0.000000000000000000 ) ) ;
#2200 = CARTESIAN_POINT ( 'NONE',  ( 4.142934761456324999, 11.05293476145639175, 9.340521295215440389 ) ) ;
#2201 = AXIS2_PLACEMENT_3D ( 'NONE', #4979, #5702, #5024 ) ;
#2202 = CARTESIAN_POINT ( 'NONE',  ( 6.779999999999955840, 0.9910004003203364276, 6.158491474198462434 ) ) ;
#2203 = CARTESIAN_POINT ( 'NONE',  ( -4.142934761456456449, 11.05293476145639175, 9.340521295215379993 ) ) ;
#2204 = CARTESIAN_POINT ( 'NONE',  ( -0.7430714330484223806, 12.85000000000000497, 15.54808924220124844 ) ) ;
#2205 = AXIS2_PLACEMENT_3D ( 'NONE', #5931, #1735, #7976 ) ;
#2206 = ORIENTED_EDGE ( 'NONE', *, *, #7870, .F. ) ;
#2207 = EDGE_CURVE ( 'NONE', #6356, #8488, #1155, .T. ) ;
#2208 = DIRECTION ( 'NONE',  ( 8.673617379884051249E-15, 0.000000000000000000, -1.000000000000000000 ) ) ;
#2209 = CARTESIAN_POINT ( 'NONE',  ( -5.779999999999977156, 2.240000000000000657, -3.350000000000041833 ) ) ;
#2210 = EDGE_CURVE ( 'NONE', #2253, #6473, #332, .T. ) ;
#2211 = CARTESIAN_POINT ( 'NONE',  ( -5.858994527678638597, 6.910000000000000142, 9.680699866643939444 ) ) ;
#2212 = CARTESIAN_POINT ( 'NONE',  ( 6.349999999999939249, 9.540256121069157658, 8.660164151119522202 ) ) ;
#2213 = VERTEX_POINT ( 'NONE', #3263 ) ;
#2214 = DIRECTION ( 'NONE',  ( -1.000000000000000000, 0.000000000000000000, -7.102804783527084762E-15 ) ) ;
#2215 = AXIS2_PLACEMENT_3D ( 'NONE', #7656, #7004, #6317 ) ;
#2216 = CARTESIAN_POINT ( 'NONE',  ( 2.244749429223739767, 12.84999999999999964, -9.851725008082809154 ) ) ;
#2217 = ORIENTED_EDGE ( 'NONE', *, *, #8021, .T. ) ;
#2218 = DIRECTION ( 'NONE',  ( -8.673617379884030739E-15, 0.000000000000000000, 1.000000000000000000 ) ) ;
#2219 = EDGE_LOOP ( 'NONE', ( #3333, #267, #3737, #3579 ) ) ;
#2220 = CARTESIAN_POINT ( 'NONE',  ( -9.171326848772797143E-14, 12.76899452767857213, 13.08248558092969382 ) ) ;
#2221 = CARTESIAN_POINT ( 'NONE',  ( -6.350000000000082245, 6.910000000000000142, 11.77846772254800456 ) ) ;
#2222 = CARTESIAN_POINT ( 'NONE',  ( 1.972252911185505830, 12.85000000000000320, 7.821392212014114165 ) ) ;
#2223 = DIRECTION ( 'NONE',  ( -6.982962677686266711E-15, 0.000000000000000000, 1.000000000000000000 ) ) ;
#2224 = CARTESIAN_POINT ( 'NONE',  ( -2.426874995234264532, 12.76899452767857390, 7.696324866643965201 ) ) ;
#2225 = AXIS2_PLACEMENT_3D ( 'NONE', #3621, #4397, #8631 ) ;
#2226 = DIRECTION ( 'NONE',  ( 6.982962677686266711E-15, 0.000000000000000000, -1.000000000000000000 ) ) ;
#2227 = FACE_OUTER_BOUND ( 'NONE', #7409, .T. ) ;
#2228 = CARTESIAN_POINT ( 'NONE',  ( -4.142934761456469772, 2.767065238543608530, 11.38159272378680953 ) ) ;
#2229 = ORIENTED_EDGE ( 'NONE', *, *, #2327, .F. ) ;
#2230 = AXIS2_PLACEMENT_3D ( 'NONE', #8960, #563, #3326 ) ;
#2231 = SPHERICAL_SURFACE ( 'NONE', #4193, 0.2000000000000000111 ) ;
#2232 = EDGE_LOOP ( 'NONE', ( #3804, #7937, #1693, #2446, #3648 ) ) ;
#2233 = AXIS2_PLACEMENT_3D ( 'NONE', #8279, #2669, #7512 ) ;
#2234 = DIRECTION ( 'NONE',  ( -0.000000000000000000, -1.000000000000000000, -0.000000000000000000 ) ) ;
#2235 = CARTESIAN_POINT ( 'NONE',  ( -8.184560779357073465E-14, 13.26000000000000156, 11.66507486788277070 ) ) ;
#2236 = CARTESIAN_POINT ( 'NONE',  ( 2.155040195414442472, 1.144685254285649600, 7.750000000000016875 ) ) ;
#2237 = CARTESIAN_POINT ( 'NONE',  ( 2.540000000000032454, 6.410000000000001030, -4.579999999999983196 ) ) ;
#2238 = EDGE_LOOP ( 'NONE', ( #4707, #4291, #6686, #4349 ) ) ;
#2239 = CARTESIAN_POINT ( 'NONE',  ( -6.350000000000055600, 9.540256121069157658, 8.093199865405148685 ) ) ;
#2240 = VERTEX_POINT ( 'NONE', #6049 ) ;
#2241 = CARTESIAN_POINT ( 'NONE',  ( 6.349999999999884182, 9.540256121069186079, 12.28873557969095209 ) ) ;
#2243 = VERTEX_POINT ( 'NONE', #2022 ) ;
#2242 = AXIS2_PLACEMENT_3D ( 'NONE', #1030, #2559, #3845 ) ;
#2244 = VERTEX_POINT ( 'NONE', #4207 ) ;
#2245 = FACE_BOUND ( 'NONE', #8336, .T. ) ;
#2246 = FILL_AREA_STYLE_COLOUR ( '', #7972 ) ;
#2247 = AXIS2_PLACEMENT_3D ( 'NONE', #5715, #4337, #7120 ) ;
#2248 = CARTESIAN_POINT ( 'NONE',  ( 4.490128060534457788, 11.40012806053457695, 16.88114629397665212 ) ) ;
#2249 = LINE ( 'NONE', #5042, #1254 ) ;
#2250 = EDGE_CURVE ( 'NONE', #2891, #7568, #6986, .T. ) ;
#2251 = CARTESIAN_POINT ( 'NONE',  ( -6.018914131371757825E-14, 1.051005472321429268, 8.773557009501125492 ) ) ;
#2252 = CARTESIAN_POINT ( 'NONE',  ( 6.579999999999978755, 0.2000000000000000944, 3.100000000000046274 ) ) ;
#2253 = VERTEX_POINT ( 'NONE', #6135 ) ;
#2254 = CARTESIAN_POINT ( 'NONE',  ( -4.000000000000196287, 6.910000000000001030, 28.07999999999996632 ) ) ;
#2255 =( NAMED_UNIT ( * ) PLANE_ANGLE_UNIT ( ) SI_UNIT ( $, .RADIAN. ) );
#2256 = CARTESIAN_POINT ( 'NONE',  ( 5.012174564366349117, 10.18369495854638274, 7.497517005174281657 ) ) ;
#2257 = CARTESIAN_POINT ( 'NONE',  ( 2.630256121069092234, 0.5600000000000022737, 9.340521293976642880 ) ) ;
#2258 = EDGE_CURVE ( 'NONE', #4338, #699, #5581, .T. ) ;
#2259 = ORIENTED_EDGE ( 'NONE', *, *, #4137, .T. ) ;
#2260 = DIRECTION ( 'NONE',  ( -8.520838099651520869E-15, -0.000000000000000000, 1.000000000000000000 ) ) ;
#2261 = CARTESIAN_POINT ( 'NONE',  ( -3.523501616404787651, 12.36675450466445270, 12.54275103401858793 ) ) ;
#2262 = EDGE_LOOP ( 'NONE', ( #5770, #2839, #2137, #2692 ) ) ;
#2263 = CARTESIAN_POINT ( 'NONE',  ( -6.580000000000014282, 0.000000000000000000, 1.999999999999954037 ) ) ;
#2264 = CARTESIAN_POINT ( 'NONE',  ( -7.904417905821146799E-14, 12.76899452767857213, 11.26819986664398243 ) ) ;
#2265 = CARTESIAN_POINT ( 'NONE',  ( 6.080000000000024052, 2.240000000000004210, -3.349999999999958789 ) ) ;
#2266 = AXIS2_PLACEMENT_3D ( 'NONE', #3838, #4521, #924 ) ;
#2267 = ADVANCED_FACE ( 'NONE', ( #5630 ), #70, .T. ) ;
#2268 = CARTESIAN_POINT ( 'NONE',  ( -6.580000000000012506, 0.2000000000000000944, 1.799999999999954081 ) ) ;
#2269 = AXIS2_PLACEMENT_3D ( 'NONE', #2191, #1431, #8472 ) ;
#2270 = DIRECTION ( 'NONE',  ( 6.982962677686266711E-15, 0.000000000000000000, -1.000000000000000000 ) ) ;
#2271 = CARTESIAN_POINT ( 'NONE',  ( -4.142934761456459114, 2.767065238543608530, 9.794092723786809174 ) ) ;
#2272 = CARTESIAN_POINT ( 'NONE',  ( 2.426874995234158394, 1.051005472321430156, 7.923110580929712654 ) ) ;
#2273 = CIRCLE ( 'NONE', #3577, 0.2000000000000000944 ) ;
#2274 = CARTESIAN_POINT ( 'NONE',  ( -3.380000000000022098, 0.2000000000000000944, 3.299999999999977174 ) ) ;
#2275 = CARTESIAN_POINT ( 'NONE',  ( 2.426874995234126864, 1.051005472321430156, 12.45882486664399735 ) ) ;
#2276 = VERTEX_POINT ( 'NONE', #1339 ) ;
#2277 = FILL_AREA_STYLE ('',( #1421 ) ) ;
#2278 = CARTESIAN_POINT ( 'NONE',  ( -3.724999999999976108, 0.2000000000000000111, -3.350000000000027622 ) ) ;
#2279 = VERTEX_POINT ( 'NONE', #7631 ) ;
#2280 = VECTOR ( 'NONE', #6801, 1000.000000000000000 ) ;
#2281 = CARTESIAN_POINT ( 'NONE',  ( -6.350000000000101785, 6.910000000000000142, 14.61328915359701064 ) ) ;
#2282 = CARTESIAN_POINT ( 'NONE',  ( 4.313936270202213485, 2.379045425139330483, 7.750000000000043521 ) ) ;
#2283 = CARTESIAN_POINT ( 'NONE',  ( -0.8531581860727653899, 12.70654534916312706, 16.50480700702353332 ) ) ;
#2284 = ORIENTED_EDGE ( 'NONE', *, *, #2091, .T. ) ;
#2285 = DIRECTION ( 'NONE',  ( -1.000000000000000000, 0.000000000000000000, -6.505213034913023449E-15 ) ) ;
#2286 = VECTOR ( 'NONE', #8841, 1000.000000000000000 ) ;
#2287 = ORIENTED_EDGE ( 'NONE', *, *, #3771, .F. ) ;
#2288 = FACE_OUTER_BOUND ( 'NONE', #6134, .T. ) ;
#2289 = ORIENTED_EDGE ( 'NONE', *, *, #4939, .T. ) ;
#2290 = ORIENTED_EDGE ( 'NONE', *, *, #8278, .F. ) ;
#2291 = DIRECTION ( 'NONE',  ( 1.000000000000000000, 0.000000000000000000, 6.982962677686266711E-15 ) ) ;
#2292 = CARTESIAN_POINT ( 'NONE',  ( -7.380000000000075389, 12.94999999999999929, 7.749999999999949374 ) ) ;
#2293 = CARTESIAN_POINT ( 'NONE',  ( -4.142934761456445791, 2.767065238543608530, 7.979807009501094228 ) ) ;
#2294 = CARTESIAN_POINT ( 'NONE',  ( -6.999667117987059023E-14, 0.5600000000000006084, 10.19096772254805039 ) ) ;
#2295 = EDGE_CURVE ( 'NONE', #130, #7805, #1013, .T. ) ;
#2296 = CARTESIAN_POINT ( 'NONE',  ( -5.858994527678676789, 6.910000000000000142, 15.12355700950108073 ) ) ;
#2297 = LINE ( 'NONE', #169, #2705 ) ;
#2298 = ORIENTED_EDGE ( 'NONE', *, *, #5121, .T. ) ;
#2299 = CARTESIAN_POINT ( 'NONE',  ( 4.125000000000023981, 1.740000000000000213, -3.349999999999972999 ) ) ;
#2300 = DIRECTION ( 'NONE',  ( 1.000000000000000000, 0.000000000000000000, 6.308085367188388861E-15 ) ) ;
#2301 = CARTESIAN_POINT ( 'NONE',  ( -6.350000000000118661, 9.540256121069157658, 17.16462843683371631 ) ) ;
#2302 = CARTESIAN_POINT ( 'NONE',  ( -4.490128060534645194, 2.419871939465422450, 10.07757486540516112 ) ) ;
#2303 = VERTEX_POINT ( 'NONE', #747 ) ;
#2304 = AXIS2_PLACEMENT_3D ( 'NONE', #5760, #4296, #3070 ) ;
#2305 = VERTEX_POINT ( 'NONE', #8350 ) ;
#2306 = CARTESIAN_POINT ( 'NONE',  ( 5.779999999999963833, 2.240000000000000657, 3.100000000000041389 ) ) ;
#2307 = CARTESIAN_POINT ( 'NONE',  ( -2.244749429223601656, 12.84999999999999964, -9.851725008082841128 ) ) ;
#2308 = EDGE_LOOP ( 'NONE', ( #7532, #8883, #8530 ) ) ;
#2309 = CARTESIAN_POINT ( 'NONE',  ( 5.796545349162977701, 7.763158186072878664, 16.50480700702359016 ) ) ;
#2310 = EDGE_CURVE ( 'NONE', #6002, #483, #3035, .T. ) ;
#2311 = EDGE_CURVE ( 'NONE', #3174, #6335, #4900, .T. ) ;
#2312 = EDGE_CURVE ( 'NONE', #4439, #886, #4901, .T. ) ;
#2313 = CARTESIAN_POINT ( 'NONE',  ( -5.858994527678644815, 4.483125004765786237, 10.64453915235822734 ) ) ;
#2314 = VECTOR ( 'NONE', #7138, 1000.000000000000000 ) ;
#2315 = DIRECTION ( 'NONE',  ( 1.000000000000000000, 0.000000000000000000, 6.938893903907228378E-15 ) ) ;
#2316 = CARTESIAN_POINT ( 'NONE',  ( -2.244749429223755310, 12.84999999999999964, 12.62426508677704895 ) ) ;
#2317 = DIRECTION ( 'NONE',  ( -1.000000000000000000, -2.620428211445327472E-16, -6.982962677686266711E-15 ) ) ;
#2318 = CARTESIAN_POINT ( 'NONE',  ( 2.426874995234137966, 1.051005472321430156, 10.87132486664399700 ) ) ;
#2319 = PLANE ( 'NONE',  #6334 ) ;
#2320 = CARTESIAN_POINT ( 'NONE',  ( 5.780000000000044658, 11.85000000000000142, -6.349999999999962341 ) ) ;
#2321 = ADVANCED_FACE ( 'NONE', ( #4949 ), #4933, .T. ) ;
#2322 = CARTESIAN_POINT ( 'NONE',  ( -4.142934761456475989, 2.767065238543608530, 12.28873558092966611 ) ) ;
#2323 = VERTEX_POINT ( 'NONE', #6255 ) ;
#2324 = CARTESIAN_POINT ( 'NONE',  ( 6.779999999999978932, 2.000000000000000000, 3.100000000000047606 ) ) ;
#2325 = DIRECTION ( 'NONE',  ( -8.520838099651520869E-15, -0.000000000000000000, 1.000000000000000000 ) ) ;
#2326 = ORIENTED_EDGE ( 'NONE', *, *, #6836, .T. ) ;
#2327 = EDGE_CURVE ( 'NONE', #5580, #3465, #8042, .T. ) ;
#2328 = CARTESIAN_POINT ( 'NONE',  ( 6.349999999999918820, 9.540256121069157658, 11.49498558216852828 ) ) ;
#2329 = CARTESIAN_POINT ( 'NONE',  ( -2.244749429223784176, 12.84999999999999964, 16.22132486540517249 ) ) ;
#2330 = DIRECTION ( 'NONE',  ( -6.982962677686266711E-15, 0.000000000000000000, 1.000000000000000000 ) ) ;
#2331 = CIRCLE ( 'NONE', #3791, 0.3500000000000004774 ) ;
#2332 = ORIENTED_EDGE ( 'NONE', *, *, #5298, .F. ) ;
#2333 = DIRECTION ( 'NONE',  ( -0.000000000000000000, -1.000000000000000000, -0.000000000000000000 ) ) ;
#2334 = ORIENTED_EDGE ( 'NONE', *, *, #3919, .F. ) ;
#2335 = ORIENTED_EDGE ( 'NONE', *, *, #8342, .T. ) ;
#2336 = DIRECTION ( 'NONE',  ( 1.000000000000000000, 1.727380818872964658E-16, 6.982962677686266711E-15 ) ) ;
#2337 = DIRECTION ( 'NONE',  ( 1.727380818872964658E-16, -1.000000000000000000, 1.165620217608482487E-30 ) ) ;
#2338 = CARTESIAN_POINT ( 'NONE',  ( -2.426874995234268084, 1.051005472321430156, 8.036503438072536198 ) ) ;
#2339 = CARTESIAN_POINT ( 'NONE',  ( -4.124999999999956479, 1.940000000000000391, -6.150000000000029665 ) ) ;
#2340 = CARTESIAN_POINT ( 'NONE',  ( -5.858994527678623498, 4.483125004765785349, 7.696324866643940332 ) ) ;
#2341 = VERTEX_POINT ( 'NONE', #3387 ) ;
#2342 = DIRECTION ( 'NONE',  ( 1.000000000000000000, 0.000000000000000000, 6.982962677686273021E-15 ) ) ;
#2343 = ORIENTED_EDGE ( 'NONE', *, *, #7148, .F. ) ;
#2344 = CARTESIAN_POINT ( 'NONE',  ( -5.779999999999957616, 11.84999999999999964, -6.150000000000042100 ) ) ;
#2345 =( NAMED_UNIT ( * ) SI_UNIT ( $, .STERADIAN. ) SOLID_ANGLE_UNIT ( ) );
#2346 = CARTESIAN_POINT ( 'NONE',  ( 4.490128060534461341, 2.419871939465424227, 16.65436057969093753 ) ) ;
#2347 = VECTOR ( 'NONE', #104, 1000.000000000000000 ) ;
#2348 = CARTESIAN_POINT ( 'NONE',  ( 6.349999999999929479, 4.279743878930847956, 10.36105700826237808 ) ) ;
#2349 = ORIENTED_EDGE ( 'NONE', *, *, #4770, .F. ) ;
#2350 = CARTESIAN_POINT ( 'NONE',  ( -6.350000000000058265, 6.910000000000000142, 8.263289153597012771 ) ) ;
#2351 = CYLINDRICAL_SURFACE ( 'NONE', #3968, 0.1999999999999996503 ) ;
#2352 = EDGE_LOOP ( 'NONE', ( #449, #4156, #1848, #2602, #535 ) ) ;
#2353 = CARTESIAN_POINT ( 'NONE',  ( 5.079999999999999183, -3.430000000000002380, 3.547345040264623363E-14 ) ) ;
#2354 = AXIS2_PLACEMENT_3D ( 'NONE', #4146, #696, #1895 ) ;
#2355 = CARTESIAN_POINT ( 'NONE',  ( 5.780000000000026006, 2.240000000000000657, -3.549999999999961187 ) ) ;
#2356 = ORIENTED_EDGE ( 'NONE', *, *, #6912, .F. ) ;
#2357 = CARTESIAN_POINT ( 'NONE',  ( 6.753006034647510702, 0.9690193372964671648, 3.187463044222521802 ) ) ;
#2358 = CARTESIAN_POINT ( 'NONE',  ( -2.426874995234280075, 1.051005472321430156, 9.850789152358249368 ) ) ;
#2359 = AXIS2_PLACEMENT_3D ( 'NONE', #884, #3647, #2330 ) ;
#2360 = VERTEX_POINT ( 'NONE', #2737 ) ;
#2361 = CARTESIAN_POINT ( 'NONE',  ( -4.490128060534633647, 11.40012806053457695, 8.036503436833733360 ) ) ;
#2362 = DIRECTION ( 'NONE',  ( 6.982962677686266711E-15, 0.000000000000000000, -1.000000000000000000 ) ) ;
#2363 = EDGE_CURVE ( 'NONE', #2616, #7059, #3913, .T. ) ;
#2364 = FACE_OUTER_BOUND ( 'NONE', #8968, .T. ) ;
#2365 = EDGE_CURVE ( 'NONE', #6575, #4965, #1985, .T. ) ;
#2366 = CARTESIAN_POINT ( 'NONE',  ( 5.858994527678501818, 4.483125004765792454, 10.07757486664402435 ) ) ;
#2367 = EDGE_CURVE ( 'NONE', #8730, #2303, #4764, .T. ) ;
#2368 =( LENGTH_UNIT ( ) NAMED_UNIT ( * ) SI_UNIT ( .MILLI., .METRE. ) );
#2369 = CARTESIAN_POINT ( 'NONE',  ( 5.858994527678497377, 4.483125004765792454, 10.75793200950116457 ) ) ;
#2370 = UNCERTAINTY_MEASURE_WITH_UNIT (LENGTH_MEASURE( 1.000000000000000082E-05 ), #4728, 'distance_accuracy_value', 'NONE');
#2371 = ORIENTED_EDGE ( 'NONE', *, *, #3147, .T. ) ;
#2372 = ADVANCED_FACE ( 'NONE', ( #8939 ), #2781, .F. ) ;
#2373 = CARTESIAN_POINT ( 'NONE',  ( 3.580000000000020943, 1.740000000000000213, -3.149999999999976374 ) ) ;
#2374 = ORIENTED_EDGE ( 'NONE', *, *, #1492, .F. ) ;
#2375 = EDGE_CURVE ( 'NONE', #1066, #8171, #8695, .T. ) ;
#2376 = CARTESIAN_POINT ( 'NONE',  ( -6.350000000000101785, 4.279743878930841738, 14.66998558216844017 ) ) ;
#2377 = CARTESIAN_POINT ( 'NONE',  ( -1.108654990317836299E-13, 1.051005472321429268, 16.03069986664398172 ) ) ;
#2378 = CARTESIAN_POINT ( 'NONE',  ( -5.849392095931743363, 7.418692953457784789, 7.749999999999956479 ) ) ;
#2379 = ORIENTED_EDGE ( 'NONE', *, *, #4310, .T. ) ;
#2380 = AXIS2_PLACEMENT_3D ( 'NONE', #6763, #7492, #2568 ) ;
#2381 = ORIENTED_EDGE ( 'NONE', *, *, #1231, .T. ) ;
#2382 = DIRECTION ( 'NONE',  ( -1.000000000000000000, 0.000000000000000000, -6.938893903907228378E-15 ) ) ;
#2383 = CARTESIAN_POINT ( 'NONE',  ( 5.880000000000025651, 11.34999999999999964, -3.549999999999960298 ) ) ;
#2384 = ORIENTED_EDGE ( 'NONE', *, *, #6378, .T. ) ;
#2385 = ORIENTED_EDGE ( 'NONE', *, *, #3919, .T. ) ;
#2386 = FACE_OUTER_BOUND ( 'NONE', #6405, .T. ) ;
#2387 = DIRECTION ( 'NONE',  ( 6.982962677686266711E-15, 0.000000000000000000, -1.000000000000000000 ) ) ;
#2388 = CARTESIAN_POINT ( 'NONE',  ( -2.426874995234271193, 12.76899452767857390, 8.603467723786822674 ) ) ;
#2389 = DIRECTION ( 'NONE',  ( -1.000000000000000000, 0.000000000000000000, -8.673617379884051249E-15 ) ) ;
#2390 = AXIS2_PLACEMENT_3D ( 'NONE', #4622, #7357, #2382 ) ;
#2391 = CARTESIAN_POINT ( 'NONE',  ( -2.426874995234265864, 1.051005472321430156, 7.809717723786821608 ) ) ;
#2392 = FACE_OUTER_BOUND ( 'NONE', #7062, .T. ) ;
#2393 = VERTEX_POINT ( 'NONE', #3654 ) ;
#2394 = CARTESIAN_POINT ( 'NONE',  ( -3.579999999999976534, 0.000000000000000000, -3.150000000000026557 ) ) ;
#2395 = EDGE_CURVE ( 'NONE', #679, #1028, #1740, .T. ) ;
#2396 =( BOUNDED_CURVE ( )  B_SPLINE_CURVE ( 3, ( #1736, #1681, #4682, #1906 ),
 .UNSPECIFIED., .F., .T. ) 
 B_SPLINE_CURVE_WITH_KNOTS ( ( 4, 4 ),
 ( 3.141592653589790451, 4.712388980384687898 ),
 .UNSPECIFIED. ) 
 CURVE ( )  GEOMETRIC_REPRESENTATION_ITEM ( )  RATIONAL_B_SPLINE_CURVE ( ( 1.000000000000000000, 0.8047378541243648264, 0.8047378541243648264, 1.000000000000000000 ) ) 
 REPRESENTATION_ITEM ( '' )  );
#2397 = CARTESIAN_POINT ( 'NONE',  ( -4.490128060534683385, 2.419871939465422450, 15.52043200826230240 ) ) ;
#2398 = CARTESIAN_POINT ( 'NONE',  ( 0.6144976415481431253, 2.148583555616191632, 23.38038441987362503 ) ) ;
#2399 = VERTEX_POINT ( 'NONE', #5133 ) ;
#2400 = CYLINDRICAL_SURFACE ( 'NONE', #5350, 0.1999999999999996503 ) ;
#2401 = DIRECTION ( 'NONE',  ( -6.982962677686266711E-15, -0.000000000000000000, 1.000000000000000000 ) ) ;
#2402 = EDGE_LOOP ( 'NONE', ( #5995, #5644, #2439, #6681, #1555, #2918, #6374, #8132 ) ) ;
#2403 = CARTESIAN_POINT ( 'NONE',  ( 1.507889285407826074, 12.84999999999999787, 8.150920029300950276 ) ) ;
#2404 = DIRECTION ( 'NONE',  ( 6.982962677686266711E-15, -0.000000000000000000, -1.000000000000000000 ) ) ;
#2405 = VERTEX_POINT ( 'NONE', #2919 ) ;
#2406 = DIRECTION ( 'NONE',  ( 6.982962677686266711E-15, 0.000000000000000000, -1.000000000000000000 ) ) ;
#2407 = EDGE_CURVE ( 'NONE', #5140, #8622, #3462, .T. ) ;
#2408 = CARTESIAN_POINT ( 'NONE',  ( -5.858994527678632380, 9.336874995234211383, 8.716860580929656876 ) ) ;
#2409 = CARTESIAN_POINT ( 'NONE',  ( 6.579999999999958327, 2.000000000000000000, 6.100000000000046718 ) ) ;
#2410 = CARTESIAN_POINT ( 'NONE',  ( -6.350000000000071587, 9.540256121069164763, 11.83516415359701135 ) ) ;
#2411 = CARTESIAN_POINT ( 'NONE',  ( 5.780000000000043769, 11.34999999999999964, -6.149999999999962164 ) ) ;
#2412 = LINE ( 'NONE', #8116, #3195 ) ;
#2413 =( NAMED_UNIT ( * ) PLANE_ANGLE_UNIT ( ) SI_UNIT ( $, .RADIAN. ) );
#2414 = DIRECTION ( 'NONE',  ( 0.000000000000000000, -1.000000000000000000, -0.000000000000000000 ) ) ;
#2415 = VECTOR ( 'NONE', #8267, 1000.000000000000000 ) ;
#2416 = ORIENTED_EDGE ( 'NONE', *, *, #8517, .T. ) ;
#2417 = CARTESIAN_POINT ( 'NONE',  ( 0.000000000000000000, -3.730000000000000426, -0.000000000000000000 ) ) ;
#2418 = AXIS2_PLACEMENT_3D ( 'NONE', #580, #7453, #3301 ) ;
#2419 = CARTESIAN_POINT ( 'NONE',  ( -0.9738389011340816692, 11.61045107174469848, 24.44216134084971870 ) ) ;
#2420 = ORIENTED_EDGE ( 'NONE', *, *, #4948, .T. ) ;
#2421 = CIRCLE ( 'NONE', #1400, 0.2000000000000000944 ) ;
#2422 = VECTOR ( 'NONE', #6733, 1000.000000000000000 ) ;
#2423 = CARTESIAN_POINT ( 'NONE',  ( -5.779999999999977156, 11.64999999999999858, -3.350000000000041833 ) ) ;
#2424 = CARTESIAN_POINT ( 'NONE',  ( 6.349999999999947242, 4.279743878930847956, 7.753021296454242872 ) ) ;
#2425 = CARTESIAN_POINT ( 'NONE',  ( -1.045309543170253656E-13, 1.051005472321429268, 15.12355700950112336 ) ) ;
#2426 = CARTESIAN_POINT ( 'NONE',  ( -4.582137324147254276, 10.58120416250981322, 7.749999999999971578 ) ) ;
#2427 = ORIENTED_EDGE ( 'NONE', *, *, #3281, .F. ) ;
#2428 = ORIENTED_EDGE ( 'NONE', *, *, #2928, .F. ) ;
#2429 = CARTESIAN_POINT ( 'NONE',  ( 6.349999999999888622, 6.910000000000001030, 15.86061057969095245 ) ) ;
#2430 = AXIS2_PLACEMENT_3D ( 'NONE', #2924, #1617, #5769 ) ;
#2431 = PLANE ( 'NONE',  #3408 ) ;
#2432 = EDGE_LOOP ( 'NONE', ( #7073, #3762, #7041, #4431 ) ) ;
#2433 = ORIENTED_EDGE ( 'NONE', *, *, #2044, .F. ) ;
#2434 = SURFACE_STYLE_USAGE ( .BOTH. , #7948 ) ;
#2435 = CARTESIAN_POINT ( 'NONE',  ( 4.125000000000042633, -3.281253729992883894, -6.149999999999973710 ) ) ;
#2436 = CARTESIAN_POINT ( 'NONE',  ( -4.490128060534677168, 11.40012806053457695, 14.38650343683373301 ) ) ;
#2437 = CARTESIAN_POINT ( 'NONE',  ( -1.501160829118024065, 12.85000000000000320, 10.94552163199544914 ) ) ;
#2438 = CARTESIAN_POINT ( 'NONE',  ( -5.858994527678630604, 6.910000000000000142, 8.546771295215370046 ) ) ;
#2439 = ORIENTED_EDGE ( 'NONE', *, *, #6173, .F. ) ;
#2440 = CARTESIAN_POINT ( 'NONE',  ( -7.379999999999956373, 2.240000000000004210, -6.350000000000051159 ) ) ;
#2441 = ORIENTED_EDGE ( 'NONE', *, *, #2044, .T. ) ;
#2442 = DIRECTION ( 'NONE',  ( 6.747905296117594716E-15, -0.000000000000000000, -1.000000000000000000 ) ) ;
#2443 = CARTESIAN_POINT ( 'NONE',  ( -6.579999999999962768, 2.000000000000000000, -5.450000000000049027 ) ) ;
#2444 = CARTESIAN_POINT ( 'NONE',  ( -6.350000000000100897, 4.279743878930841738, 14.55659272254800563 ) ) ;
#2445 = CARTESIAN_POINT ( 'NONE',  ( -5.571561082789208595E-14, 13.26000000000000156, 7.923110579690907151 ) ) ;
#2446 = ORIENTED_EDGE ( 'NONE', *, *, #5712, .F. ) ;
#2447 = CARTESIAN_POINT ( 'NONE',  ( 6.779999999999977156, 0.2000000000000000944, 3.300000000000047784 ) ) ;
#2448 = CARTESIAN_POINT ( 'NONE',  ( 5.858994527678462738, 9.336874995234211383, 15.63382486664402116 ) ) ;
#2449 = VERTEX_POINT ( 'NONE', #844 ) ;
#2450 = CARTESIAN_POINT ( 'NONE',  ( -2.244749429223746873, 12.84999999999999076, 8.088550801062766027 ) ) ;
#2451 = ADVANCED_FACE ( 'NONE', ( #6391 ), #4247, .F. ) ;
#2452 = ORIENTED_EDGE ( 'NONE', *, *, #1508, .F. ) ;
#2453 = DIRECTION ( 'NONE',  ( -6.982962677686266711E-15, -0.000000000000000000, 1.000000000000000000 ) ) ;
#2454 =( BOUNDED_CURVE ( )  B_SPLINE_CURVE ( 2, ( #3537, #6312, #2846, #374, #2539, #3136, #4600, #7422, #5330 ),
 .UNSPECIFIED., .F., .F. ) 
 B_SPLINE_CURVE_WITH_KNOTS ( ( 3, 2, 2, 2, 3 ),
 ( 0.2272727272727271264, 0.2386363636363635354, 0.2499999999999999445, 0.2613636363636362980, 0.2727272727272727071 ),
 .UNSPECIFIED. ) 
 CURVE ( )  GEOMETRIC_REPRESENTATION_ITEM ( )  RATIONAL_B_SPLINE_CURVE ( ( 1.000000000000000888, 0.9238795325112858503, 1.000000000000000000, 0.9238795325112867385, 1.000000000000000000, 0.9238795325112867385, 1.000000000000000000, 0.9238795325112867385, 1.000000000000000000 ) ) 
 REPRESENTATION_ITEM ( '' )  );
#2455 = CARTESIAN_POINT ( 'NONE',  ( -4.142934761456458226, 11.05293476145639175, 9.567307009501094583 ) ) ;
#2456 = DIRECTION ( 'NONE',  ( -7.921111762451229436E-17, -1.000000000000000000, 7.921111762451118503E-17 ) ) ;
#2457 = CARTESIAN_POINT ( 'NONE',  ( -3.840149643325739159, 11.36180744111717189, 7.749999999999975131 ) ) ;
#2458 = AXIS2_PLACEMENT_3D ( 'NONE', #7857, #8439, #2291 ) ;
#2459 = CARTESIAN_POINT ( 'NONE',  ( 4.125000000000037303, 0.2000000000000000944, -5.649999999999974598 ) ) ;
#2460 = EDGE_CURVE ( 'NONE', #993, #2465, #8953, .T. ) ;
#2461 = CARTESIAN_POINT ( 'NONE',  ( -5.858994527678637709, 9.336874995234211383, 9.397217723786798871 ) ) ;
#2462 = AXIS2_PLACEMENT_3D ( 'NONE', #8653, #8157, #1190 ) ;
#2463 = PLANE ( 'NONE',  #5368 ) ;
#2464 = CARTESIAN_POINT ( 'NONE',  ( -6.678080114934969558, 0.9150028897386792703, -5.631725466633308308 ) ) ;
#2465 = VERTEX_POINT ( 'NONE', #4389 ) ;
#2466 = AXIS2_PLACEMENT_3D ( 'NONE', #6190, #1313, #3451 ) ;
#2467 = DIRECTION ( 'NONE',  ( 6.982962677686266711E-15, 0.000000000000000000, -1.000000000000000000 ) ) ;
#2468 = CARTESIAN_POINT ( 'NONE',  ( -4.490128060534639864, 2.419871939465422450, 9.283824867882739085 ) ) ;
#2469 = CARTESIAN_POINT ( 'NONE',  ( 2.426874995234113985, 1.051005472321430156, 14.27311058092971230 ) ) ;
#2470 = ORIENTED_EDGE ( 'NONE', *, *, #1698, .T. ) ;
#2471 = DIRECTION ( 'NONE',  ( 6.982962677686266711E-15, 0.000000000000000000, -1.000000000000000000 ) ) ;
#2472 = ORIENTED_EDGE ( 'NONE', *, *, #7037, .F. ) ;
#2473 = ORIENTED_EDGE ( 'NONE', *, *, #16, .T. ) ;
#2474 = DIRECTION ( 'NONE',  ( -6.505213034913030548E-15, 0.000000000000000000, 1.000000000000000000 ) ) ;
#2475 = CARTESIAN_POINT ( 'NONE',  ( 0.5499999999998568256, 6.910000000000000142, 20.51000000000000512 ) ) ;
#2476 = VERTEX_POINT ( 'NONE', #5859 ) ;
#2477 = ORIENTED_EDGE ( 'NONE', *, *, #3405, .F. ) ;
#2478 = CARTESIAN_POINT ( 'NONE',  ( -2.143861741147670973E-13, 6.910000000000000142, 30.70132034355964379 ) ) ;
#2479 = CARTESIAN_POINT ( 'NONE',  ( -6.350000000000100897, 9.540256121069157658, 14.44319986540514833 ) ) ;
#2480 = CARTESIAN_POINT ( 'NONE',  ( 6.580000000000039151, 0.2000000000000000944, -5.449999999999957545 ) ) ;
#2481 = EDGE_CURVE ( 'NONE', #3482, #5938, #6346, .T. ) ;
#2482 = CARTESIAN_POINT ( 'NONE',  ( 4.142934761456280590, 11.05293476145639175, 15.69052129521543826 ) ) ;
#2483 = VERTEX_POINT ( 'NONE', #7075 ) ;
#2484 = FACE_OUTER_BOUND ( 'NONE', #8349, .T. ) ;
#2485 = ORIENTED_EDGE ( 'NONE', *, *, #1831, .F. ) ;
#2486 = ORIENTED_EDGE ( 'NONE', *, *, #5603, .F. ) ;
#2487 = EDGE_CURVE ( 'NONE', #7741, #8730, #6521, .T. ) ;
#2488 = AXIS2_PLACEMENT_3D ( 'NONE', #3278, #377, #3138 ) ;
#2489 = DIRECTION ( 'NONE',  ( -1.000000000000000000, 0.000000000000000000, -6.982962677686266711E-15 ) ) ;
#2490 = CARTESIAN_POINT ( 'NONE',  ( -4.124999999999976019, 2.140000000000000568, -3.350000000000029843 ) ) ;
#2491 = CARTESIAN_POINT ( 'NONE',  ( -6.350000000000113332, 6.910000000000000142, 16.31418200826228926 ) ) ;
#2492 = LINE ( 'NONE', #8816, #6463 ) ;
#2493 = VERTEX_POINT ( 'NONE', #8531 ) ;
#2494 = EDGE_CURVE ( 'NONE', #7244, #175, #7904, .T. ) ;
#2495 = FACE_OUTER_BOUND ( 'NONE', #766, .T. ) ;
#2496 = CARTESIAN_POINT ( 'NONE',  ( 5.858994527678455633, 6.910000000000001030, 16.48427129521544998 ) ) ;
#2497 = ORIENTED_EDGE ( 'NONE', *, *, #2670, .F. ) ;
#2498 = DIRECTION ( 'NONE',  ( -8.673617379884030739E-15, 0.000000000000000000, 1.000000000000000000 ) ) ;
#2499 = CARTESIAN_POINT ( 'NONE',  ( 2.426874995234096222, 12.76899452767857390, 16.42757486664399735 ) ) ;
#2500 = ADVANCED_FACE ( 'NONE', ( #2198, #2245 ), #983, .F. ) ;
#2501 = LINE ( 'NONE', #5289, #7118 ) ;
#2502 = EDGE_CURVE ( 'NONE', #6667, #3113, #6679, .T. ) ;
#2503 = CARTESIAN_POINT ( 'NONE',  ( -2.244749429223601656, 12.84999999999999964, -9.851725008082841128 ) ) ;
#2504 = CARTESIAN_POINT ( 'NONE',  ( 5.858994527678508035, 9.336874995234211383, 9.283824866644023288 ) ) ;
#2505 = CIRCLE ( 'NONE', #3650, 0.7000000000000031752 ) ;
#2506 = CARTESIAN_POINT ( 'NONE',  ( 3.580000000000022276, 0.6399999999999999023, -3.349999999999976108 ) ) ;
#2507 = CARTESIAN_POINT ( 'NONE',  ( 5.079999999999992077, 0.000000000000000000, 1.000000000000035305 ) ) ;
#2508 = CYLINDRICAL_SURFACE ( 'NONE', #3198, 0.2000000000000005107 ) ;
#2509 = DIRECTION ( 'NONE',  ( -6.982962677686266711E-15, -0.000000000000000000, 1.000000000000000000 ) ) ;
#2510 = AXIS2_PLACEMENT_3D ( 'NONE', #6426, #2957, #5754 ) ;
#2511 = CARTESIAN_POINT ( 'NONE',  ( 5.858994527678501818, 9.336874995234211383, 9.964182009501165282 ) ) ;
#2512 = CARTESIAN_POINT ( 'NONE',  ( -6.079999999999956550, 11.34999999999999964, -6.150000000000043876 ) ) ;
#2513 = CARTESIAN_POINT ( 'NONE',  ( 6.780000000000044658, 0.9910004003203211065, -6.349999999999957900 ) ) ;
#2514 = DIRECTION ( 'NONE',  ( -6.505213034913030548E-15, 0.000000000000000000, 1.000000000000000000 ) ) ;
#2515 = CARTESIAN_POINT ( 'NONE',  ( 2.630256121069091346, 0.5600000000000022737, 9.453914153597075654 ) ) ;
#2516 = ORIENTED_EDGE ( 'NONE', *, *, #8641, .F. ) ;
#2517 = ORIENTED_EDGE ( 'NONE', *, *, #5542, .F. ) ;
#2518 = LINE ( 'NONE', #3066, #61 ) ;
#2519 = DIRECTION ( 'NONE',  ( -8.673617379884049672E-15, 0.000000000000000000, 1.000000000000000000 ) ) ;
#2520 = VERTEX_POINT ( 'NONE', #6434 ) ;
#2521 = EDGE_LOOP ( 'NONE', ( #3081, #5227, #7714, #1355 ) ) ;
#2522 = CARTESIAN_POINT ( 'NONE',  ( -2.630256121069266317, 13.25999999999999979, 16.14409272254803085 ) ) ;
#2523 = LINE ( 'NONE', #5136, #2991 ) ;
#2524 = CARTESIAN_POINT ( 'NONE',  ( 5.858994527678482278, 9.336874995234211383, 12.91239629521545140 ) ) ;
#2525 = CARTESIAN_POINT ( 'NONE',  ( -4.000000000000196287, 6.910000000000001030, 28.07999999999996632 ) ) ;
#2526 = ORIENTED_EDGE ( 'NONE', *, *, #8263, .F. ) ;
#2527 = AXIS2_PLACEMENT_3D ( 'NONE', #6441, #8492, #899 ) ;
#2528 = LINE ( 'NONE', #5321, #1653 ) ;
#2529 = CARTESIAN_POINT ( 'NONE',  ( 6.349999999999960565, 4.279743878930868384, 8.660164153597103009 ) ) ;
#2530 = CARTESIAN_POINT ( 'NONE',  ( -1.016693947536618741E-13, 0.5600000000000006084, 14.72668200826233509 ) ) ;
#2531 = CARTESIAN_POINT ( 'NONE',  ( 3.198196906380311289E-14, 7.260000000000003340, -4.580000000000001847 ) ) ;
#2532 = ORIENTED_EDGE ( 'NONE', *, *, #6994, .F. ) ;
#2533 = ADVANCED_FACE ( 'NONE', ( #2386 ), #3613, .F. ) ;
#2534 = CARTESIAN_POINT ( 'NONE',  ( -6.753565686012726665, 0.9694351295344376673, 3.188112526135898239 ) ) ;
#2535 = CARTESIAN_POINT ( 'NONE',  ( 2.426874995234101107, 12.76899452767857390, 15.74721772378685358 ) ) ;
#2536 = DIRECTION ( 'NONE',  ( 6.982962677686266711E-15, 0.000000000000000000, -1.000000000000000000 ) ) ;
#2537 = AXIS2_PLACEMENT_3D ( 'NONE', #5384, #558, #4820 ) ;
#2538 = CARTESIAN_POINT ( 'NONE',  ( 5.858994527678458297, 9.336874995234211383, 16.31418200950116315 ) ) ;
#2539 = CARTESIAN_POINT ( 'NONE',  ( -9.612666814554922631E-14, 0.5600000000000006084, 13.93293201073991305 ) ) ;
#2540 = CARTESIAN_POINT ( 'NONE',  ( -4.490128060534659404, 2.419871939465422450, 12.00525343931131061 ) ) ;
#2541 = CIRCLE ( 'NONE', #6457, 0.2000000000000000944 ) ;
#2542 = DIRECTION ( 'NONE',  ( -1.000000000000000000, 0.000000000000000000, -7.102804783527084762E-15 ) ) ;
#2543 = EDGE_CURVE ( 'NONE', #1116, #7439, #7261, .T. ) ;
#2544 = AXIS2_PLACEMENT_3D ( 'NONE', #7211, #6386, #1516 ) ;
#2545 = FACE_OUTER_BOUND ( 'NONE', #8922, .T. ) ;
#2546 = CARTESIAN_POINT ( 'NONE',  ( -6.780000000000014460, 0.2000000000000000944, 1.999999999999952704 ) ) ;
#2547 = CARTESIAN_POINT ( 'NONE',  ( 5.858994527678504483, 4.483125004765792454, 9.850789152358307987 ) ) ;
#2548 = EDGE_CURVE ( 'NONE', #4060, #4978, #1288, .T. ) ;
#2549 = CARTESIAN_POINT ( 'NONE',  ( -5.851825334437454451, 4.775011718241543690, 16.29292421034926264 ) ) ;
#2550 = CARTESIAN_POINT ( 'NONE',  ( -6.349999999999931255, 6.910000000000000142, -9.851725008082869550 ) ) ;
#2551 = ADVANCED_FACE ( 'NONE', ( #892 ), #1864, .T. ) ;
#2552 = CARTESIAN_POINT ( 'NONE',  ( -5.858994527678649256, 9.336874995234211383, 11.21150343807251026 ) ) ;
#2553 =( GEOMETRIC_REPRESENTATION_CONTEXT ( 3 ) GLOBAL_UNCERTAINTY_ASSIGNED_CONTEXT ( ( #1640 ) ) GLOBAL_UNIT_ASSIGNED_CONTEXT ( ( #7719, #3154, #5078 ) ) REPRESENTATION_CONTEXT ( 'NONE', 'WORKASPACE' ) );
#2554 = DIRECTION ( 'NONE',  ( -6.982962677686266711E-15, 0.000000000000000000, 1.000000000000000000 ) ) ;
#2555 = CARTESIAN_POINT ( 'NONE',  ( 2.630256121069084685, 13.25999999999999979, 9.794092725025645763 ) ) ;
#2556 = ORIENTED_EDGE ( 'NONE', *, *, #280, .T. ) ;
#2557 = VERTEX_POINT ( 'NONE', #1046 ) ;
#2558 = CARTESIAN_POINT ( 'NONE',  ( -6.580000000000022276, 0.2000000000000000944, 3.099999999999954348 ) ) ;
#2559 = DIRECTION ( 'NONE',  ( -1.000000000000000000, 0.000000000000000000, -6.982962677686266711E-15 ) ) ;
#2560 = ORIENTED_EDGE ( 'NONE', *, *, #7336, .T. ) ;
#2561 = ORIENTED_EDGE ( 'NONE', *, *, #5250, .F. ) ;
#2562 = AXIS2_PLACEMENT_3D ( 'NONE', #5955, #404, #986 ) ;
#2563 = CARTESIAN_POINT ( 'NONE',  ( 6.349999999999894840, 9.540256121069157658, 15.01016415111952540 ) ) ;
#2564 = AXIS2_PLACEMENT_3D ( 'NONE', #8465, #4278, #7056 ) ;
#2565 = CARTESIAN_POINT ( 'NONE',  ( 5.858994527678487607, 9.336874995234211383, 12.00525343807259304 ) ) ;
#2566 = CARTESIAN_POINT ( 'NONE',  ( 2.630256121069047381, 0.5600000000000023848, 15.80391415359707530 ) ) ;
#2567 = ORIENTED_EDGE ( 'NONE', *, *, #5692, .F. ) ;
#2568 = DIRECTION ( 'NONE',  ( 0.000000000000000000, -1.000000000000000000, 0.000000000000000000 ) ) ;
#2569 = DIRECTION ( 'NONE',  ( 1.000000000000000000, 0.000000000000000000, 6.982962677686266711E-15 ) ) ;
#2570 = VECTOR ( 'NONE', #7408, 1000.000000000000000 ) ;
#2571 = AXIS2_PLACEMENT_3D ( 'NONE', #8898, #3267, #6094 ) ;
#2572 = CARTESIAN_POINT ( 'NONE',  ( 6.349999999999888622, 9.540256121069157658, 15.91730700826237843 ) ) ;
#2573 = DIRECTION ( 'NONE',  ( 6.982962677686266711E-15, 0.000000000000000000, -1.000000000000000000 ) ) ;
#2574 = VERTEX_POINT ( 'NONE', #7917 ) ;
#2575 = CARTESIAN_POINT ( 'NONE',  ( 3.579999999999976090, 0.000000000000000000, 3.300000000000025580 ) ) ;
#2576 = CARTESIAN_POINT ( 'NONE',  ( 5.079999999999992966, -3.730000000000000426, 0.7000000000000385914 ) ) ;
#2577 = CARTESIAN_POINT ( 'NONE',  ( -5.858994527678669684, 6.910000000000000142, 14.21641415235822592 ) ) ;
#2578 = ADVANCED_FACE ( 'NONE', ( #999 ), #4445, .T. ) ;
#2579 = DIRECTION ( 'NONE',  ( 6.982962677686266711E-15, 0.000000000000000000, -1.000000000000000000 ) ) ;
#2580 = CIRCLE ( 'NONE', #8838, 5.849999999999999645 ) ;
#2581 = CARTESIAN_POINT ( 'NONE',  ( -9.646417702379667600E-14, 12.76899452767857213, 13.76284272378683937 ) ) ;
#2582 = ORIENTED_EDGE ( 'NONE', *, *, #7153, .T. ) ;
#2583 = DIRECTION ( 'NONE',  ( 6.982962677686266711E-15, 0.000000000000000000, -1.000000000000000000 ) ) ;
#2584 = CARTESIAN_POINT ( 'NONE',  ( -2.630256121069239228, 0.5600000000000016076, 12.06194986788275081 ) ) ;
#2585 = DIRECTION ( 'NONE',  ( -1.000000000000000000, 0.000000000000000000, -7.228014483236698330E-15 ) ) ;
#2586 = VECTOR ( 'NONE', #8073, 999.9999999999998863 ) ;
#2587 = FACE_OUTER_BOUND ( 'NONE', #3796, .T. ) ;
#2588 = DIRECTION ( 'NONE',  ( 1.000000000000000000, 0.000000000000000000, 6.505213034913023449E-15 ) ) ;
#2589 = ADVANCED_FACE ( 'NONE', ( #3763 ), #5823, .T. ) ;
#2590 = EDGE_CURVE ( 'NONE', #3475, #1605, #8319, .T. ) ;
#2591 = CARTESIAN_POINT ( 'NONE',  ( 6.349999999999867306, 9.540256121069194961, 13.30927129645424323 ) ) ;
#2592 = EDGE_CURVE ( 'NONE', #7378, #3119, #2674, .T. ) ;
#2593 = CARTESIAN_POINT ( 'NONE',  ( 4.142934761456326775, 11.05293476145639175, 9.113735580929725799 ) ) ;
#2594 = CARTESIAN_POINT ( 'NONE',  ( -5.430107632211433000, 3.879510928763132416, 16.30471168928328396 ) ) ;
#2595 = DIRECTION ( 'NONE',  ( 6.982962677686266711E-15, 0.000000000000000000, -1.000000000000000000 ) ) ;
#2596 = AXIS2_PLACEMENT_3D ( 'NONE', #3728, #5880, #3091 ) ;
#2597 = AXIS2_PLACEMENT_3D ( 'NONE', #3180, #1814, #8144 ) ;
#2598 = EDGE_CURVE ( 'NONE', #5276, #7059, #3034, .T. ) ;
#2599 = CARTESIAN_POINT ( 'NONE',  ( -7.285823074323409432E-14, 1.051005472321429268, 10.58784272378684044 ) ) ;
#2600 = FACE_OUTER_BOUND ( 'NONE', #650, .T. ) ;
#2601 = CARTESIAN_POINT ( 'NONE',  ( 6.349999999999939249, 6.910000000000001030, 8.716860582168530769 ) ) ;
#2602 = ORIENTED_EDGE ( 'NONE', *, *, #3601, .T. ) ;
#2603 = CARTESIAN_POINT ( 'NONE',  ( 3.579999999999956550, 2.000000000000000000, 6.100000000000025402 ) ) ;
#2604 = ORIENTED_EDGE ( 'NONE', *, *, #8021, .F. ) ;
#2605 = ORIENTED_EDGE ( 'NONE', *, *, #6484, .T. ) ;
#2606 = CIRCLE ( 'NONE', #2018, 0.2999999999999999334 ) ;
#2607 = CARTESIAN_POINT ( 'NONE',  ( 2.630256121069067365, 13.25999999999999979, 12.40212843683378274 ) ) ;
#2608 = FILL_AREA_STYLE ('',( #574 ) ) ;
#2609 = CARTESIAN_POINT ( 'NONE',  ( 2.426874995234106880, 12.76899452767857390, 14.84007486664399700 ) ) ;
#2610 = CARTESIAN_POINT ( 'NONE',  ( -7.379999999999956373, 12.94999999999999929, -6.350000000000051159 ) ) ;
#2611 = ORIENTED_EDGE ( 'NONE', *, *, #3962, .T. ) ;
#2612 = CARTESIAN_POINT ( 'NONE',  ( -4.490128060534678056, 11.40012806053457695, 14.49989629645416755 ) ) ;
#2613 = DIRECTION ( 'NONE',  ( 6.505213034913037648E-15, 0.000000000000000000, -1.000000000000000000 ) ) ;
#2614 = CARTESIAN_POINT ( 'NONE',  ( 6.349999999999918820, 9.540256121069157658, 11.38159272254809196 ) ) ;
#2615 = CARTESIAN_POINT ( 'NONE',  ( -1.043823579172444875E-13, 12.76899452767857213, 14.89677129521540877 ) ) ;
#2616 = VERTEX_POINT ( 'NONE', #6687 ) ;
#2617 = CARTESIAN_POINT ( 'NONE',  ( -1.501160829118035389, 12.84999999999999787, 12.75980734628116053 ) ) ;
#2618 = CYLINDRICAL_SURFACE ( 'NONE', #2571, 0.3000000000000007661 ) ;
#2619 = CARTESIAN_POINT ( 'NONE',  ( -2.426874995234318710, 1.051005472321430156, 15.29364629521539065 ) ) ;
#2620 = LINE ( 'NONE', #1989, #3874 ) ;
#2621 = CARTESIAN_POINT ( 'NONE',  ( -9.819640960226711383E-14, 1.051005472321429268, 14.21641415235826678 ) ) ;
#2622 = ORIENTED_EDGE ( 'NONE', *, *, #3640, .F. ) ;
#2623 = CARTESIAN_POINT ( 'NONE',  ( 6.580000000000039151, 0.2000000000000000111, -5.449999999999957545 ) ) ;
#2624 = CARTESIAN_POINT ( 'NONE',  ( 6.349999999999925926, 6.910000000000001030, 10.53114629645424394 ) ) ;
#2625 = DIRECTION ( 'NONE',  ( 6.982962677686266711E-15, 0.000000000000000000, -1.000000000000000000 ) ) ;
#2626 = CIRCLE ( 'NONE', #8879, 0.2000000000000000944 ) ;
#2627 = CARTESIAN_POINT ( 'NONE',  ( 6.350000000000068034, 6.910000000000001030, -9.851725008082778956 ) ) ;
#2628 = DIRECTION ( 'NONE',  ( -0.000000000000000000, -1.000000000000000000, 0.000000000000000000 ) ) ;
#2629 = CARTESIAN_POINT ( 'NONE',  ( -2.426874995234324928, 1.051005472321430156, 16.20078915235824724 ) ) ;
#2630 = CARTESIAN_POINT ( 'NONE',  ( -3.195342312007288132, 1.649622372367336220, 16.34146600048093489 ) ) ;
#2631 = DIRECTION ( 'NONE',  ( 0.000000000000000000, -1.000000000000000000, -0.000000000000000000 ) ) ;
#2632 = CARTESIAN_POINT ( 'NONE',  ( -5.079999999999993854, -10.28842712474619248, -1.000000000000036415 ) ) ;
#2633 = EDGE_CURVE ( 'NONE', #8685, #7772, #1409, .T. ) ;
#2634 = ADVANCED_FACE ( 'NONE', ( #2495 ), #2400, .T. ) ;
#2635 = VECTOR ( 'NONE', #7547, 1000.000000000000000 ) ;
#2636 = CARTESIAN_POINT ( 'NONE',  ( -5.858994527678663466, 9.336874995234211383, 13.02578915235822699 ) ) ;
#2637 = EDGE_CURVE ( 'NONE', #7805, #2873, #682, .T. ) ;
#2638 = CARTESIAN_POINT ( 'NONE',  ( 6.349999999999848654, 9.540256121069194961, 15.91730700826237843 ) ) ;
#2639 = EDGE_CURVE ( 'NONE', #55, #3187, #6636, .T. ) ;
#2640 = CARTESIAN_POINT ( 'NONE',  ( -4.142934761456507076, 11.05293476145639175, 16.59766415235823800 ) ) ;
#2641 = ORIENTED_EDGE ( 'NONE', *, *, #5231, .F. ) ;
#2642 = EDGE_CURVE ( 'NONE', #8470, #3843, #7273, .T. ) ;
#2643 = CARTESIAN_POINT ( 'NONE',  ( 0.7430714330481976715, 12.84999999999999432, 15.83295334822956768 ) ) ;
#2644 = FACE_OUTER_BOUND ( 'NONE', #2308, .T. ) ;
#2645 = ORIENTED_EDGE ( 'NONE', *, *, #3339, .T. ) ;
#2646 = VECTOR ( 'NONE', #3021, 1000.000000000000000 ) ;
#2647 = CARTESIAN_POINT ( 'NONE',  ( 2.244749429223563464, 12.84999999999999787, 15.24159893470277716 ) ) ;
#2648 = DIRECTION ( 'NONE',  ( -6.982962677686266711E-15, -0.000000000000000000, 1.000000000000000000 ) ) ;
#2649 = ORIENTED_EDGE ( 'NONE', *, *, #2258, .T. ) ;
#2650 = CARTESIAN_POINT ( 'NONE',  ( 3.999999999999963585, 6.910000000000000142, 5.196291501015266157 ) ) ;
#2651 = CARTESIAN_POINT ( 'NONE',  ( -3.379999999999960369, 0.2000000000000000944, -5.450000000000026823 ) ) ;
#2652 = CARTESIAN_POINT ( 'NONE',  ( 4.490128060534495980, 11.40012806053457695, 11.43828915111951083 ) ) ;
#2653 = CARTESIAN_POINT ( 'NONE',  ( -5.858994527678676789, 9.336874995234211383, 15.06686058092965474 ) ) ;
#2654 = ORIENTED_EDGE ( 'NONE', *, *, #2742, .T. ) ;
#2655 = EDGE_CURVE ( 'NONE', #2891, #699, #6757, .T. ) ;
#2656 = DIRECTION ( 'NONE',  ( -1.000000000000000000, 0.000000000000000000, -6.982962677686266711E-15 ) ) ;
#2657 = CARTESIAN_POINT ( 'NONE',  ( 3.547345040264623994E-14, -4.540000000000000036, -5.080000000000000071 ) ) ;
#2658 = CARTESIAN_POINT ( 'NONE',  ( -4.142934761456464443, 2.767065238543608530, 10.70123558092966753 ) ) ;
#2659 = CARTESIAN_POINT ( 'NONE',  ( -2.244749429223758863, 12.84999999999999076, 9.789443655728042870 ) ) ;
#2660 = CARTESIAN_POINT ( 'NONE',  ( -4.142934761456495529, 2.767065238543608530, 15.01016415235823587 ) ) ;
#2661 = VECTOR ( 'NONE', #8946, 1000.000000000000000 ) ;
#2662 = ORIENTED_EDGE ( 'NONE', *, *, #2903, .T. ) ;
#2663 = DIRECTION ( 'NONE',  ( -6.747905296117594716E-15, 0.000000000000000000, 1.000000000000000000 ) ) ;
#2664 = ADVANCED_FACE ( 'NONE', ( #5498 ), #505, .T. ) ;
#2665 = CARTESIAN_POINT ( 'NONE',  ( -4.050901741182421745, 11.14296727587789526, 7.749999999999956479 ) ) ;
#2666 = DIRECTION ( 'NONE',  ( -6.747905296117593928E-15, 0.000000000000000000, 1.000000000000000000 ) ) ;
#2667 = CARTESIAN_POINT ( 'NONE',  ( -5.858994527678664355, 9.336874995234211383, 13.25257486664393980 ) ) ;
#2668 = DIRECTION ( 'NONE',  ( 6.982962677686266711E-15, 0.000000000000000000, -1.000000000000000000 ) ) ;
#2669 = DIRECTION ( 'NONE',  ( -6.982962677686266711E-15, 0.000000000000000000, 1.000000000000000000 ) ) ;
#2670 = EDGE_CURVE ( 'NONE', #2557, #5313, #4159, .T. ) ;
#2671 = CARTESIAN_POINT ( 'NONE',  ( -2.244749429223767301, 12.84999999999999964, 14.32515794144232757 ) ) ;
#2672 = CARTESIAN_POINT ( 'NONE',  ( -5.858994527678676789, 9.336874995234211383, 15.06686058092965474 ) ) ;
#2673 = AXIS2_PLACEMENT_3D ( 'NONE', #1801, #6670, #8621 ) ;
#2674 =( BOUNDED_CURVE ( )  B_SPLINE_CURVE ( 2, ( #8736, #4639, #418, #1093, #321, #8014, #1817, #3082, #1774 ),
 .UNSPECIFIED., .F., .F. ) 
 B_SPLINE_CURVE_WITH_KNOTS ( ( 3, 2, 2, 2, 3 ),
 ( 0.1363636363636361315, 0.1477272727272725683, 0.1590909090909090051, 0.1704545454545454142, 0.1818181818181818510 ),
 .UNSPECIFIED. ) 
 CURVE ( )  GEOMETRIC_REPRESENTATION_ITEM ( )  RATIONAL_B_SPLINE_CURVE ( ( 1.000000000000001554, 0.9238795325112852952, 1.000000000000000000, 0.9238795325112867385, 1.000000000000000000, 0.9238795325112867385, 1.000000000000000000, 0.9238795325112865164, 1.000000000000000222 ) ) 
 REPRESENTATION_ITEM ( '' )  );
#2675 = CARTESIAN_POINT ( 'NONE',  ( 3.855171951657343055, 2.327240311108690118, 16.43186920789679561 ) ) ;
#2676 = CARTESIAN_POINT ( 'NONE',  ( 6.879422804227080120E-14, 6.910000000000000142, -9.851725008082825141 ) ) ;
#2677 = CARTESIAN_POINT ( 'NONE',  ( 3.071951451442723080, 12.27921110548113326, 7.750000000000021316 ) ) ;
#2678 = CARTESIAN_POINT ( 'NONE',  ( -5.858994527678668796, 6.910000000000000142, 13.98962843807251133 ) ) ;
#2679 = LINE ( 'NONE', #6835, #1544 ) ;
#2680 = CARTESIAN_POINT ( 'NONE',  ( 2.426874995234108656, 12.76899452767857390, 14.61328915235828241 ) ) ;
#2681 = ORIENTED_EDGE ( 'NONE', *, *, #3492, .F. ) ;
#2682 = FILL_AREA_STYLE_COLOUR ( '', #1958 ) ;
#2683 = CARTESIAN_POINT ( 'NONE',  ( 6.579999999999988525, 0.2000000000000000111, 1.800000000000046008 ) ) ;
#2684 = ORIENTED_EDGE ( 'NONE', *, *, #5111, .T. ) ;
#2685 = DIRECTION ( 'NONE',  ( -1.000000000000000000, 0.000000000000000000, -6.982962677686266711E-15 ) ) ;
#2686 = DIRECTION ( 'NONE',  ( -6.982962677686266711E-15, 0.000000000000000000, 1.000000000000000000 ) ) ;
#2687 = EDGE_LOOP ( 'NONE', ( #3223, #384, #6043, #7181 ) ) ;
#2688 = DIRECTION ( 'NONE',  ( 0.000000000000000000, -1.000000000000000000, 0.000000000000000000 ) ) ;
#2689 = CIRCLE ( 'NONE', #4013, 1.599999999999999867 ) ;
#2690 = CARTESIAN_POINT ( 'NONE',  ( 4.490128060534511967, 2.419871939465424227, 9.397217722548081298 ) ) ;
#2691 = CARTESIAN_POINT ( 'NONE',  ( -4.142934761456490200, 2.767065238543608530, 14.32980700950109387 ) ) ;
#2692 = ORIENTED_EDGE ( 'NONE', *, *, #8233, .F. ) ;
#2693 = CARTESIAN_POINT ( 'NONE',  ( 4.007842712474656288, 0.6400000000000002354, -5.649999999999975486 ) ) ;
#2694 = LINE ( 'NONE', #6893, #5781 ) ;
#2695 = CARTESIAN_POINT ( 'NONE',  ( 2.426874995234125532, 1.051005472321430156, 12.68561058092971194 ) ) ;
#2696 = PRESENTATION_STYLE_ASSIGNMENT (( #546 ) ) ;
#2697 = CARTESIAN_POINT ( 'NONE',  ( 5.858994527678484943, 4.483125004765792454, 12.57221772378688129 ) ) ;
#2698 = CIRCLE ( 'NONE', #6787, 1.599999999999999867 ) ;
#2699 = ORIENTED_EDGE ( 'NONE', *, *, #7511, .T. ) ;
#2700 = LINE ( 'NONE', #4857, #1272 ) ;
#2701 = DIRECTION ( 'NONE',  ( 6.982962677686266711E-15, 0.000000000000000000, -1.000000000000000000 ) ) ;
#2702 = CARTESIAN_POINT ( 'NONE',  ( -6.350000000000107114, 6.910000000000000142, 15.40703915111943267 ) ) ;
#2703 = ADVANCED_FACE ( 'NONE', ( #1949 ), #4725, .F. ) ;
#2704 = CARTESIAN_POINT ( 'NONE',  ( 5.858994527678487607, 9.336874995234211383, 12.00525343807259304 ) ) ;
#2705 = VECTOR ( 'NONE', #216, 1000.000000000000000 ) ;
#2706 = ADVANCED_FACE ( 'NONE', ( #2066 ), #8147, .T. ) ;
#2707 = DIRECTION ( 'NONE',  ( -1.000000000000000000, 0.000000000000000000, -7.047314121155779610E-15 ) ) ;
#2708 = DIRECTION ( 'NONE',  ( 6.982962677686266711E-15, 0.000000000000000000, -1.000000000000000000 ) ) ;
#2709 = VERTEX_POINT ( 'NONE', #1986 ) ;
#2710 = CARTESIAN_POINT ( 'NONE',  ( -6.350000000000076028, 6.910000000000000142, 10.98471772502558252 ) ) ;
#2711 = EDGE_LOOP ( 'NONE', ( #7649, #6564, #4520, #6361 ) ) ;
#2712 = CARTESIAN_POINT ( 'NONE',  ( 4.142934761456284143, 2.767065238543610306, 15.46373558092972367 ) ) ;
#2713 = CIRCLE ( 'NONE', #1147, 0.1999999999999996503 ) ;
#2714 = CARTESIAN_POINT ( 'NONE',  ( 0.8362524804726788608, 0.9083792530843763924, 16.39085085495643312 ) ) ;
#2715 = CARTESIAN_POINT ( 'NONE',  ( -0.7595038909412782369, 12.84999999999999609, 14.96165448966823064 ) ) ;
#2716 = CARTESIAN_POINT ( 'NONE',  ( 1.423141496289630714, 12.84999999999999432, 7.750000000000007994 ) ) ;
#2717 = ADVANCED_FACE ( 'NONE', ( #4766 ), #3994, .F. ) ;
#2718 = CARTESIAN_POINT ( 'NONE',  ( 4.142934761456304571, 2.767065238543610306, 12.51552129521543932 ) ) ;
#2719 = FACE_OUTER_BOUND ( 'NONE', #3184, .T. ) ;
#2720 =( BOUNDED_CURVE ( )  B_SPLINE_CURVE ( 2, ( #2088, #1358, #8912, #6191, #601 ),
 .UNSPECIFIED., .F., .F. ) 
 B_SPLINE_CURVE_WITH_KNOTS ( ( 3, 2, 3 ),
 ( 0.5734153533866654939, 0.5795454545454544748, 0.5909090909090907173 ),
 .UNSPECIFIED. ) 
 CURVE ( )  GEOMETRIC_REPRESENTATION_ITEM ( )  RATIONAL_B_SPLINE_CURVE ( ( 0.9621766860142484390, 0.9589368973955085806, 1.000000000000000000, 0.9238795325112881818, 0.9999999999999985567 ) ) 
 REPRESENTATION_ITEM ( '' )  );
#2721 = CARTESIAN_POINT ( 'NONE',  ( 4.142934761456288584, 11.05293476145639175, 14.55659272378686708 ) ) ;
#2722 = VERTEX_POINT ( 'NONE', #6136 ) ;
#2723 = ADVANCED_FACE ( 'NONE', ( #1340 ), #2618, .F. ) ;
#2724 = STYLED_ITEM ( 'NONE', ( #1711 ), #2551 ) ;
#2725 = FACE_OUTER_BOUND ( 'NONE', #6595, .T. ) ;
#2726 = FACE_OUTER_BOUND ( 'NONE', #8925, .T. ) ;
#2727 = ORIENTED_EDGE ( 'NONE', *, *, #5217, .T. ) ;
#2728 = CYLINDRICAL_SURFACE ( 'NONE', #4085, 0.1999999999999996503 ) ;
#2729 = CARTESIAN_POINT ( 'NONE',  ( 2.244749429223633630, 12.84999999999999076, 7.984456077559919152 ) ) ;
#2730 = ORIENTED_EDGE ( 'NONE', *, *, #4861, .T. ) ;
#2731 = CARTESIAN_POINT ( 'NONE',  ( 6.349999999999894840, 9.540256121069157658, 15.12355701073995995 ) ) ;
#2732 = FACE_OUTER_BOUND ( 'NONE', #1745, .T. ) ;
#2733 = CIRCLE ( 'NONE', #4787, 0.1999999999999996503 ) ;
#2734 = CARTESIAN_POINT ( 'NONE',  ( 6.349999999999929479, 4.279743878930847956, 10.36105700826237808 ) ) ;
#2735 = CARTESIAN_POINT ( 'NONE',  ( 5.914970361247659625, 9.219897319267913005, 7.750000000000039968 ) ) ;
#2736 = ORIENTED_EDGE ( 'NONE', *, *, #4877, .F. ) ;
#2737 = CARTESIAN_POINT ( 'NONE',  ( -6.350000000000076028, 6.910000000000000142, 10.87132486540514797 ) ) ;
#2738 = ADVANCED_FACE ( 'NONE', ( #6176 ), #5537, .T. ) ;
#2739 = DIRECTION ( 'NONE',  ( 6.982962677686266711E-15, 0.000000000000000000, -1.000000000000000000 ) ) ;
#2740 = CARTESIAN_POINT ( 'NONE',  ( 5.858994527678489384, 4.483125004765792454, 11.89186058092973575 ) ) ;
#2741 = CARTESIAN_POINT ( 'NONE',  ( -2.244749429223758863, 12.84999999999999076, 9.789443655728042870 ) ) ;
#2742 = EDGE_CURVE ( 'NONE', #7741, #2393, #6050, .T. ) ;
#2743 = CARTESIAN_POINT ( 'NONE',  ( -5.858994527678668796, 9.336874995234211383, 13.93293200950108357 ) ) ;
#2744 = CIRCLE ( 'NONE', #6384, 0.4000000000000001887 ) ;
#2745 = ORIENTED_EDGE ( 'NONE', *, *, #3794, .T. ) ;
#2746 = DIRECTION ( 'NONE',  ( 1.000000000000000000, 0.000000000000000000, 6.747905296117595505E-15 ) ) ;
#2747 = CARTESIAN_POINT ( 'NONE',  ( -4.124999999999974243, 0.2000000000000000111, -3.550000000000030020 ) ) ;
#2748 = CARTESIAN_POINT ( 'NONE',  ( -4.490128060534683385, 11.40012806053457695, 15.29364629397658959 ) ) ;
#2749 = EDGE_CURVE ( 'NONE', #6477, #6356, #7460, .T. ) ;
#2750 = CARTESIAN_POINT ( 'NONE',  ( -2.426874995234289845, 12.76899452767857390, 11.32489629521539243 ) ) ;
#2751 = EDGE_LOOP ( 'NONE', ( #4150, #850, #746, #5914 ) ) ;
#2752 = DIRECTION ( 'NONE',  ( -8.673617379884030739E-15, 0.000000000000000000, 1.000000000000000000 ) ) ;
#2753 = LINE ( 'NONE', #7469, #2093 ) ;
#2754 = ADVANCED_FACE ( 'NONE', ( #1220 ), #8224, .T. ) ;
#2755 = ORIENTED_EDGE ( 'NONE', *, *, #4876, .T. ) ;
#2756 = CARTESIAN_POINT ( 'NONE',  ( -6.350000000000075140, 9.540256121069159434, 10.92802129645415121 ) ) ;
#2757 = VERTEX_POINT ( 'NONE', #3350 ) ;
#2758 = VECTOR ( 'NONE', #3916, 1000.000000000000000 ) ;
#2759 = CARTESIAN_POINT ( 'NONE',  ( 4.142934761456277037, 2.767065238543610306, 16.37087843807258025 ) ) ;
#2760 = DIRECTION ( 'NONE',  ( 6.982962677686266711E-15, 0.000000000000000000, -1.000000000000000000 ) ) ;
#2761 = CARTESIAN_POINT ( 'NONE',  ( 3.580000000000020499, 0.2000000000000000944, -3.149999999999976819 ) ) ;
#2762 = LINE ( 'NONE', #1964, #5868 ) ;
#2763 = CARTESIAN_POINT ( 'NONE',  ( 5.858994527678475173, 6.910000000000001030, 13.76284272378688023 ) ) ;
#2764 = CARTESIAN_POINT ( 'NONE',  ( -4.142934761456462667, 2.767065238543608530, 10.47444986664395294 ) ) ;
#2765 = DIRECTION ( 'NONE',  ( 6.938893903907229955E-15, 0.000000000000000000, -1.000000000000000000 ) ) ;
#2766 = CARTESIAN_POINT ( 'NONE',  ( -6.350000000000051159, 6.910000000000000142, 7.356146296454154410 ) ) ;
#2767 = AXIS2_PLACEMENT_3D ( 'NONE', #5892, #7347, #1153 ) ;
#2768 = ORIENTED_EDGE ( 'NONE', *, *, #1976, .T. ) ;
#2769 = CARTESIAN_POINT ( 'NONE',  ( 6.349999999999887734, 6.910000000000001030, 15.97400343931138700 ) ) ;
#2770 = CARTESIAN_POINT ( 'NONE',  ( 6.879422804227080120E-14, 6.910000000000000142, -9.851725008082825141 ) ) ;
#2771 = VERTEX_POINT ( 'NONE', #2576 ) ;
#2772 = DIRECTION ( 'NONE',  ( -1.000000000000000000, 0.000000000000000000, -7.039652987358711629E-15 ) ) ;
#2773 = FILL_AREA_STYLE ('',( #1377 ) ) ;
#2774 = EDGE_LOOP ( 'NONE', ( #8543, #5596, #5959, #1779 ) ) ;
#2775 = CARTESIAN_POINT ( 'NONE',  ( -3.580000000000020499, 2.000000000000000000, 3.099999999999975220 ) ) ;
#2776 = LINE ( 'NONE', #6382, #3574 ) ;
#2777 = AXIS2_PLACEMENT_3D ( 'NONE', #1955, #4382, #348 ) ;
#2778 = CARTESIAN_POINT ( 'NONE',  ( -6.366212646511232589E-14, 0.5600000000000006084, 9.283824865405193805 ) ) ;
#2779 = CARTESIAN_POINT ( 'NONE',  ( 4.142934761456293025, 11.05293476145639175, 13.87623558092972509 ) ) ;
#2780 = ORIENTED_EDGE ( 'NONE', *, *, #8866, .F. ) ;
#2781 = PLANE ( 'NONE',  #6234 ) ;
#2782 = CYLINDRICAL_SURFACE ( 'NONE', #4030, 0.2000000000000000944 ) ;
#2783 = CARTESIAN_POINT ( 'NONE',  ( 5.858994527678487607, 9.336874995234211383, 12.00525343807259304 ) ) ;
#2784 = CARTESIAN_POINT ( 'NONE',  ( 6.580000000000040039, 0.8543593539448994800, -5.649999999999956835 ) ) ;
#2785 = CARTESIAN_POINT ( 'NONE',  ( 2.426874995234133969, 12.76899452767857390, 10.98471772378685429 ) ) ;
#2786 = AXIS2_PLACEMENT_3D ( 'NONE', #3036, #2852, #5650 ) ;
#2787 = ORIENTED_EDGE ( 'NONE', *, *, #8268, .F. ) ;
#2788 = CARTESIAN_POINT ( 'NONE',  ( -3.580000000000011617, 0.2000000000000000111, 1.799999999999974953 ) ) ;
#2789 = FACE_OUTER_BOUND ( 'NONE', #7110, .T. ) ;
#2790 = CARTESIAN_POINT ( 'NONE',  ( 6.349999999999966782, 4.279743878930885259, 10.47444986788281440 ) ) ;
#2791 = CARTESIAN_POINT ( 'NONE',  ( 5.858994527678475173, 6.910000000000001030, 13.76284272378688023 ) ) ;
#2792 = CARTESIAN_POINT ( 'NONE',  ( -6.275904031592707710, 7.244302947543297400, 16.26410419271062580 ) ) ;
#2793 = AXIS2_PLACEMENT_3D ( 'NONE', #3553, #2950, #4935 ) ;
#2794 = DIRECTION ( 'NONE',  ( -6.926272368013821792E-15, 0.000000000000000000, 1.000000000000000000 ) ) ;
#2795 = ORIENTED_EDGE ( 'NONE', *, *, #2395, .T. ) ;
#2796 = FACE_OUTER_BOUND ( 'NONE', #5038, .T. ) ;
#2797 = ORIENTED_EDGE ( 'NONE', *, *, #1831, .T. ) ;
#2798 = EDGE_CURVE ( 'NONE', #7922, #7235, #3165, .T. ) ;
#2799 = CARTESIAN_POINT ( 'NONE',  ( -1.043823579172444875E-13, 12.76899452767857213, 14.89677129521540877 ) ) ;
#2800 = VECTOR ( 'NONE', #2317, 1000.000000000000000 ) ;
#2801 = DIRECTION ( 'NONE',  ( -6.865433986901931108E-15, -0.000000000000000000, 1.000000000000000000 ) ) ;
#2802 = CARTESIAN_POINT ( 'NONE',  ( 6.349999999999890399, 9.540256121069186079, 11.49498558216853006 ) ) ;
#2803 = CARTESIAN_POINT ( 'NONE',  ( 6.579999999999986748, 0.000000000000000000, 2.000000000000046185 ) ) ;
#2804 = EDGE_CURVE ( 'NONE', #3669, #5965, #5373, .T. ) ;
#2805 = CARTESIAN_POINT ( 'NONE',  ( -2.426874995234305832, 1.051005472321430156, 13.47936058092968103 ) ) ;
#2806 = CARTESIAN_POINT ( 'NONE',  ( 5.858994527678516029, 4.483125004765792454, 8.036503438072594818 ) ) ;
#2807 = CARTESIAN_POINT ( 'NONE',  ( -4.124999999999976019, 0.2000000000000000944, -3.350000000000029843 ) ) ;
#2808 = CARTESIAN_POINT ( 'NONE',  ( -5.858994527678681230, 6.910000000000000142, 15.80391415235822627 ) ) ;
#2809 = AXIS2_PLACEMENT_3D ( 'NONE', #2761, #4874, #8637 ) ;
#2810 = ORIENTED_EDGE ( 'NONE', *, *, #788, .F. ) ;
#2811 = ORIENTED_EDGE ( 'NONE', *, *, #2642, .F. ) ;
#2812 = PLANE ( 'NONE',  #4379 ) ;
#2813 = FACE_OUTER_BOUND ( 'NONE', #366, .T. ) ;
#2814 = VERTEX_POINT ( 'NONE', #8864 ) ;
#2815 = EDGE_CURVE ( 'NONE', #451, #4262, #108, .T. ) ;
#2816 = CARTESIAN_POINT ( 'NONE',  ( -6.350000000000094680, 6.910000000000000142, 13.59275343683371773 ) ) ;
#2817 = EDGE_LOOP ( 'NONE', ( #5535, #5443, #646, #123 ) ) ;
#2818 = CARTESIAN_POINT ( 'NONE',  ( 4.490128060534473775, 2.419871939465424227, 14.95346772502565713 ) ) ;
#2819 = CARTESIAN_POINT ( 'NONE',  ( 0.000000000000000000, 12.94999999999999929, 0.000000000000000000 ) ) ;
#2820 = MECHANICAL_DESIGN_GEOMETRIC_PRESENTATION_REPRESENTATION (  '', ( #4614 ), #8081 ) ;
#2821 = FACE_OUTER_BOUND ( 'NONE', #5094, .T. ) ;
#2822 = CARTESIAN_POINT ( 'NONE',  ( 6.349999999999940137, 6.910000000000001030, 8.603467722548094443 ) ) ;
#2823 = CARTESIAN_POINT ( 'NONE',  ( 3.523501616404607795, 12.36675450466445625, 12.37489869679179577 ) ) ;
#2824 = ORIENTED_EDGE ( 'NONE', *, *, #5793, .T. ) ;
#2825 = B_SPLINE_CURVE_WITH_KNOTS ( 'NONE', 3,
 ( #4537, #7320, #1808, #4586, #653, #6717 ),
 .UNSPECIFIED., .F., .F.,
 ( 4, 2, 4 ),
 ( 8.845388854693240202E-18, 0.002265709294126728481, 0.004531418588253448287 ),
 .UNSPECIFIED. ) ;
#2826 = DIRECTION ( 'NONE',  ( -1.000000000000000000, 0.000000000000000000, -6.505213034913023449E-15 ) ) ;
#2827 = FACE_OUTER_BOUND ( 'NONE', #7995, .T. ) ;
#2828 = CARTESIAN_POINT ( 'NONE',  ( 2.426874995234131749, 1.051005472321430156, 11.77846772378685714 ) ) ;
#2829 = DIRECTION ( 'NONE',  ( -8.520838099651520869E-15, -0.000000000000000000, 1.000000000000000000 ) ) ;
#2830 = CARTESIAN_POINT ( 'NONE',  ( 5.858994527678508923, 6.910000000000001030, 9.000342723786880939 ) ) ;
#2831 = EDGE_CURVE ( 'NONE', #3836, #272, #2694, .T. ) ;
#2832 = CARTESIAN_POINT ( 'NONE',  ( -6.580000000000024052, 0.2000000000000000944, 3.299999999999954525 ) ) ;
#2833 = STYLED_ITEM ( 'NONE', ( #3657 ), #4287 ) ;
#2834 = FACE_OUTER_BOUND ( 'NONE', #3207, .T. ) ;
#2835 = SURFACE_STYLE_USAGE ( .BOTH. , #77 ) ;
#2836 = VECTOR ( 'NONE', #8181, 1000.000000000000000 ) ;
#2837 = CARTESIAN_POINT ( 'NONE',  ( -2.426874995234299615, 1.051005472321430156, 12.57221772378682090 ) ) ;
#2838 = CIRCLE ( 'NONE', #5477, 0.2000000000000000944 ) ;
#2839 = ORIENTED_EDGE ( 'NONE', *, *, #1419, .T. ) ;
#2840 = CYLINDRICAL_SURFACE ( 'NONE', #1542, 0.1999999999999998723 ) ;
#2841 = AXIS2_PLACEMENT_3D ( 'NONE', #6532, #4489, #1168 ) ;
#2842 = CIRCLE ( 'NONE', #1992, 0.2000000000000000944 ) ;
#2843 = DIRECTION ( 'NONE',  ( 6.938893903907229955E-15, 0.000000000000000000, -1.000000000000000000 ) ) ;
#2844 = EDGE_CURVE ( 'NONE', #1728, #3293, #3524, .T. ) ;
#2845 = VERTEX_POINT ( 'NONE', #8532 ) ;
#2846 = CARTESIAN_POINT ( 'NONE',  ( 4.490128060534479992, 2.419871939465424227, 14.04632486788280055 ) ) ;
#2847 = EDGE_LOOP ( 'NONE', ( #7771, #3536, #705, #5951 ) ) ;
#2848 = CARTESIAN_POINT ( 'NONE',  ( 4.142934761456300130, 11.05293476145639175, 12.96909272378686673 ) ) ;
#2849 = CIRCLE ( 'NONE', #4165, 4.000000000000000000 ) ;
#2850 = AXIS2_PLACEMENT_3D ( 'NONE', #5631, #4248, #209 ) ;
#2851 = DIRECTION ( 'NONE',  ( -1.000000000000000000, 0.000000000000000000, -7.047314121155779610E-15 ) ) ;
#2852 = DIRECTION ( 'NONE',  ( -6.982962677686266711E-15, 0.000000000000000000, 1.000000000000000000 ) ) ;
#2853 = DIRECTION ( 'NONE',  ( 6.982962677686266711E-15, 0.000000000000000000, -1.000000000000000000 ) ) ;
#2854 = EDGE_CURVE ( 'NONE', #4231, #4418, #6299, .T. ) ;
#2855 = EDGE_CURVE ( 'NONE', #5759, #4644, #5582, .T. ) ;
#2856 = DIRECTION ( 'NONE',  ( -1.000000000000000000, 0.000000000000000000, -6.982962677686266711E-15 ) ) ;
#2857 = ADVANCED_FACE ( 'NONE', ( #4208 ), #2782, .T. ) ;
#2858 = CARTESIAN_POINT ( 'NONE',  ( -4.142934761456458226, 11.05293476145639175, 9.567307009501094583 ) ) ;
#2859 = CARTESIAN_POINT ( 'NONE',  ( 4.142934761456329440, 2.767065238543610306, 8.886949866644011209 ) ) ;
#2860 = DIRECTION ( 'NONE',  ( 8.673617379884051249E-15, 0.000000000000000000, -1.000000000000000000 ) ) ;
#2861 = CARTESIAN_POINT ( 'NONE',  ( -7.919277545799234604E-14, 1.051005472321429268, 11.49498558092969525 ) ) ;
#2862 = ORIENTED_EDGE ( 'NONE', *, *, #7609, .F. ) ;
#2863 = ORIENTED_EDGE ( 'NONE', *, *, #7391, .T. ) ;
#2864 = DIRECTION ( 'NONE',  ( 1.000000000000000000, 0.000000000000000000, 6.982962677686266711E-15 ) ) ;
#2865 = CARTESIAN_POINT ( 'NONE',  ( 5.079999999999999183, -3.430000000000002380, 3.547345040264623363E-14 ) ) ;
#2866 = ORIENTED_EDGE ( 'NONE', *, *, #8374, .F. ) ;
#2867 = ADVANCED_FACE ( 'NONE', ( #2827 ), #3477, .T. ) ;
#2868 = DIRECTION ( 'NONE',  ( 6.195440985631425735E-15, 0.000000000000000000, -1.000000000000000000 ) ) ;
#2869 = ORIENTED_EDGE ( 'NONE', *, *, #1703, .T. ) ;
#2870 = CARTESIAN_POINT ( 'NONE',  ( 2.630256121069073139, 0.5600000000000022737, 12.17534272502564541 ) ) ;
#2871 = CARTESIAN_POINT ( 'NONE',  ( 2.393935740965830838, 1.228240667727411806, 7.750000000000015987 ) ) ;
#2872 = CARTESIAN_POINT ( 'NONE',  ( -5.779999999999955840, 12.94999999999999929, -6.350000000000040501 ) ) ;
#2873 = VERTEX_POINT ( 'NONE', #7729 ) ;
#2874 = DIRECTION ( 'NONE',  ( 6.982962677686266711E-15, 0.000000000000000000, -1.000000000000000000 ) ) ;
#2875 = EDGE_LOOP ( 'NONE', ( #2556, #5312, #7943, #8735 ) ) ;
#2876 = VERTEX_POINT ( 'NONE', #2111 ) ;
#2877 = CARTESIAN_POINT ( 'NONE',  ( 6.350000000000068034, 6.910000000000001030, -9.851725008082778956 ) ) ;
#2878 = CARTESIAN_POINT ( 'NONE',  ( 5.858994527678506259, 9.336874995234211383, 9.283824866644025064 ) ) ;
#2879 = CARTESIAN_POINT ( 'NONE',  ( -6.350000000000068923, 6.910000000000000142, 9.964182008262289614 ) ) ;
#2880 = VECTOR ( 'NONE', #6849, 1000.000000000000000 ) ;
#2881 = CARTESIAN_POINT ( 'NONE',  ( 2.426874995234139742, 1.051005472321430156, 10.64453915235828241 ) ) ;
#2882 = CARTESIAN_POINT ( 'NONE',  ( -7.380000000000075389, 12.94999999999999929, 7.749999999999949374 ) ) ;
#2883 = ORIENTED_EDGE ( 'NONE', *, *, #1310, .F. ) ;
#2885 = CARTESIAN_POINT ( 'NONE',  ( -6.350000000000083134, 9.540256121069164763, 13.53605700826228997 ) ) ;
#2884 = CIRCLE ( 'NONE', #7997, 6.350000000000000533 ) ;
#2886 = CARTESIAN_POINT ( 'NONE',  ( 0.7992449617023771324, 11.64390440720572428, 24.79492096454901784 ) ) ;
#2887 = CARTESIAN_POINT ( 'NONE',  ( 5.858994527678500042, 6.910000000000001030, 10.13427129521545211 ) ) ;
#2888 = CARTESIAN_POINT ( 'NONE',  ( 4.490128060534499532, 2.419871939465424227, 11.21150343683379624 ) ) ;
#2889 = ORIENTED_EDGE ( 'NONE', *, *, #4373, .T. ) ;
#2890 = AXIS2_PLACEMENT_3D ( 'NONE', #1107, #3140, #4562 ) ;
#2891 = VERTEX_POINT ( 'NONE', #7774 ) ;
#2892 = CARTESIAN_POINT ( 'NONE',  ( -0.08566529993424382150, 12.78106704389605497, 16.50480700702354753 ) ) ;
#2893 = EDGE_LOOP ( 'NONE', ( #6678, #8013, #6030, #3718, #6448 ) ) ;
#2894 = CARTESIAN_POINT ( 'NONE',  ( -4.142934761456483095, 11.05293476145639175, 13.19587843807252270 ) ) ;
#2895 = DIRECTION ( 'NONE',  ( -1.000000000000000000, 0.000000000000000000, -6.866613759074861678E-15 ) ) ;
#2896 = CARTESIAN_POINT ( 'NONE',  ( -6.779999999999962057, 0.000000000000000000, -5.450000000000050804 ) ) ;
#2897 = CARTESIAN_POINT ( 'NONE',  ( -3.580000000000021831, 0.2000000000000000111, 3.299999999999975397 ) ) ;
#2898 = CARTESIAN_POINT ( 'NONE',  ( 5.858994527678516029, 4.483125004765792454, 8.263289152358309408 ) ) ;
#2899 = CARTESIAN_POINT ( 'NONE',  ( -5.858994527678630604, 9.336874995234211383, 8.490074866643940510 ) ) ;
#2900 = CARTESIAN_POINT ( 'NONE',  ( 1.732448248540362501, 12.84999999999999964, 16.26447566581594018 ) ) ;
#2901 = CARTESIAN_POINT ( 'NONE',  ( 4.142934761456310788, 2.767065238543610306, 11.60837843807258274 ) ) ;
#2902 = ORIENTED_EDGE ( 'NONE', *, *, #1529, .T. ) ;
#2903 = EDGE_CURVE ( 'NONE', #320, #6711, #4105, .T. ) ;
#2904 = ORIENTED_EDGE ( 'NONE', *, *, #598, .T. ) ;
#2905 = FACE_OUTER_BOUND ( 'NONE', #22, .T. ) ;
#2906 = EDGE_LOOP ( 'NONE', ( #3228, #2904, #6041, #5512 ) ) ;
#2907 = EDGE_CURVE ( 'NONE', #7235, #7922, #257, .T. ) ;
#2908 = SURFACE_SIDE_STYLE ('',( #4198 ) ) ;
#2909 = EDGE_CURVE ( 'NONE', #3174, #2243, #4343, .T. ) ;
#2910 = CARTESIAN_POINT ( 'NONE',  ( -9.612666814554922631E-14, 0.5600000000000006084, 13.93293201073991305 ) ) ;
#2911 = CARTESIAN_POINT ( 'NONE',  ( -0.9297337615767727881, 12.84999999999999964, 7.749999999999992895 ) ) ;
#2912 = CARTESIAN_POINT ( 'NONE',  ( -5.079999999999993854, -3.430000000000002380, -1.000000000000036415 ) ) ;
#2913 = ORIENTED_EDGE ( 'NONE', *, *, #5064, .F. ) ;
#2914 = CARTESIAN_POINT ( 'NONE',  ( 6.779999999999988702, 0.2000000000000000944, 1.800000000000047118 ) ) ;
#2915 = VERTEX_POINT ( 'NONE', #1522 ) ;
#2916 = AXIS2_PLACEMENT_3D ( 'NONE', #6597, #8783, #2542 ) ;
#2917 = ORIENTED_EDGE ( 'NONE', *, *, #7562, .T. ) ;
#2918 = ORIENTED_EDGE ( 'NONE', *, *, #605, .T. ) ;
#2919 = CARTESIAN_POINT ( 'NONE',  ( 2.244749429223614978, 12.84999999999999076, 10.70588464898848891 ) ) ;
#2920 =( LENGTH_UNIT ( ) NAMED_UNIT ( * ) SI_UNIT ( .MILLI., .METRE. ) );
#2921 = CARTESIAN_POINT ( 'NONE',  ( 5.458736177937689504, 9.038383474621321412, 7.466439048671421830 ) ) ;
#2922 = CARTESIAN_POINT ( 'NONE',  ( 6.753565686012657387, 0.9694351295344627584, 6.211887473864105225 ) ) ;
#2923 = CARTESIAN_POINT ( 'NONE',  ( 4.142934761456326775, 11.05293476145639175, 9.113735580929725799 ) ) ;
#2924 = CARTESIAN_POINT ( 'NONE',  ( -1.688480375464539215E-13, 1.374999999999999556, 24.17999999999999972 ) ) ;
#2925 = ORIENTED_EDGE ( 'NONE', *, *, #6944, .F. ) ;
#2926 = CYLINDRICAL_SURFACE ( 'NONE', #2527, 6.349999999999999645 ) ;
#2927 = SURFACE_STYLE_FILL_AREA ( #3028 ) ;
#2928 = EDGE_CURVE ( 'NONE', #3818, #7504, #1710, .T. ) ;
#2929 = CARTESIAN_POINT ( 'NONE',  ( -5.858994527678638597, 4.483125004765785349, 9.737396295215367203 ) ) ;
#2930 = CARTESIAN_POINT ( 'NONE',  ( 2.630256121069098896, 0.5600000000000022737, 8.433378436833782743 ) ) ;
#2931 = VERTEX_POINT ( 'NONE', #1612 ) ;
#2932 = CARTESIAN_POINT ( 'NONE',  ( 6.349999999999901057, 6.910000000000001030, 14.15971772502567205 ) ) ;
#2933 = AXIS2_PLACEMENT_3D ( 'NONE', #2152, #8440, #3655 ) ;
#2934 = ADVANCED_FACE ( 'NONE', ( #6257 ), #893, .T. ) ;
#2935 = LINE ( 'NONE', #6451, #4944 ) ;
#2936 = VERTEX_POINT ( 'NONE', #6435 ) ;
#2937 = CARTESIAN_POINT ( 'NONE',  ( 1.617113162439943297, 12.54463369910418358, 16.50480700702355819 ) ) ;
#2938 = CARTESIAN_POINT ( 'NONE',  ( 5.858994527678489384, 4.483125004765792454, 11.89186058092973752 ) ) ;
#2939 = DIRECTION ( 'NONE',  ( -0.000000000000000000, 1.000000000000000000, 0.000000000000000000 ) ) ;
#2940 = VECTOR ( 'NONE', #6204, 1000.000000000000000 ) ;
#2941 = DIRECTION ( 'NONE',  ( 6.982962677686266711E-15, -0.000000000000000000, -1.000000000000000000 ) ) ;
#2942 = LINE ( 'NONE', #5742, #4264 ) ;
#2943 = CARTESIAN_POINT ( 'NONE',  ( -5.858994527678638597, 6.910000000000000142, 9.680699866643939444 ) ) ;
#2944 = AXIS2_PLACEMENT_3D ( 'NONE', #5110, #7005, #2223 ) ;
#2945 = CARTESIAN_POINT ( 'NONE',  ( -5.858994527678636821, 9.336874995234211383, 9.397217723786798871 ) ) ;
#2946 = CARTESIAN_POINT ( 'NONE',  ( 2.244749429223574122, 12.84999999999999964, 13.31392036079662944 ) ) ;
#2947 = CARTESIAN_POINT ( 'NONE',  ( -5.858994527678643038, 6.910000000000000142, 10.36105700950108321 ) ) ;
#2948 = ORIENTED_EDGE ( 'NONE', *, *, #3199, .T. ) ;
#2949 = DIRECTION ( 'NONE',  ( -6.505213034913037648E-15, 0.000000000000000000, 1.000000000000000000 ) ) ;
#2950 = DIRECTION ( 'NONE',  ( -6.982962677686266711E-15, 0.000000000000000000, 1.000000000000000000 ) ) ;
#2951 = ORIENTED_EDGE ( 'NONE', *, *, #2363, .F. ) ;
#2952 = EDGE_CURVE ( 'NONE', #812, #7529, #5860, .T. ) ;
#2953 = AXIS2_PLACEMENT_3D ( 'NONE', #6019, #378, #8067 ) ;
#2954 = CARTESIAN_POINT ( 'NONE',  ( -2.630256121069251662, 0.5600000000000016076, 13.76284272254803120 ) ) ;
#2955 = CARTESIAN_POINT ( 'NONE',  ( 6.349999999999913491, 6.910000000000001030, 12.34543201073995711 ) ) ;
#2956 = DIRECTION ( 'NONE',  ( -1.000000000000000000, 0.000000000000000000, -6.982962677686266711E-15 ) ) ;
#2957 = DIRECTION ( 'NONE',  ( -1.000000000000000000, 0.000000000000000000, -6.982962677686266711E-15 ) ) ;
#2958 = ORIENTED_EDGE ( 'NONE', *, *, #4367, .F. ) ;
#2959 = CARTESIAN_POINT ( 'NONE',  ( 2.630256121069091790, 13.25999999999999979, 8.773557008262356405 ) ) ;
#2960 = ORIENTED_EDGE ( 'NONE', *, *, #2045, .F. ) ;
#2961 = EDGE_CURVE ( 'NONE', #8470, #4981, #400, .T. ) ;
#2962 = CARTESIAN_POINT ( 'NONE',  ( 6.350000000000068034, 6.910000000000001030, -9.851725008082778956 ) ) ;
#2963 = ORIENTED_EDGE ( 'NONE', *, *, #5728, .T. ) ;
#2964 = ORIENTED_EDGE ( 'NONE', *, *, #3879, .F. ) ;
#2965 =( BOUNDED_CURVE ( )  B_SPLINE_CURVE ( 2, ( #569, #3330, #8881, #2638, #3459 ),
 .UNSPECIFIED., .F., .T. ) 
 B_SPLINE_CURVE_WITH_KNOTS ( ( 3, 2, 3 ),
 ( 0.1188698988412108526, 0.1249999999999999167, 0.1363636363636361315 ),
 .UNSPECIFIED. ) 
 CURVE ( )  GEOMETRIC_REPRESENTATION_ITEM ( )  RATIONAL_B_SPLINE_CURVE ( ( 0.9621766860142484390, 0.9589368973955083586, 1.000000000000000000, 0.9238795325112881818, 0.9999999999999985567 ) ) 
 REPRESENTATION_ITEM ( '' )  );
#2966 = SURFACE_SIDE_STYLE ('',( #4195 ) ) ;
#2967 = CARTESIAN_POINT ( 'NONE',  ( 1.501160829117860196, 12.85000000000000320, 12.27123524414965772 ) ) ;
#2968 = CIRCLE ( 'NONE', #1104, 0.2000000000000000944 ) ;
#2969 = CARTESIAN_POINT ( 'NONE',  ( -1.190610579754746284E-13, 13.26000000000000156, 16.99453915111947921 ) ) ;
#2970 =( NAMED_UNIT ( * ) SI_UNIT ( $, .STERADIAN. ) SOLID_ANGLE_UNIT ( ) );
#2971 = ADVANCED_FACE ( 'NONE', ( #937 ), #6621, .T. ) ;
#2972 = CARTESIAN_POINT ( 'NONE',  ( -4.142934761456462667, 11.05293476145639175, 10.24766415235823835 ) ) ;
#2973 = DIRECTION ( 'NONE',  ( 1.727380818872964658E-16, -1.000000000000000000, 1.206223578834105269E-30 ) ) ;
#2974 = EDGE_LOOP ( 'NONE', ( #6943, #5120, #2526, #1338 ) ) ;
#2975 = DIRECTION ( 'NONE',  ( -1.000000000000000000, 0.000000000000000000, -6.505213034913016349E-15 ) ) ;
#2976 = DIRECTION ( 'NONE',  ( 1.000000000000000000, 2.620428211445327472E-16, 6.982962677686266711E-15 ) ) ;
#2977 = CARTESIAN_POINT ( 'NONE',  ( -4.142934761456452009, 11.05293476145639175, 8.660164152358237999 ) ) ;
#2978 = CARTESIAN_POINT ( 'NONE',  ( 6.349999999999933031, 6.910000000000001030, 9.510610579690952804 ) ) ;
#2979 = ORIENTED_EDGE ( 'NONE', *, *, #3879, .T. ) ;
#2980 = ORIENTED_EDGE ( 'NONE', *, *, #2548, .T. ) ;
#2981 = CARTESIAN_POINT ( 'NONE',  ( 6.349999999999874412, 9.540256121069177198, 14.21641415359709981 ) ) ;
#2982 =( NAMED_UNIT ( * ) SI_UNIT ( $, .STERADIAN. ) SOLID_ANGLE_UNIT ( ) );
#2983 =( GEOMETRIC_REPRESENTATION_CONTEXT ( 3 ) GLOBAL_UNCERTAINTY_ASSIGNED_CONTEXT ( ( #2370 ) ) GLOBAL_UNIT_ASSIGNED_CONTEXT ( ( #4728, #7776, #2970 ) ) REPRESENTATION_CONTEXT ( 'NONE', 'WORKASPACE' ) );
#2984 = AXIS2_PLACEMENT_3D ( 'NONE', #5563, #2180, #7755 ) ;
#2985 = ORIENTED_EDGE ( 'NONE', *, *, #3658, .T. ) ;
#2986 = DIRECTION ( 'NONE',  ( 6.926272368013821792E-15, 0.000000000000000000, -1.000000000000000000 ) ) ;
#2987 = ADVANCED_FACE ( 'NONE', ( #4702 ), #6530, .T. ) ;
#2988 = CIRCLE ( 'NONE', #7513, 4.500000000000010658 ) ;
#2989 = CARTESIAN_POINT ( 'NONE',  ( -4.142934761456464443, 2.767065238543608530, 10.70123558092966753 ) ) ;
#2990 = EDGE_CURVE ( 'NONE', #5000, #7327, #8902, .T. ) ;
#2991 = VECTOR ( 'NONE', #7907, 1000.000000000000000 ) ;
#2992 = DIRECTION ( 'NONE',  ( -1.000000000000000000, 0.000000000000000000, -6.982962677686266711E-15 ) ) ;
#2993 = CIRCLE ( 'NONE', #8103, 4.000000000000000000 ) ;
#2994 = DIRECTION ( 'NONE',  ( -1.000000000000000000, 0.000000000000000000, -7.102804783527084762E-15 ) ) ;
#2995 = VECTOR ( 'NONE', #8748, 1000.000000000000000 ) ;
#2996 = CARTESIAN_POINT ( 'NONE',  ( 3.198196906380311289E-14, 6.910000000000000142, -4.580000000000001847 ) ) ;
#2997 = CARTESIAN_POINT ( 'NONE',  ( 2.426874995234150401, 1.051005472321430156, 9.057039152358285605 ) ) ;
#2998 = CARTESIAN_POINT ( 'NONE',  ( 6.879422804227080120E-14, 6.910000000000000142, -9.851725008082825141 ) ) ;
#2999 = AXIS2_PLACEMENT_3D ( 'NONE', #7197, #1593, #1227 ) ;
#3000 = CARTESIAN_POINT ( 'NONE',  ( 2.244749429223739767, 12.84999999999999964, -9.851725008082809154 ) ) ;
#3001 = AXIS2_PLACEMENT_3D ( 'NONE', #4596, #5872, #8636 ) ;
#3002 = CARTESIAN_POINT ( 'NONE',  ( -2.426874995234308052, 12.76899452767857390, 13.81953915235824937 ) ) ;
#3003 = STYLED_ITEM ( 'NONE', ( #6343 ), #35 ) ;
#3004 = ORIENTED_EDGE ( 'NONE', *, *, #7255, .T. ) ;
#3005 = CYLINDRICAL_SURFACE ( 'NONE', #2201, 0.9999999999999997780 ) ;
#3006 = CARTESIAN_POINT ( 'NONE',  ( -0.6144976415484686427, 11.67141644438381221, 23.38038441987361438 ) ) ;
#3007 = EDGE_LOOP ( 'NONE', ( #2050, #5011, #7727, #326 ) ) ;
#3008 = CIRCLE ( 'NONE', #1996, 0.1999999999999996503 ) ;
#3009 = ADVANCED_FACE ( 'NONE', ( #4433, #1926 ), #3701, .T. ) ;
#3010 = DIRECTION ( 'NONE',  ( 8.673617379884051249E-15, 0.000000000000000000, -1.000000000000000000 ) ) ;
#3011 = EDGE_CURVE ( 'NONE', #1670, #1490, #5391, .T. ) ;
#3012 = CARTESIAN_POINT ( 'NONE',  ( 6.349999999999900169, 9.540256121069157658, 14.21641415359709981 ) ) ;
#3013 = CARTESIAN_POINT ( 'NONE',  ( -5.858994527678681230, 9.336874995234211383, 15.74721772378679496 ) ) ;
#3014 = DIRECTION ( 'NONE',  ( -6.505213034913030548E-15, 0.000000000000000000, 1.000000000000000000 ) ) ;
#3015 = ORIENTED_EDGE ( 'NONE', *, *, #5318, .T. ) ;
#3016 = LINE ( 'NONE', #4990, #8796 ) ;
#3017 = CIRCLE ( 'NONE', #277, 4.000000000000000000 ) ;
#3018 = ORIENTED_EDGE ( 'NONE', *, *, #7969, .F. ) ;
#3019 = ORIENTED_EDGE ( 'NONE', *, *, #2590, .T. ) ;
#3020 = FILL_AREA_STYLE ('',( #936 ) ) ;
#3021 = DIRECTION ( 'NONE',  ( 0.000000000000000000, 1.000000000000000000, 0.000000000000000000 ) ) ;
#3022 = CARTESIAN_POINT ( 'NONE',  ( -2.426874995234273857, 1.051005472321430156, 8.943646295215394559 ) ) ;
#3023 =( NAMED_UNIT ( * ) PLANE_ANGLE_UNIT ( ) SI_UNIT ( $, .RADIAN. ) );
#3024 = CARTESIAN_POINT ( 'NONE',  ( 2.426874995234158838, 1.051005472321430156, 7.923110580929712654 ) ) ;
#3025 = CARTESIAN_POINT ( 'NONE',  ( 2.444036937190202815E-15, 6.910000000000000142, -0.3500000000000013656 ) ) ;
#3026 = ORIENTED_EDGE ( 'NONE', *, *, #6444, .T. ) ;
#3027 = DIRECTION ( 'NONE',  ( -6.505213034913023449E-15, 0.000000000000000000, 1.000000000000000000 ) ) ;
#3028 = FILL_AREA_STYLE ('',( #269 ) ) ;
#3029 =( BOUNDED_CURVE ( )  B_SPLINE_CURVE ( 2, ( #5653, #2177, #5018, #6319, #4972 ),
 .UNSPECIFIED., .F., .F. ) 
 B_SPLINE_CURVE_WITH_KNOTS ( ( 3, 2, 3 ),
 ( 0.1001303439225284114, 0.1022727272727272790, 0.1084028284315164126 ),
 .UNSPECIFIED. ) 
 CURVE ( )  GEOMETRIC_REPRESENTATION_ITEM ( )  RATIONAL_B_SPLINE_CURVE ( ( 0.9767092266216639285, 0.9856490284501687738, 1.000000000000000000, 0.9589368973955083586, 0.9621766860142484390 ) ) 
 REPRESENTATION_ITEM ( '' )  );
#3030 = EDGE_CURVE ( 'NONE', #2931, #7818, #7754, .T. ) ;
#3031 = CARTESIAN_POINT ( 'NONE',  ( 2.426874995234144627, 12.76899452767857390, 9.397217723786855714 ) ) ;
#3032 = CARTESIAN_POINT ( 'NONE',  ( -6.350000000000080469, 9.540256121069157658, 11.72177129397657502 ) ) ;
#3033 = ORIENTED_EDGE ( 'NONE', *, *, #7016, .F. ) ;
#3034 = LINE ( 'NONE', #3948, #2128 ) ;
#3035 = CIRCLE ( 'NONE', #5081, 0.3000000000000007661 ) ;
#3036 = CARTESIAN_POINT ( 'NONE',  ( -1.890986293117441076E-13, 6.910000000000000142, 27.07999999999999829 ) ) ;
#3037 = ORIENTED_EDGE ( 'NONE', *, *, #6444, .F. ) ;
#3038 = EDGE_CURVE ( 'NONE', #7121, #8862, #8204, .T. ) ;
#3039 = CARTESIAN_POINT ( 'NONE',  ( 3.523501616404594028, 12.36675450466445625, 14.30257727069793994 ) ) ;
#3040 = CARTESIAN_POINT ( 'NONE',  ( -5.858994527678688335, 6.910000000000000142, 16.71105700950108286 ) ) ;
#3041 = ORIENTED_EDGE ( 'NONE', *, *, #3317, .F. ) ;
#3042 = DIRECTION ( 'NONE',  ( 0.000000000000000000, -1.000000000000000000, -0.000000000000000000 ) ) ;
#3043 = ADVANCED_FACE ( 'NONE', ( #5134 ), #4390, .F. ) ;
#3044 = DIRECTION ( 'NONE',  ( -1.000000000000000000, 0.000000000000000000, -6.982962677686266711E-15 ) ) ;
#3045 = AXIS2_PLACEMENT_3D ( 'NONE', #634, #7598, #8836 ) ;
#3046 = DIRECTION ( 'NONE',  ( 6.982962677686266711E-15, 0.000000000000000000, -1.000000000000000000 ) ) ;
#3047 = CARTESIAN_POINT ( 'NONE',  ( -6.753006034647548006, 0.9690193372964469587, 1.912536955777476289 ) ) ;
#3048 = EDGE_CURVE ( 'NONE', #4981, #2449, #6481, .T. ) ;
#3049 = LINE ( 'NONE', #234, #7185 ) ;
#3050 = CARTESIAN_POINT ( 'NONE',  ( -7.444186692192365409E-14, 1.051005472321429268, 10.81462843807255325 ) ) ;
#3051 = CARTESIAN_POINT ( 'NONE',  ( 2.540000000000034674, -4.540000000000000924, -5.079999999999983196 ) ) ;
#3052 = CARTESIAN_POINT ( 'NONE',  ( 4.125000000000036415, 0.2000000000000000944, -5.449999999999974420 ) ) ;
#3053 = CARTESIAN_POINT ( 'NONE',  ( 2.426874995234133081, 1.051005472321430156, 11.55168200950114255 ) ) ;
#3054 = ORIENTED_EDGE ( 'NONE', *, *, #2494, .F. ) ;
#3055 = SPHERICAL_SURFACE ( 'NONE', #5943, 0.2000000000000000111 ) ;
#3056 = B_SPLINE_CURVE_WITH_KNOTS ( 'NONE', 3,
 ( #3800, #5862, #7272, #3893, #2437, #6578 ),
 .UNSPECIFIED., .F., .F.,
 ( 4, 2, 4 ),
 ( 9.271038071981236612E-18, 0.002265709294126718506, 0.004531418588253428338 ),
 .UNSPECIFIED. ) ;
#3057 = CYLINDRICAL_SURFACE ( 'NONE', #8559, 0.2000000000000000944 ) ;
#3058 = ORIENTED_EDGE ( 'NONE', *, *, #3925, .F. ) ;
#3059 = CARTESIAN_POINT ( 'NONE',  ( -6.350000000000063594, 6.910000000000000142, 9.170432010739867579 ) ) ;
#3060 = CARTESIAN_POINT ( 'NONE',  ( -4.490128060534659404, 11.40012806053457695, 11.77846772502559602 ) ) ;
#3061 = CARTESIAN_POINT ( 'NONE',  ( 4.142934761456282367, 11.05293476145639175, 15.46373558092972544 ) ) ;
#3062 = FACE_OUTER_BOUND ( 'NONE', #7176, .T. ) ;
#3063 = ORIENTED_EDGE ( 'NONE', *, *, #6676, .T. ) ;
#3064 = VECTOR ( 'NONE', #6271, 1000.000000000000000 ) ;
#3065 = VERTEX_POINT ( 'NONE', #354 ) ;
#3066 = CARTESIAN_POINT ( 'NONE',  ( 3.579999999999977423, 2.000000000000000000, 3.100000000000025402 ) ) ;
#3067 = CARTESIAN_POINT ( 'NONE',  ( 6.349999999999920597, 6.910000000000001030, 11.32489629397666775 ) ) ;
#3068 = VERTEX_POINT ( 'NONE', #8580 ) ;
#3069 = ORIENTED_EDGE ( 'NONE', *, *, #36, .F. ) ;
#3070 = DIRECTION ( 'NONE',  ( -1.000000000000000000, 0.000000000000000000, -6.505213034913037648E-15 ) ) ;
#3071 = DIRECTION ( 'NONE',  ( 1.727380818872964904E-16, -1.000000000000000000, 1.165620217608482487E-30 ) ) ;
#3072 = CARTESIAN_POINT ( 'NONE',  ( 5.858994527678507147, 6.910000000000001030, 9.227128438072595529 ) ) ;
#3073 = DIRECTION ( 'NONE',  ( -1.000000000000000000, 0.000000000000000000, -6.982962677686266711E-15 ) ) ;
#3074 = CARTESIAN_POINT ( 'NONE',  ( 2.426874995234160171, 12.76899452767857390, 7.356146295215427067 ) ) ;
#3075 = CARTESIAN_POINT ( 'NONE',  ( -4.124999999999954703, 12.94999999999999929, -6.350000000000028955 ) ) ;
#3076 = ORIENTED_EDGE ( 'NONE', *, *, #4663, .F. ) ;
#3077 = CARTESIAN_POINT ( 'NONE',  ( 3.579999999999986304, 0.000000000000000000, 1.800000000000024913 ) ) ;
#3078 = DIRECTION ( 'NONE',  ( -8.673617379884051249E-15, 0.000000000000000000, 1.000000000000000000 ) ) ;
#3079 = CARTESIAN_POINT ( 'NONE',  ( -2.426874995234273857, 1.051005472321430156, 8.943646295215394559 ) ) ;
#3080 = CARTESIAN_POINT ( 'NONE',  ( 4.490128060534515519, 11.40012806053457695, 8.716860579690937527 ) ) ;
#3081 = ORIENTED_EDGE ( 'NONE', *, *, #2045, .T. ) ;
#3082 = CARTESIAN_POINT ( 'NONE',  ( -6.350000000000106226, 4.279743878930846179, 14.66998558216843840 ) ) ;
#3083 = FACE_OUTER_BOUND ( 'NONE', #2219, .T. ) ;
#3084 = ORIENTED_EDGE ( 'NONE', *, *, #6064, .T. ) ;
#3085 = LINE ( 'NONE', #4641, #239 ) ;
#3086 = CARTESIAN_POINT ( 'NONE',  ( 0.000000000000000000, 12.84999999999999964, 0.000000000000000000 ) ) ;
#3087 = ORIENTED_EDGE ( 'NONE', *, *, #3499, .T. ) ;
#3088 = DIRECTION ( 'NONE',  ( 1.000000000000000000, 0.000000000000000000, 6.308085367188388861E-15 ) ) ;
#3089 = CARTESIAN_POINT ( 'NONE',  ( -5.858994527678632380, 4.483125004765786237, 8.830253438072514172 ) ) ;
#3090 = AXIS2_PLACEMENT_3D ( 'NONE', #5837, #4364, #1587 ) ;
#3091 = DIRECTION ( 'NONE',  ( 1.000000000000000000, 0.000000000000000000, 5.782411586589358033E-15 ) ) ;
#3092 = CARTESIAN_POINT ( 'NONE',  ( -3.579999999999975202, 0.2000000000000000111, -3.350000000000026734 ) ) ;
#3093 = CARTESIAN_POINT ( 'NONE',  ( -3.580000000000011617, 0.6399999999999999023, 1.799999999999974953 ) ) ;
#3094 = CARTESIAN_POINT ( 'NONE',  ( -6.079999999999976978, 2.240000000000000657, -3.350000000000044054 ) ) ;
#3095 = FACE_OUTER_BOUND ( 'NONE', #8638, .T. ) ;
#3096 = UNCERTAINTY_MEASURE_WITH_UNIT (LENGTH_MEASURE( 1.000000000000000082E-05 ), #3705, 'distance_accuracy_value', 'NONE');
#3097 = EDGE_LOOP ( 'NONE', ( #1463, #1423, #4993, #2561 ) ) ;
#3098 = PRESENTATION_STYLE_ASSIGNMENT (( #6562 ) ) ;
#3099 = CARTESIAN_POINT ( 'NONE',  ( -6.779999999999962057, 0.9910004003203202183, -5.508491474198464743 ) ) ;
#3100 = EDGE_LOOP ( 'NONE', ( #7815, #2649, #7992, #8040, #6841, #7965 ) ) ;
#3101 = AXIS2_PLACEMENT_3D ( 'NONE', #7706, #2856, #5695 ) ;
#3102 = CARTESIAN_POINT ( 'NONE',  ( -4.490128060534658516, 11.40012806053457695, 11.66507486540516147 ) ) ;
#3103 = CARTESIAN_POINT ( 'NONE',  ( 6.349999999999943689, 9.540256121069157658, 7.866414153597101055 ) ) ;
#3104 = CARTESIAN_POINT ( 'NONE',  ( 2.426874995234102439, 12.76899452767857390, 15.52043200950114077 ) ) ;
#3105 = LINE ( 'NONE', #7208, #7893 ) ;
#3106 = ORIENTED_EDGE ( 'NONE', *, *, #3259, .F. ) ;
#3107 = AXIS2_PLACEMENT_3D ( 'NONE', #2996, #3731, #8462 ) ;
#3108 = EDGE_LOOP ( 'NONE', ( #4711, #509, #5354, #1766 ) ) ;
#3109 = CARTESIAN_POINT ( 'NONE',  ( -3.580000000000042704, 0.6399999999999999023, 6.299999999999974953 ) ) ;
#3110 = EDGE_CURVE ( 'NONE', #2393, #3551, #1660, .T. ) ;
#3111 = CARTESIAN_POINT ( 'NONE',  ( 6.349999999999901945, 6.910000000000001030, 14.04632486540523750 ) ) ;
#3112 = ORIENTED_EDGE ( 'NONE', *, *, #6156, .T. ) ;
#3113 = VERTEX_POINT ( 'NONE', #984 ) ;
#3114 = DIRECTION ( 'NONE',  ( -8.520838099651520869E-15, 0.000000000000000000, 1.000000000000000000 ) ) ;
#3115 = CARTESIAN_POINT ( 'NONE',  ( 4.490128060534474663, 2.419871939465424227, 14.84007486540522258 ) ) ;
#3116 = DIRECTION ( 'NONE',  ( -6.982962677686266711E-15, 0.000000000000000000, 1.000000000000000000 ) ) ;
#3117 = STYLED_ITEM ( 'NONE', ( #3374 ), #1511 ) ;
#3118 = CARTESIAN_POINT ( 'NONE',  ( 5.858994527678462738, 9.336874995234211383, 15.63382486664402116 ) ) ;
#3119 = VERTEX_POINT ( 'NONE', #3752 ) ;
#3120 = CARTESIAN_POINT ( 'NONE',  ( 0.7430714330482497409, 12.85000000000000142, 10.39009620537242640 ) ) ;
#3121 = EDGE_LOOP ( 'NONE', ( #5200, #8799, #2780, #1773 ) ) ;
#3122 = ORIENTED_EDGE ( 'NONE', *, *, #2363, .T. ) ;
#3123 = CARTESIAN_POINT ( 'NONE',  ( -1.501160829118035833, 12.84999999999998543, 10.03837877485259611 ) ) ;
#3124 = CARTESIAN_POINT ( 'NONE',  ( -7.379999999999956373, 12.94999999999999929, -6.350000000000051159 ) ) ;
#3125 = AXIS2_PLACEMENT_3D ( 'NONE', #2383, #7398, #8717 ) ;
#3126 = CARTESIAN_POINT ( 'NONE',  ( -6.350000000000093792, 4.279743878930841738, 13.64944986540514904 ) ) ;
#3127 = CARTESIAN_POINT ( 'NONE',  ( 5.079999999999999183, 0.000000000000000000, 3.547345040264623363E-14 ) ) ;
#3128 = VERTEX_POINT ( 'NONE', #308 ) ;
#3129 = DIRECTION ( 'NONE',  ( 6.938893903907229955E-15, 0.000000000000000000, -1.000000000000000000 ) ) ;
#3130 = CARTESIAN_POINT ( 'NONE',  ( -5.858994527678676789, 9.336874995234211383, 15.06686058092965474 ) ) ;
#3131 = EDGE_LOOP ( 'NONE', ( #7444, #424 ) ) ;
#3132 = CARTESIAN_POINT ( 'NONE',  ( 0.7595038909411078176, 12.85000000000000675, 8.255102386476877996 ) ) ;
#3133 = EDGE_CURVE ( 'NONE', #810, #8253, #7606, .T. ) ;
#3134 = DIRECTION ( 'NONE',  ( -6.982962677686266711E-15, 0.000000000000000000, 1.000000000000000000 ) ) ;
#3135 = ORIENTED_EDGE ( 'NONE', *, *, #4050, .T. ) ;
#3136 = CARTESIAN_POINT ( 'NONE',  ( -2.630256121069252107, 0.5600000000000016076, 13.87623558216846575 ) ) ;
#3137 = LINE ( 'NONE', #3957, #3958 ) ;
#3138 = DIRECTION ( 'NONE',  ( -1.000000000000000000, 0.000000000000000000, -7.116814260417670090E-15 ) ) ;
#3139 = CARTESIAN_POINT ( 'NONE',  ( 7.379999999999924398, 11.34999999999999964, 7.750000000000050626 ) ) ;
#3140 = DIRECTION ( 'NONE',  ( -1.000000000000000000, 0.000000000000000000, -8.520838099651520869E-15 ) ) ;
#3141 =( NAMED_UNIT ( * ) SI_UNIT ( $, .STERADIAN. ) SOLID_ANGLE_UNIT ( ) );
#3142 = CARTESIAN_POINT ( 'NONE',  ( 5.858994527678509812, 4.483125004765792454, 8.943646295215451403 ) ) ;
#3143 = MECHANICAL_DESIGN_GEOMETRIC_PRESENTATION_REPRESENTATION (  '', ( #3422 ), #2983 ) ;
#3144 = AXIS2_PLACEMENT_3D ( 'NONE', #2143, #7064, #7017 ) ;
#3145 = VERTEX_POINT ( 'NONE', #1034 ) ;
#3146 = EDGE_CURVE ( 'NONE', #4588, #2276, #1067, .T. ) ;
#3147 = EDGE_CURVE ( 'NONE', #8715, #2399, #5907, .T. ) ;
#3148 = DIRECTION ( 'NONE',  ( 0.000000000000000000, 1.000000000000000000, 0.000000000000000000 ) ) ;
#3149 = AXIS2_PLACEMENT_3D ( 'NONE', #1334, #2688, #1901 ) ;
#3150 = DIRECTION ( 'NONE',  ( 0.000000000000000000, 1.000000000000000000, 0.000000000000000000 ) ) ;
#3151 = VERTEX_POINT ( 'NONE', #8721 ) ;
#3152 = ADVANCED_FACE ( 'NONE', ( #1761 ), #7316, .F. ) ;
#3153 = CIRCLE ( 'NONE', #6650, 0.7500000000000000000 ) ;
#3154 =( NAMED_UNIT ( * ) PLANE_ANGLE_UNIT ( ) SI_UNIT ( $, .RADIAN. ) );
#3155 = CARTESIAN_POINT ( 'NONE',  ( 6.349999999999931255, 9.540256121069157658, 9.680699867882815113 ) ) ;
#3156 = LINE ( 'NONE', #5173, #2120 ) ;
#3157 = ORIENTED_EDGE ( 'NONE', *, *, #5971, .T. ) ;
#3158 = CYLINDRICAL_SURFACE ( 'NONE', #3963, 0.2000000000000000944 ) ;
#3159 = ORIENTED_EDGE ( 'NONE', *, *, #1546, .F. ) ;
#3160 = CARTESIAN_POINT ( 'NONE',  ( 4.490128060534470222, 11.40012806053457695, 15.18025343931137350 ) ) ;
#3161 = VECTOR ( 'NONE', #2973, 1000.000000000000000 ) ;
#3162 = CARTESIAN_POINT ( 'NONE',  ( 4.125000000000043521, 1.940000000000001057, -6.149999999999973710 ) ) ;
#3163 = EDGE_LOOP ( 'NONE', ( #918, #7996 ) ) ;
#3164 = ORIENTED_EDGE ( 'NONE', *, *, #1990, .F. ) ;
#3165 = CIRCLE ( 'NONE', #7521, 0.3499999999999998668 ) ;
#3166 = ADVANCED_FACE ( 'NONE', ( #2007 ), #3543, .T. ) ;
#3167 = DIRECTION ( 'NONE',  ( 1.000000000000000000, 0.000000000000000000, 6.505213034913027393E-15 ) ) ;
#3168 = CARTESIAN_POINT ( 'NONE',  ( -1.127265132607163893E-13, 13.26000000000000156, 16.08739629397662085 ) ) ;
#3169 = DIRECTION ( 'NONE',  ( 0.000000000000000000, 1.000000000000000000, 0.000000000000000000 ) ) ;
#3170 = ADVANCED_FACE ( 'NONE', ( #2043 ), #7610, .T. ) ;
#3171 = CARTESIAN_POINT ( 'NONE',  ( -1.124491352104731897E-13, 1.051005472321429268, 16.25748558092969631 ) ) ;
#3172 = ORIENTED_EDGE ( 'NONE', *, *, #8324, .F. ) ;
#3173 = CARTESIAN_POINT ( 'NONE',  ( -2.244749429223765080, 12.84999999999999076, 10.69658651287090123 ) ) ;
#3174 = VERTEX_POINT ( 'NONE', #3412 ) ;
#3175 = ORIENTED_EDGE ( 'NONE', *, *, #5831, .T. ) ;
#3176 = FACE_BOUND ( 'NONE', #4110, .T. ) ;
#3177 = CARTESIAN_POINT ( 'NONE',  ( -5.811939985699970335E-14, 0.5600000000000006084, 8.490074867882771770 ) ) ;
#3178 = B_SPLINE_CURVE_WITH_KNOTS ( 'NONE', 3,
 ( #3173, #7277, #5958, #3120, #8088, #266 ),
 .UNSPECIFIED., .F., .F.,
 ( 4, 2, 4 ),
 ( 9.271038071981241234E-18, 0.002265709294126728481, 0.004531418588253448287 ),
 .UNSPECIFIED. ) ;
#3179 = CARTESIAN_POINT ( 'NONE',  ( 6.349999999999901945, 6.910000000000001030, 14.04632486540523750 ) ) ;
#3180 = CARTESIAN_POINT ( 'NONE',  ( 6.879422804227080120E-14, 6.910000000000000142, -9.851725008082825141 ) ) ;
#3181 = VERTEX_POINT ( 'NONE', #7704 ) ;
#3182 = DIRECTION ( 'NONE',  ( 0.000000000000000000, -1.000000000000000000, -0.000000000000000000 ) ) ;
#3183 = CARTESIAN_POINT ( 'NONE',  ( -2.426874995234308940, 12.76899452767857390, 14.04632486664396396 ) ) ;
#3184 = EDGE_LOOP ( 'NONE', ( #5399, #6802 ) ) ;
#3185 = DIRECTION ( 'NONE',  ( 6.982962677686266711E-15, 0.000000000000000000, -1.000000000000000000 ) ) ;
#3186 = CARTESIAN_POINT ( 'NONE',  ( 3.198196906380311289E-14, 6.910000000000000142, -4.580000000000001847 ) ) ;
#3187 = VERTEX_POINT ( 'NONE', #4224 ) ;
#3188 = DIRECTION ( 'NONE',  ( 8.520838099651520869E-15, -0.000000000000000000, -1.000000000000000000 ) ) ;
#3189 = CARTESIAN_POINT ( 'NONE',  ( 5.858994527678500042, 9.336874995234211383, 10.19096772378687987 ) ) ;
#3190 = CARTESIAN_POINT ( 'NONE',  ( -4.490128060534659404, 11.40012806053457695, 11.77846772502559602 ) ) ;
#3191 = DIRECTION ( 'NONE',  ( 6.982962677686266711E-15, 0.000000000000000000, -1.000000000000000000 ) ) ;
#3192 = CARTESIAN_POINT ( 'NONE',  ( 6.349999999999926814, 6.910000000000001030, 10.41775343683380939 ) ) ;
#3193 = DIRECTION ( 'NONE',  ( -7.921111762451229436E-17, -1.000000000000000000, 7.921111762451118503E-17 ) ) ;
#3194 = CARTESIAN_POINT ( 'NONE',  ( -2.426874995234282295, 12.76899452767857390, 10.19096772378682125 ) ) ;
#3195 = VECTOR ( 'NONE', #5207, 1000.000000000000000 ) ;
#3196 = UNCERTAINTY_MEASURE_WITH_UNIT (LENGTH_MEASURE( 1.000000000000000082E-05 ), #5906, 'distance_accuracy_value', 'NONE');
#3197 = CARTESIAN_POINT ( 'NONE',  ( -0.7993802034682706559, 11.64387897302431440, 24.79471611848403612 ) ) ;
#3198 = AXIS2_PLACEMENT_3D ( 'NONE', #5296, #8069, #4608 ) ;
#3199 = EDGE_CURVE ( 'NONE', #2399, #5306, #3824, .T. ) ;
#3200 = CARTESIAN_POINT ( 'NONE',  ( -4.490128060534653187, 11.40012806053457695, 10.87132486788273944 ) ) ;
#3201 = CARTESIAN_POINT ( 'NONE',  ( -1.154678111680714312E-13, 12.76899452767857213, 16.48427129521541090 ) ) ;
#3202 = VERTEX_POINT ( 'NONE', #5604 ) ;
#3203 = EDGE_LOOP ( 'NONE', ( #542, #7819, #1581, #3904, #4772, #1396, #4199, #5237, #3246, #4331, #13, #1345, #5359, #1052, #3015, #6937, #6583, #3087 ) ) ;
#3204 = ORIENTED_EDGE ( 'NONE', *, *, #7884, .T. ) ;
#3205 = DIRECTION ( 'NONE',  ( 6.982962677686266711E-15, 0.000000000000000000, -1.000000000000000000 ) ) ;
#3206 = CARTESIAN_POINT ( 'NONE',  ( -5.879999999999977689, 2.240000000000000657, -3.350000000000042721 ) ) ;
#3207 = EDGE_LOOP ( 'NONE', ( #2902, #2385, #584, #1039 ) ) ;
#3208 = ORIENTED_EDGE ( 'NONE', *, *, #7712, .F. ) ;
#3209 = CARTESIAN_POINT ( 'NONE',  ( 2.630256121069048270, 0.5600000000000022737, 15.69052129397664075 ) ) ;
#3210 = LINE ( 'NONE', #5998, #8824 ) ;
#3211 = CARTESIAN_POINT ( 'NONE',  ( -4.142934761456496418, 2.767065238543608530, 15.23694986664395046 ) ) ;
#3212 = ORIENTED_EDGE ( 'NONE', *, *, #3339, .F. ) ;
#3213 = ADVANCED_FACE ( 'NONE', ( #8370 ), #6918, .T. ) ;
#3214 = CARTESIAN_POINT ( 'NONE',  ( 2.190000000000031921, 6.910000000000000142, -4.579999999999986748 ) ) ;
#3215 = ORIENTED_EDGE ( 'NONE', *, *, #7016, .T. ) ;
#3216 = B_SPLINE_CURVE_WITH_KNOTS ( 'NONE', 3,
 ( #6024, #3099, #3739, #2464, #5259, #4566 ),
 .UNSPECIFIED., .F., .F.,
 ( 4, 2, 4 ),
 ( 0.000000000000000000, 0.0001725943224077497299, 0.0003451886448154994598 ),
 .UNSPECIFIED. ) ;
#3217 = AXIS2_PLACEMENT_3D ( 'NONE', #4865, #6995, #2707 ) ;
#3218 = CYLINDRICAL_SURFACE ( 'NONE', #7021, 0.2000000000000000944 ) ;
#3219 = CARTESIAN_POINT ( 'NONE',  ( 4.490128060534488874, 11.40012806053457695, 12.45882486788280019 ) ) ;
#3220 = PRODUCT_RELATED_PRODUCT_CATEGORY ( 'part', '', ( #7114 ) ) ;
#3221 = CARTESIAN_POINT ( 'NONE',  ( -1.080039394684201258E-13, 0.5600000000000006084, 15.63382486540519345 ) ) ;
#3222 = CARTESIAN_POINT ( 'NONE',  ( 0.8737171494892953527, 2.189913048903064929, 24.68369546025930816 ) ) ;
#3223 = ORIENTED_EDGE ( 'NONE', *, *, #8115, .F. ) ;
#3224 = CARTESIAN_POINT ( 'NONE',  ( -6.580000000000012506, 2.000000000000000000, 1.799999999999954081 ) ) ;
#3225 = CARTESIAN_POINT ( 'NONE',  ( -1.043823579172444875E-13, 12.76899452767857213, 14.89677129521540877 ) ) ;
#3226 = CARTESIAN_POINT ( 'NONE',  ( -6.350000000000107114, 6.910000000000000142, 15.40703915111943267 ) ) ;
#3227 = FILL_AREA_STYLE_COLOUR ( '', #1022 ) ;
#3228 = ORIENTED_EDGE ( 'NONE', *, *, #1980, .T. ) ;
#3229 = CARTESIAN_POINT ( 'NONE',  ( 3.523501616404642434, 12.36675450466444914, 8.859720127840802206 ) ) ;
#3230 = EDGE_CURVE ( 'NONE', #3560, #7772, #5519, .T. ) ;
#3231 = DIRECTION ( 'NONE',  ( 1.000000000000000000, 0.000000000000000000, 6.938893903907228378E-15 ) ) ;
#3232 = CARTESIAN_POINT ( 'NONE',  ( 2.426874995234145072, 12.76899452767857390, 9.397217723786855714 ) ) ;
#3233 = ADVANCED_FACE ( 'NONE', ( #686 ), #6967, .T. ) ;
#3234 = CARTESIAN_POINT ( 'NONE',  ( -7.379999999999956373, 0.6400000000000000133, -6.350000000000051159 ) ) ;
#3235 = DIRECTION ( 'NONE',  ( -1.000000000000000000, -1.500625844270594406E-16, -6.747905296117593928E-15 ) ) ;
#3236 = PLANE ( 'NONE',  #2890 ) ;
#3237 = VECTOR ( 'NONE', #4335, 1000.000000000000000 ) ;
#3238 = CARTESIAN_POINT ( 'NONE',  ( 4.142934761456336545, 2.767065238543610306, 7.979807009501153736 ) ) ;
#3239 =( LENGTH_UNIT ( ) NAMED_UNIT ( * ) SI_UNIT ( .MILLI., .METRE. ) );
#3240 = DIRECTION ( 'NONE',  ( -1.000000000000000000, 0.000000000000000000, -6.982962677686265922E-15 ) ) ;
#3241 = VECTOR ( 'NONE', #333, 1000.000000000000000 ) ;
#3242 = CARTESIAN_POINT ( 'NONE',  ( -5.858994527678656361, 4.483125004765786237, 12.23203915235822947 ) ) ;
#3243 = CYLINDRICAL_SURFACE ( 'NONE', #6060, 0.1999999999999996503 ) ;
#3244 = CARTESIAN_POINT ( 'NONE',  ( -4.490128060534652299, 2.419871939465422450, 11.09811058216845403 ) ) ;
#3245 = EDGE_CURVE ( 'NONE', #7356, #2493, #3502, .T. ) ;
#3246 = ORIENTED_EDGE ( 'NONE', *, *, #3315, .T. ) ;
#3247 = ORIENTED_EDGE ( 'NONE', *, *, #4197, .F. ) ;
#3248 = FACE_OUTER_BOUND ( 'NONE', #3203, .T. ) ;
#3249 = DIRECTION ( 'NONE',  ( 0.000000000000000000, -1.000000000000000000, -0.000000000000000000 ) ) ;
#3250 = EDGE_LOOP ( 'NONE', ( #5550, #3026, #7588, #4863 ) ) ;
#3251 = ORIENTED_EDGE ( 'NONE', *, *, #1606, .F. ) ;
#3252 = CARTESIAN_POINT ( 'NONE',  ( -1.063919685459581376E-13, 13.26000000000000156, 15.18025343683376249 ) ) ;
#3253 = CIRCLE ( 'NONE', #1353, 0.1999999999999996503 ) ;
#3254 = SPHERICAL_SURFACE ( 'NONE', #6490, 0.2000000000000000111 ) ;
#3255 = CARTESIAN_POINT ( 'NONE',  ( 2.426874995234112653, 1.051005472321430156, 14.49989629521542689 ) ) ;
#3256 = DIRECTION ( 'NONE',  ( -6.982962677686266711E-15, -0.000000000000000000, 1.000000000000000000 ) ) ;
#3257 = EDGE_LOOP ( 'NONE', ( #5905, #353, #6288, #784 ) ) ;
#3258 = DIRECTION ( 'NONE',  ( 8.520838099651520869E-15, 0.000000000000000000, -1.000000000000000000 ) ) ;
#3259 = EDGE_CURVE ( 'NONE', #6335, #8317, #2762, .T. ) ;
#3260 = CARTESIAN_POINT ( 'NONE',  ( 4.490128060534477328, 11.40012806053457695, 14.15971772254808059 ) ) ;
#3261 = DIRECTION ( 'NONE',  ( 0.000000000000000000, -1.000000000000000000, -0.000000000000000000 ) ) ;
#3262 = EDGE_LOOP ( 'NONE', ( #2604, #8323, #2917, #6612 ) ) ;
#3263 = CARTESIAN_POINT ( 'NONE',  ( 4.499999999999811706, 6.910000000000000142, 28.58000000000003382 ) ) ;
#3264 = EDGE_CURVE ( 'NONE', #976, #2845, #7584, .T. ) ;
#3265 = MECHANICAL_DESIGN_GEOMETRIC_PRESENTATION_REPRESENTATION (  '', ( #3117 ), #6860 ) ;
#3266 = EDGE_CURVE ( 'NONE', #2141, #7818, #5471, .T. ) ;
#3267 = DIRECTION ( 'NONE',  ( 6.982962677686266711E-15, 0.000000000000000000, -1.000000000000000000 ) ) ;
#3268 = CARTESIAN_POINT ( 'NONE',  ( -4.142934761456496418, 11.05293476145639175, 15.01016415235823587 ) ) ;
#3269 = EDGE_CURVE ( 'NONE', #3432, #7366, #7008, .T. ) ;
#3270 = DIRECTION ( 'NONE',  ( -1.000000000000000000, 0.000000000000000000, -6.505213034913023449E-15 ) ) ;
#3271 = CARTESIAN_POINT ( 'NONE',  ( -5.858994527678675901, 9.336874995234211383, 14.84007486664393838 ) ) ;
#3272 = ORIENTED_EDGE ( 'NONE', *, *, #2460, .T. ) ;
#3273 = CARTESIAN_POINT ( 'NONE',  ( -4.124999999999960920, 0.2000000000000000944, -5.450000000000032152 ) ) ;
#3274 = PLANE ( 'NONE',  #5780 ) ;
#3275 = FACE_OUTER_BOUND ( 'NONE', #5275, .T. ) ;
#3276 = B_SPLINE_CURVE_WITH_KNOTS ( 'NONE', 3,
 ( #7034, #1620, #4398, #7132, #219, #2886, #8446, #1481, #3665, #4352, #4257, #804, #1528, #6992, #5683, #900, #4304, #3571 ),
 .UNSPECIFIED., .F., .F.,
 ( 4, 2, 2, 2, 2, 2, 2, 2, 4 ),
 ( 6.145512833698204731E-19, 0.0003918822340149873194, 0.0007837644680299740967, 0.001175646702044960820, 0.001567528936059947543, 0.001959411170074934049, 0.002351293404089920772, 0.002743175638104907495, 0.003135057872119894219 ),
 .UNSPECIFIED. ) ;
#3277 = ADVANCED_FACE ( 'NONE', ( #8288 ), #4829, .T. ) ;
#3278 = CARTESIAN_POINT ( 'NONE',  ( -1.152887138086002546E-13, 6.910000000000000142, 16.51000000000000156 ) ) ;
#3279 = CARTESIAN_POINT ( 'NONE',  ( 2.244749429223574122, 12.84999999999999964, 13.31392036079662944 ) ) ;
#3280 = CARTESIAN_POINT ( 'NONE',  ( 6.579999999999956550, 0.2000000000000000944, 6.300000000000046008 ) ) ;
#3281 = EDGE_CURVE ( 'NONE', #59, #6345, #863, .T. ) ;
#3282 = CARTESIAN_POINT ( 'NONE',  ( -5.212236402048886977E-14, 12.76899452767857213, 7.412842723786838839 ) ) ;
#3283 = CARTESIAN_POINT ( 'NONE',  ( 6.349999999999919709, 9.540256121069173645, 8.660164151119522202 ) ) ;
#3284 = FACE_OUTER_BOUND ( 'NONE', #4188, .T. ) ;
#3285 = VECTOR ( 'NONE', #953, 999.9999999999998863 ) ;
#3286 = CARTESIAN_POINT ( 'NONE',  ( 5.858994527678478725, 4.483125004765792454, 13.47936058092973788 ) ) ;
#3287 = VECTOR ( 'NONE', #3288, 1000.000000000000000 ) ;
#3288 = DIRECTION ( 'NONE',  ( 0.000000000000000000, -1.000000000000000000, 0.000000000000000000 ) ) ;
#3289 = CARTESIAN_POINT ( 'NONE',  ( -4.490128060534633647, 2.419871939465422450, 8.376682010739882500 ) ) ;
#3290 = ORIENTED_EDGE ( 'NONE', *, *, #119, .F. ) ;
#3291 = FACE_OUTER_BOUND ( 'NONE', #3007, .T. ) ;
#3292 = DIRECTION ( 'NONE',  ( 6.982962677686266711E-15, -0.000000000000000000, -1.000000000000000000 ) ) ;
#3293 = VERTEX_POINT ( 'NONE', #3092 ) ;
#3294 = ORIENTED_EDGE ( 'NONE', *, *, #6118, .F. ) ;
#3295 = CARTESIAN_POINT ( 'NONE',  ( -2.630256121069251662, 0.5600000000000013856, 13.76284272254802943 ) ) ;
#3296 = AXIS2_PLACEMENT_3D ( 'NONE', #5379, #1871, #1638 ) ;
#3297 = CARTESIAN_POINT ( 'NONE',  ( -5.858994527678651920, 9.336874995234211383, 11.43828915235822308 ) ) ;
#3298 = DIRECTION ( 'NONE',  ( 6.982962677686266711E-15, -0.000000000000000000, -1.000000000000000000 ) ) ;
#3299 = ORIENTED_EDGE ( 'NONE', *, *, #8117, .F. ) ;
#3300 = CARTESIAN_POINT ( 'NONE',  ( -6.350000000000063594, 6.910000000000000142, 9.170432010739867579 ) ) ;
#3301 = DIRECTION ( 'NONE',  ( -1.000000000000000000, 0.000000000000000000, -6.982261990806646977E-15 ) ) ;
#3302 = AXIS2_PLACEMENT_3D ( 'NONE', #2788, #124, #4348 ) ;
#3303 = CARTESIAN_POINT ( 'NONE',  ( -6.350000000000113332, 4.279743878930841738, 16.37087843683371702 ) ) ;
#3304 = CLOSED_SHELL ( 'NONE', ( #1321, #718, #4781, #7705 ) ) ;
#3305 = CARTESIAN_POINT ( 'NONE',  ( -2.244749429223745985, 12.84999999999999076, 7.975157941442328813 ) ) ;
#3306 = ORIENTED_EDGE ( 'NONE', *, *, #8374, .T. ) ;
#3307 = CARTESIAN_POINT ( 'NONE',  ( 6.580000000000039151, 0.000000000000000000, -5.449999999999957545 ) ) ;
#3308 = DIRECTION ( 'NONE',  ( 6.505213034913023449E-15, 0.000000000000000000, -1.000000000000000000 ) ) ;
#3309 = CARTESIAN_POINT ( 'NONE',  ( -4.142934761456496418, 2.767065238543608530, 15.23694986664395046 ) ) ;
#3310 = FACE_OUTER_BOUND ( 'NONE', #3628, .T. ) ;
#3311 = CARTESIAN_POINT ( 'NONE',  ( -5.858994527678681230, 6.910000000000000142, 15.80391415235822627 ) ) ;
#3312 = ORIENTED_EDGE ( 'NONE', *, *, #4009, .F. ) ;
#3313 = PLANE ( 'NONE',  #6349 ) ;
#3314 = DIRECTION ( 'NONE',  ( 0.000000000000000000, 1.000000000000000000, 0.000000000000000000 ) ) ;
#3315 = EDGE_CURVE ( 'NONE', #7301, #1143, #4242, .T. ) ;
#3316 = DIRECTION ( 'NONE',  ( -1.000000000000000000, 0.000000000000000000, -6.747905296117593928E-15 ) ) ;
#3317 = EDGE_CURVE ( 'NONE', #8467, #796, #7640, .T. ) ;
#3318 = CIRCLE ( 'NONE', #8843, 0.9999999999999997780 ) ;
#3319 = CARTESIAN_POINT ( 'NONE',  ( -1.432205645193453466E-13, 6.910000000000000142, 20.51000000000000156 ) ) ;
#3320 = EDGE_CURVE ( 'NONE', #8694, #1028, #344, .T. ) ;
#3321 = CARTESIAN_POINT ( 'NONE',  ( 6.579999999999986748, 0.2000000000000000944, 2.000000000000046185 ) ) ;
#3322 = CARTESIAN_POINT ( 'NONE',  ( -2.244749429223761972, 12.84999999999999964, 13.53140794391990553 ) ) ;
#3323 = CARTESIAN_POINT ( 'NONE',  ( -5.858994527678669684, 4.483125004765786237, 14.27311058092965368 ) ) ;
#3324 =( BOUNDED_CURVE ( )  B_SPLINE_CURVE ( 2, ( #2710, #2756, #4868, #1356, #2084 ),
 .UNSPECIFIED., .F., .T. ) 
 B_SPLINE_CURVE_WITH_KNOTS ( ( 3, 2, 3 ),
 ( 0.5454545454545454142, 0.5568181818181817677, 0.5629482829769709706 ),
 .UNSPECIFIED. ) 
 CURVE ( )  GEOMETRIC_REPRESENTATION_ITEM ( )  RATIONAL_B_SPLINE_CURVE ( ( 1.000000000000000000, 0.9238795325112867385, 1.000000000000000000, 0.9589368973955083586, 0.9621766860142484390 ) ) 
 REPRESENTATION_ITEM ( '' )  );
#3325 = CARTESIAN_POINT ( 'NONE',  ( 4.490128060534515519, 11.40012806053457695, 8.716860579690937527 ) ) ;
#3326 = DIRECTION ( 'NONE',  ( -6.982962677686266711E-15, 0.000000000000000000, 1.000000000000000000 ) ) ;
#3327 = DIRECTION ( 'NONE',  ( -1.000000000000000000, 0.000000000000000000, -7.102804783527084762E-15 ) ) ;
#3328 = AXIS2_PLACEMENT_3D ( 'NONE', #208, #7025, #797 ) ;
#3329 = CARTESIAN_POINT ( 'NONE',  ( -2.426874995234291621, 1.051005472321430156, 11.43828915235824972 ) ) ;
#3330 = CARTESIAN_POINT ( 'NONE',  ( 3.523501616404583814, 12.36675450466445625, 16.00347012536322211 ) ) ;
#3331 = ADVANCED_FACE ( 'NONE', ( #3776 ), #5066, .T. ) ;
#3332 = CARTESIAN_POINT ( 'NONE',  ( -5.858994527678668796, 6.910000000000000142, 13.98962843807251133 ) ) ;
#3333 = ORIENTED_EDGE ( 'NONE', *, *, #16, .F. ) ;
#3334 = CARTESIAN_POINT ( 'NONE',  ( -1.995730733282734950E-13, 6.910000000000000142, 28.58000000000000185 ) ) ;
#3335 = DIRECTION ( 'NONE',  ( 0.000000000000000000, 1.000000000000000000, 0.000000000000000000 ) ) ;
#3336 = ORIENTED_EDGE ( 'NONE', *, *, #4734, .F. ) ;
#3337 = VECTOR ( 'NONE', #8025, 1000.000000000000000 ) ;
#3338 = CARTESIAN_POINT ( 'NONE',  ( -8.266576060938710630E-14, 0.5600000000000006084, 12.00525343683376356 ) ) ;
#3339 = EDGE_CURVE ( 'NONE', #1891, #2070, #7324, .T. ) ;
#3340 = SURFACE_STYLE_FILL_AREA ( #2608 ) ;
#3341 = CARTESIAN_POINT ( 'NONE',  ( -7.904417905821146799E-14, 12.76899452767857213, 11.26819986664398243 ) ) ;
#3342 = CARTESIAN_POINT ( 'NONE',  ( -4.124999999999955591, 1.740000000000000213, -6.150000000000029665 ) ) ;
#3343 = ORIENTED_EDGE ( 'NONE', *, *, #7673, .T. ) ;
#3344 = DIRECTION ( 'NONE',  ( -0.000000000000000000, -1.000000000000000000, 0.000000000000000000 ) ) ;
#3345 = DIRECTION ( 'NONE',  ( -1.000000000000000000, 0.000000000000000000, -7.434529182757734548E-15 ) ) ;
#3346 = CARTESIAN_POINT ( 'NONE',  ( -2.630256121069233011, 0.5600000000000013856, 11.04141415111945967 ) ) ;
#3347 = CARTESIAN_POINT ( 'NONE',  ( -2.426874995234315158, 12.76899452767857390, 14.95346772378681877 ) ) ;
#3348 = ORIENTED_EDGE ( 'NONE', *, *, #1115, .T. ) ;
#3349 = CARTESIAN_POINT ( 'NONE',  ( 2.339292497024900295E-14, 6.910000000000000142, -3.350000000000001421 ) ) ;
#3350 = CARTESIAN_POINT ( 'NONE',  ( 3.379999999999986127, 0.2000000000000000944, 1.800000000000023581 ) ) ;
#3351 = CARTESIAN_POINT ( 'NONE',  ( -5.858994527678651920, 4.483125004765785349, 11.55168200950108215 ) ) ;
#3352 = EDGE_CURVE ( 'NONE', #2845, #1515, #5976, .T. ) ;
#3353 = DIRECTION ( 'NONE',  ( 6.505213034913023449E-15, 0.000000000000000000, -1.000000000000000000 ) ) ;
#3354 = CARTESIAN_POINT ( 'NONE',  ( -5.858994527678668796, 6.910000000000000142, 13.98962843807251133 ) ) ;
#3355 = ORIENTED_EDGE ( 'NONE', *, *, #5029, .T. ) ;
#3356 = CARTESIAN_POINT ( 'NONE',  ( -4.490128060534664733, 2.419871939465422450, 12.79900343683373265 ) ) ;
#3357 = CARTESIAN_POINT ( 'NONE',  ( 1.507889285407780777, 12.84999999999999964, 13.59377717215808978 ) ) ;
#3358 = PLANE ( 'NONE',  #337 ) ;
#3359 = CARTESIAN_POINT ( 'NONE',  ( 5.858994527678483166, 4.483125004765792454, 12.79900343807259766 ) ) ;
#3360 = CARTESIAN_POINT ( 'NONE',  ( 6.350000000000068034, 6.910000000000001030, -9.851725008082778956 ) ) ;
#3361 = CARTESIAN_POINT ( 'NONE',  ( -6.350000000000100009, 9.540256121069159434, 14.44319986540514833 ) ) ;
#3362 = CARTESIAN_POINT ( 'NONE',  ( -5.779999999999977156, 11.64999999999999858, -3.350000000000041833 ) ) ;
#3363 = DIRECTION ( 'NONE',  ( -1.000000000000000000, 0.000000000000000000, -6.505213034913023449E-15 ) ) ;
#3364 = CARTESIAN_POINT ( 'NONE',  ( -2.846659848697034256, 1.462417199549341129, 16.34620627699064599 ) ) ;
#3365 = PRESENTATION_LAYER_ASSIGNMENT (  '', '', ( #751 ) ) ;
#3366 = CARTESIAN_POINT ( 'NONE',  ( 1.501160829117841544, 12.85000000000000497, 14.99266381557823102 ) ) ;
#3367 = CARTESIAN_POINT ( 'NONE',  ( 1.912917592020734858, 12.73822395973273203, 7.750000000000015099 ) ) ;
#3368 = CARTESIAN_POINT ( 'NONE',  ( -9.186186488750883686E-14, 1.051005472321429268, 13.30927129521540841 ) ) ;
#3369 = CARTESIAN_POINT ( 'NONE',  ( -3.379999999999959037, 2.000000000000000000, -5.650000000000026112 ) ) ;
#3370 =( BOUNDED_CURVE ( )  B_SPLINE_CURVE ( 2, ( #4422, #248, #6609, #1795, #389, #4378, #6469, #3786, #7159 ),
 .UNSPECIFIED., .F., .F. ) 
 B_SPLINE_CURVE_WITH_KNOTS ( ( 3, 2, 2, 2, 3 ),
 ( 0.1363636363636361315, 0.1477272727272725683, 0.1590909090909090051, 0.1704545454545454142, 0.1818181818181818510 ),
 .UNSPECIFIED. ) 
 CURVE ( )  GEOMETRIC_REPRESENTATION_ITEM ( )  RATIONAL_B_SPLINE_CURVE ( ( 1.000000000000001554, 0.9238795325112852952, 1.000000000000000000, 0.9238795325112867385, 1.000000000000000000, 0.9238795325112867385, 1.000000000000000000, 0.9238795325112865164, 1.000000000000000222 ) ) 
 REPRESENTATION_ITEM ( '' )  );
#3371 = CARTESIAN_POINT ( 'NONE',  ( 2.630256121069103781, 13.25999999999999979, 7.072664153597075121 ) ) ;
#3372 = VERTEX_POINT ( 'NONE', #4274 ) ;
#3373 = ORIENTED_EDGE ( 'NONE', *, *, #2749, .F. ) ;
#3374 = PRESENTATION_STYLE_ASSIGNMENT (( #4019 ) ) ;
#3375 = EDGE_LOOP ( 'NONE', ( #3054, #1869, #8896, #5371 ) ) ;
#3376 = AXIS2_PLACEMENT_3D ( 'NONE', #4531, #5183, #1078 ) ;
#3377 = FACE_OUTER_BOUND ( 'NONE', #7926, .T. ) ;
#3378 = EDGE_CURVE ( 'NONE', #8467, #4750, #7247, .T. ) ;
#3379 = DIRECTION ( 'NONE',  ( 6.982962677686266711E-15, 0.000000000000000000, -1.000000000000000000 ) ) ;
#3380 = ORIENTED_EDGE ( 'NONE', *, *, #5883, .F. ) ;
#3381 = CARTESIAN_POINT ( 'NONE',  ( 6.349999999999895728, 4.279743878930847956, 15.01016415359709910 ) ) ;
#3382 = CARTESIAN_POINT ( 'NONE',  ( -1.995730733282734950E-13, 6.910000000000000142, 28.58000000000000185 ) ) ;
#3383 = EDGE_CURVE ( 'NONE', #8084, #8715, #6402, .T. ) ;
#3384 = CARTESIAN_POINT ( 'NONE',  ( -6.350000000000080469, 9.540256121069157658, 11.72177129397657502 ) ) ;
#3385 = CARTESIAN_POINT ( 'NONE',  ( 4.142934761456280590, 11.05293476145639175, 15.69052129521543826 ) ) ;
#3386 = ORIENTED_EDGE ( 'NONE', *, *, #5692, .T. ) ;
#3387 = CARTESIAN_POINT ( 'NONE',  ( 2.540000000000032454, 7.260000000000004228, -4.579999999999984084 ) ) ;
#3388 = CARTESIAN_POINT ( 'NONE',  ( 6.779999999999955840, 2.000000000000000000, 6.300000000000047784 ) ) ;
#3389 = CARTESIAN_POINT ( 'NONE',  ( 4.142934761456302795, 2.767065238543610306, 12.74230700950115214 ) ) ;
#3390 = CARTESIAN_POINT ( 'NONE',  ( -0.7500000000002143841, 6.910000000000000142, 30.70132034355963668 ) ) ;
#3391 = CARTESIAN_POINT ( 'NONE',  ( 5.858994527678463626, 9.336874995234211383, 15.40703915235830657 ) ) ;
#3392 = VECTOR ( 'NONE', #1574, 1000.000000000000000 ) ;
#3393 = EDGE_LOOP ( 'NONE', ( #7094, #1854, #7359, #8501 ) ) ;
#3394 = CARTESIAN_POINT ( 'NONE',  ( 5.780000000000043769, 2.240000000000000657, -6.149999999999962164 ) ) ;
#3395 = CARTESIAN_POINT ( 'NONE',  ( -0.7595038909412447081, 12.85000000000000497, 11.33308306109680430 ) ) ;
#3396 = CARTESIAN_POINT ( 'NONE',  ( -1.501160829118041384, 12.84999999999999787, 13.66695020342401712 ) ) ;
#3397 = CARTESIAN_POINT ( 'NONE',  ( 5.780000000000044658, 12.94999999999999929, -6.349999999999965006 ) ) ;
#3398 = VECTOR ( 'NONE', #2325, 1000.000000000000000 ) ;
#3399 = CARTESIAN_POINT ( 'NONE',  ( -7.904417905821146799E-14, 12.76899452767857213, 11.26819986664398243 ) ) ;
#3400 = AXIS2_PLACEMENT_3D ( 'NONE', #1059, #8601, #7427 ) ;
#3401 = ADVANCED_FACE ( 'NONE', ( #4970 ), #3730, .F. ) ;
#3402 = CARTESIAN_POINT ( 'NONE',  ( -5.765440138304204432, 9.528030987084111558, 16.23691251312335027 ) ) ;
#3403 = CARTESIAN_POINT ( 'NONE',  ( -2.244749429223767301, 12.84999999999999964, 14.32515794144232757 ) ) ;
#3404 = CARTESIAN_POINT ( 'NONE',  ( -5.780000000000035776, 0.6400000000000000133, 3.099999999999959233 ) ) ;
#3405 = EDGE_CURVE ( 'NONE', #2876, #4981, #1446, .T. ) ;
#3406 = APPLICATION_PROTOCOL_DEFINITION ( 'draft international standard', 'automotive_design', 1998, #4813 ) ;
#3407 = DIRECTION ( 'NONE',  ( 6.982962677686266711E-15, 0.000000000000000000, -1.000000000000000000 ) ) ;
#3408 = AXIS2_PLACEMENT_3D ( 'NONE', #6034, #1163, #8131 ) ;
#3409 = VECTOR ( 'NONE', #8525, 999.9999999999998863 ) ;
#3410 = DIRECTION ( 'NONE',  ( 6.505213034913037648E-15, 0.000000000000000000, -1.000000000000000000 ) ) ;
#3411 = FACE_OUTER_BOUND ( 'NONE', #1420, .T. ) ;
#3412 = CARTESIAN_POINT ( 'NONE',  ( -4.124999999999960032, 0.6400000000000000133, -5.650000000000031442 ) ) ;
#3413 = CARTESIAN_POINT ( 'NONE',  ( -5.858994527678667907, 4.483125004765786237, 14.04632486664394087 ) ) ;
#3414 = DIRECTION ( 'NONE',  ( -1.000000000000000000, 0.000000000000000000, -6.982962677686266711E-15 ) ) ;
#3415 = CARTESIAN_POINT ( 'NONE',  ( -1.045309543170253656E-13, 1.051005472321429268, 15.12355700950112336 ) ) ;
#3416 = ORIENTED_EDGE ( 'NONE', *, *, #6664, .F. ) ;
#3417 = EDGE_LOOP ( 'NONE', ( #7395, #628, #5059, #2381 ) ) ;
#3418 = LINE ( 'NONE', #6161, #334 ) ;
#3419 = ORIENTED_EDGE ( 'NONE', *, *, #5027, .T. ) ;
#3420 = EDGE_CURVE ( 'NONE', #5365, #2757, #2626, .T. ) ;
#3421 = FACE_OUTER_BOUND ( 'NONE', #3554, .T. ) ;
#3422 = STYLED_ITEM ( 'NONE', ( #2696 ), #4252 ) ;
#3423 = ADVANCED_FACE ( 'NONE', ( #140 ), #7798, .F. ) ;
#3424 = AXIS2_PLACEMENT_3D ( 'NONE', #6939, #6088, #6887 ) ;
#3425 = EDGE_LOOP ( 'NONE', ( #4118, #7899, #6431, #4282 ) ) ;
#3426 = CARTESIAN_POINT ( 'NONE',  ( 4.490128060534463117, 11.40012806053457695, 16.08739629645423008 ) ) ;
#3427 = CYLINDRICAL_SURFACE ( 'NONE', #5052, 0.1999999999999996503 ) ;
#3428 = EDGE_CURVE ( 'NONE', #8337, #8479, #739, .T. ) ;
#3429 = COLOUR_RGB ( '',0.9019607843137255054, 0.5686274509803921351, 0.2196078431372548989 ) ;
#3430 = CARTESIAN_POINT ( 'NONE',  ( -2.630256121069241004, 13.25999999999999979, 12.51552129397660096 ) ) ;
#3431 = CARTESIAN_POINT ( 'NONE',  ( -4.142934761456507964, 11.05293476145639175, 16.82444986664395259 ) ) ;
#3432 = VERTEX_POINT ( 'NONE', #7879 ) ;
#3433 = EDGE_CURVE ( 'NONE', #6667, #272, #6759, .T. ) ;
#3434 = DIRECTION ( 'NONE',  ( 1.000000000000000000, -0.000000000000000000, 6.982962677686266711E-15 ) ) ;
#3435 = DIRECTION ( 'NONE',  ( 0.000000000000000000, -1.000000000000000000, -0.000000000000000000 ) ) ;
#3436 = CARTESIAN_POINT ( 'NONE',  ( 5.858994527678494713, 4.483125004765792454, 10.98471772378687916 ) ) ;
#3437 = AXIS2_PLACEMENT_3D ( 'NONE', #3051, #3193, #5297 ) ;
#3438 = CARTESIAN_POINT ( 'NONE',  ( -4.490128060534645194, 11.40012806053457695, 9.850789151119446529 ) ) ;
#3439 = CARTESIAN_POINT ( 'NONE',  ( 5.858994527678463626, 6.910000000000001030, 15.35034272378688058 ) ) ;
#3440 = CIRCLE ( 'NONE', #681, 0.1999999999999996503 ) ;
#3441 = ORIENTED_EDGE ( 'NONE', *, *, #6109, .F. ) ;
#3442 = CARTESIAN_POINT ( 'NONE',  ( -4.490128060534633647, 2.419871939465422450, 8.263289151119446174 ) ) ;
#3443 = DIRECTION ( 'NONE',  ( 0.000000000000000000, 1.000000000000000000, 0.000000000000000000 ) ) ;
#3444 = CARTESIAN_POINT ( 'NONE',  ( 5.780000000000044658, 11.34999999999999964, -6.349999999999962341 ) ) ;
#3445 = CARTESIAN_POINT ( 'NONE',  ( 5.858994527678493824, 6.910000000000001030, 11.04141415235830870 ) ) ;
#3446 = ORIENTED_EDGE ( 'NONE', *, *, #3689, .T. ) ;
#3447 = EDGE_LOOP ( 'NONE', ( #4892, #7107, #7832, #1984 ) ) ;
#3448 = CARTESIAN_POINT ( 'NONE',  ( -6.350000000000100897, 6.910000000000000142, 14.49989629397657609 ) ) ;
#3449 = CARTESIAN_POINT ( 'NONE',  ( -6.079999999999975202, 2.240000000000000657, -3.550000000000043787 ) ) ;
#3450 = EDGE_LOOP ( 'NONE', ( #1037, #1212, #1941, #4963, #5888 ) ) ;
#3451 = DIRECTION ( 'NONE',  ( 1.000000000000000000, 0.000000000000000000, 6.938893903907228378E-15 ) ) ;
#3452 = ORIENTED_EDGE ( 'NONE', *, *, #1541, .F. ) ;
#3453 = CYLINDRICAL_SURFACE ( 'NONE', #1791, 0.2000000000000000944 ) ;
#3454 = AXIS2_PLACEMENT_3D ( 'NONE', #5432, #1962, #4740 ) ;
#3455 = CARTESIAN_POINT ( 'NONE',  ( -6.217127864651351032, 6.120588023142345513, 16.27655436443798109 ) ) ;
#3456 = CARTESIAN_POINT ( 'NONE',  ( 6.879422804227080120E-14, 6.910000000000000142, -9.851725008082825141 ) ) ;
#3457 = CARTESIAN_POINT ( 'NONE',  ( 4.800000000000068212, 6.910000000000001030, -9.851725008082791391 ) ) ;
#3458 = DIRECTION ( 'NONE',  ( -1.000000000000000000, 0.000000000000000000, -7.102804783527084762E-15 ) ) ;
#3459 = CARTESIAN_POINT ( 'NONE',  ( 6.349999999999888622, 6.910000000000001030, 15.86061057969095245 ) ) ;
#3460 = CARTESIAN_POINT ( 'NONE',  ( -5.858994527678687447, 9.336874995234211383, 16.65436058092965510 ) ) ;
#3461 = ORIENTED_EDGE ( 'NONE', *, *, #5489, .F. ) ;
#3462 = CIRCLE ( 'NONE', #1578, 0.3499999999999998668 ) ;
#3463 = LINE ( 'NONE', #4792, #4691 ) ;
#3464 = SPHERICAL_SURFACE ( 'NONE', #6608, 0.2000000000000000111 ) ;
#3465 = VERTEX_POINT ( 'NONE', #5335 ) ;
#3466 = CIRCLE ( 'NONE', #2157, 0.2000000000000005107 ) ;
#3467 = DIRECTION ( 'NONE',  ( 8.673617379884051249E-15, 0.000000000000000000, -1.000000000000000000 ) ) ;
#3468 = EDGE_CURVE ( 'NONE', #7378, #1605, #7340, .T. ) ;
#3469 = DIRECTION ( 'NONE',  ( 1.000000000000000000, 0.000000000000000000, 6.982962677686266711E-15 ) ) ;
#3470 = ORIENTED_EDGE ( 'NONE', *, *, #8130, .F. ) ;
#3471 = CARTESIAN_POINT ( 'NONE',  ( -6.350000000000107114, 9.540256121069157658, 15.46373558216843769 ) ) ;
#3472 = DIRECTION ( 'NONE',  ( 1.000000000000000000, 0.000000000000000000, 6.505213034913023449E-15 ) ) ;
#3473 = CARTESIAN_POINT ( 'NONE',  ( 4.490128060534502197, 11.40012806053457695, 10.53114629397665247 ) ) ;
#3474 = CARTESIAN_POINT ( 'NONE',  ( -2.426874995234308940, 12.76899452767857390, 14.04632486664396396 ) ) ;
#3475 = VERTEX_POINT ( 'NONE', #469 ) ;
#3476 = DIRECTION ( 'NONE',  ( -6.926272368013821792E-15, -0.000000000000000000, 1.000000000000000000 ) ) ;
#3477 = CYLINDRICAL_SURFACE ( 'NONE', #5493, 0.3500000000000004774 ) ;
#3478 = CARTESIAN_POINT ( 'NONE',  ( 5.858994527678500042, 9.336874995234211383, 10.19096772378687987 ) ) ;
#3479 = CARTESIAN_POINT ( 'NONE',  ( 3.380000000000020766, 0.2000000000000000944, -3.149999999999977707 ) ) ;
#3480 = EDGE_CURVE ( 'NONE', #1573, #55, #6129, .T. ) ;
#3481 = CARTESIAN_POINT ( 'NONE',  ( 5.858994527678504483, 4.483125004765792454, 9.850789152358307987 ) ) ;
#3482 = VERTEX_POINT ( 'NONE', #516 ) ;
#3483 = DIRECTION ( 'NONE',  ( -6.747905296117594716E-15, 0.000000000000000000, 1.000000000000000000 ) ) ;
#3484 = ORIENTED_EDGE ( 'NONE', *, *, #4080, .T. ) ;
#3485 = DIRECTION ( 'NONE',  ( 6.982962677686266711E-15, 0.000000000000000000, -1.000000000000000000 ) ) ;
#3486 = CARTESIAN_POINT ( 'NONE',  ( -3.580000000000041371, 0.6399999999999999023, 6.099999999999975664 ) ) ;
#3487 = CARTESIAN_POINT ( 'NONE',  ( -5.858994527678644815, 9.336874995234211383, 10.53114629521536827 ) ) ;
#3488 = EDGE_CURVE ( 'NONE', #8317, #4978, #5383, .T. ) ;
#3489 = EDGE_LOOP ( 'NONE', ( #789, #7214, #3909, #6246 ) ) ;
#3490 = EDGE_LOOP ( 'NONE', ( #2217, #8805, #2736, #6614 ) ) ;
#3491 = DIRECTION ( 'NONE',  ( -6.505213034913030548E-15, 0.000000000000000000, 1.000000000000000000 ) ) ;
#3492 = EDGE_CURVE ( 'NONE', #8434, #5009, #7293, .T. ) ;
#3493 = FILL_AREA_STYLE ('',( #6358 ) ) ;
#3494 = ORIENTED_EDGE ( 'NONE', *, *, #5679, .F. ) ;
#3495 = CARTESIAN_POINT ( 'NONE',  ( 6.349999999999913491, 9.540256121069173645, 9.567307008262382340 ) ) ;
#3496 = ORIENTED_EDGE ( 'NONE', *, *, #2907, .F. ) ;
#3497 = AXIS2_PLACEMENT_3D ( 'NONE', #4321, #7100, #5109 ) ;
#3498 = CARTESIAN_POINT ( 'NONE',  ( -1.061145904957149127E-13, 1.051005472321429268, 15.35034272378683795 ) ) ;
#3499 = EDGE_CURVE ( 'NONE', #2873, #6644, #1874, .T. ) ;
#3500 = DIRECTION ( 'NONE',  ( 6.982962677686266711E-15, 0.000000000000000000, -1.000000000000000000 ) ) ;
#3501 = CYLINDRICAL_SURFACE ( 'NONE', #7193, 6.349999999999999645 ) ;
#3502 = LINE ( 'NONE', #5651, #2071 ) ;
#3503 = B_SPLINE_CURVE_WITH_KNOTS ( 'NONE', 3,
 ( #5970, #2403, #3132, #5924, #3950, #2450 ),
 .UNSPECIFIED., .F., .F.,
 ( 4, 2, 4 ),
 ( 8.845388854693241743E-18, 0.002265709294126728481, 0.004531418588253448287 ),
 .UNSPECIFIED. ) ;
#3504 = CARTESIAN_POINT ( 'NONE',  ( -9.804781320248623578E-14, 12.76899452767857213, 13.98962843807255219 ) ) ;
#3505 = CARTESIAN_POINT ( 'NONE',  ( -5.858994527678630604, 4.483125004765786237, 8.603467723786797805 ) ) ;
#3506 = DIRECTION ( 'NONE',  ( -1.000000000000000000, 0.000000000000000000, -6.982962677686266711E-15 ) ) ;
#3507 = CARTESIAN_POINT ( 'NONE',  ( 5.858994527678459185, 4.483125004765792454, 16.20078915235830763 ) ) ;
#3508 = AXIS2_PLACEMENT_3D ( 'NONE', #3334, #1202, #3974 ) ;
#3509 = ORIENTED_EDGE ( 'NONE', *, *, #1435, .F. ) ;
#3510 = ORIENTED_EDGE ( 'NONE', *, *, #8371, .F. ) ;
#3511 = CARTESIAN_POINT ( 'NONE',  ( -2.143861741147670973E-13, 6.910000000000000142, 30.70132034355964379 ) ) ;
#3512 = DIRECTION ( 'NONE',  ( -1.000000000000000000, 0.000000000000000000, -6.982962677686266711E-15 ) ) ;
#3513 = ORIENTED_EDGE ( 'NONE', *, *, #47, .F. ) ;
#3514 = VECTOR ( 'NONE', #4843, 1000.000000000000000 ) ;
#3515 =( NAMED_UNIT ( * ) PLANE_ANGLE_UNIT ( ) SI_UNIT ( $, .RADIAN. ) );
#3516 = EDGE_CURVE ( 'NONE', #7526, #3814, #5881, .T. ) ;
#3517 = ORIENTED_EDGE ( 'NONE', *, *, #5842, .T. ) ;
#3518 = CARTESIAN_POINT ( 'NONE',  ( 6.349999999999894840, 6.910000000000001030, 15.06686058216853041 ) ) ;
#3519 = DIRECTION ( 'NONE',  ( -6.982962677686254089E-15, 0.000000000000000000, 1.000000000000000000 ) ) ;
#3520 = CARTESIAN_POINT ( 'NONE',  ( 4.490128060534505750, 2.419871939465424227, 10.30436057969093788 ) ) ;
#3521 = ORIENTED_EDGE ( 'NONE', *, *, #7599, .T. ) ;
#3522 = DIRECTION ( 'NONE',  ( -6.982962677686266711E-15, -0.000000000000000000, 1.000000000000000000 ) ) ;
#3523 = EDGE_CURVE ( 'NONE', #6544, #6569, #2331, .T. ) ;
#3524 = LINE ( 'NONE', #707, #982 ) ;
#3525 = CARTESIAN_POINT ( 'NONE',  ( -5.858994527678664355, 9.336874995234211383, 13.25257486664393980 ) ) ;
#3526 = CARTESIAN_POINT ( 'NONE',  ( 2.426874995234145516, 1.051005472321430156, 9.737396295215427600 ) ) ;
#3527 = CARTESIAN_POINT ( 'NONE',  ( 5.779999999999937188, 0.6400000000000000133, 6.300000000000039790 ) ) ;
#3528 = CARTESIAN_POINT ( 'NONE',  ( 6.879422804227080120E-14, 6.910000000000000142, -9.851725008082825141 ) ) ;
#3529 = FACE_OUTER_BOUND ( 'NONE', #443, .T. ) ;
#3530 = ADVANCED_FACE ( 'NONE', ( #4694 ), #1232, .F. ) ;
#3531 = EDGE_CURVE ( 'NONE', #6082, #2709, #6018, .T. ) ;
#3532 = CARTESIAN_POINT ( 'NONE',  ( -4.142934761456476878, 11.05293476145639175, 12.28873558092966611 ) ) ;
#3533 = EDGE_CURVE ( 'NONE', #7496, #5377, #4560, .T. ) ;
#3534 = DIRECTION ( 'NONE',  ( 1.000000000000000000, -0.000000000000000000, 6.982962677686266711E-15 ) ) ;
#3535 = CARTESIAN_POINT ( 'NONE',  ( 3.379999999999984794, 0.6399999999999999023, 2.000000000000023537 ) ) ;
#3536 = ORIENTED_EDGE ( 'NONE', *, *, #2295, .T. ) ;
#3537 = CARTESIAN_POINT ( 'NONE',  ( 6.349999999999901057, 6.910000000000001030, 14.15971772502567205 ) ) ;
#3538 = ORIENTED_EDGE ( 'NONE', *, *, #3480, .F. ) ;
#3539 = CARTESIAN_POINT ( 'NONE',  ( -4.142934761456476878, 11.05293476145639175, 12.28873558092966611 ) ) ;
#3540 = EDGE_CURVE ( 'NONE', #1091, #3145, #7432, .T. ) ;
#3541 = CARTESIAN_POINT ( 'NONE',  ( 5.079999999999999183, 0.000000000000000000, 3.547345040264623363E-14 ) ) ;
#3542 = FACE_OUTER_BOUND ( 'NONE', #3609, .T. ) ;
#3543 = CYLINDRICAL_SURFACE ( 'NONE', #6151, 0.2000000000000000944 ) ;
#3544 = AXIS2_PLACEMENT_3D ( 'NONE', #1655, #67, #5225 ) ;
#3545 = CARTESIAN_POINT ( 'NONE',  ( -2.244749429223761084, 12.84999999999999964, 13.41801508429947276 ) ) ;
#3546 = CARTESIAN_POINT ( 'NONE',  ( -2.426874995234286736, 1.051005472321430156, 10.75793200950110595 ) ) ;
#3547 = CARTESIAN_POINT ( 'NONE',  ( -4.142934761456450232, 11.05293476145639175, 8.433378438072525185 ) ) ;
#3548 = CARTESIAN_POINT ( 'NONE',  ( -5.080000000000000959, -3.430000000000002380, -3.671769155057995258E-14 ) ) ;
#3549 = CARTESIAN_POINT ( 'NONE',  ( -4.142934761456462667, 2.767065238543608530, 10.47444986664395294 ) ) ;
#3550 = ORIENTED_EDGE ( 'NONE', *, *, #7870, .T. ) ;
#3551 = VERTEX_POINT ( 'NONE', #8701 ) ;
#3552 = CARTESIAN_POINT ( 'NONE',  ( -3.580000000000020499, 0.2000000000000000944, 3.099999999999975220 ) ) ;
#3553 = CARTESIAN_POINT ( 'NONE',  ( -1.152887138086002546E-13, 1.060000000000000719, 16.51000000000000156 ) ) ;
#3554 = EDGE_LOOP ( 'NONE', ( #830, #3373, #5952, #4470 ) ) ;
#3555 = CARTESIAN_POINT ( 'NONE',  ( 4.490128060534480881, 2.419871939465424227, 13.93293200826236600 ) ) ;
#3556 = EDGE_LOOP ( 'NONE', ( #1609, #5329, #4632, #8496 ) ) ;
#3557 = LINE ( 'NONE', #8388, #3514 ) ;
#3558 = CARTESIAN_POINT ( 'NONE',  ( 5.815859668616268685, 4.360828308065139325, 7.750000000000040856 ) ) ;
#3559 = DIRECTION ( 'NONE',  ( 1.000000000000000000, 2.620428211445327472E-16, 6.747905296117593928E-15 ) ) ;
#3560 = VERTEX_POINT ( 'NONE', #3867 ) ;
#3561 = DIRECTION ( 'NONE',  ( -7.039652987358711629E-15, -0.000000000000000000, 1.000000000000000000 ) ) ;
#3562 = DIRECTION ( 'NONE',  ( -6.982962677686266711E-15, 0.000000000000000000, 1.000000000000000000 ) ) ;
#3563 = ORIENTED_EDGE ( 'NONE', *, *, #6836, .F. ) ;
#3564 = CARTESIAN_POINT ( 'NONE',  ( -2.244749429223773962, 12.84999999999999964, 14.43855080106276212 ) ) ;
#3565 = CARTESIAN_POINT ( 'NONE',  ( -4.142934761456444903, 11.05293476145639175, 7.753021295215381414 ) ) ;
#3566 = DIRECTION ( 'NONE',  ( -8.673617379884051249E-15, 0.000000000000000000, 1.000000000000000000 ) ) ;
#3567 = CARTESIAN_POINT ( 'NONE',  ( 2.426874995234127308, 12.76899452767857390, 11.89186058092971265 ) ) ;
#3568 = FACE_OUTER_BOUND ( 'NONE', #2402, .T. ) ;
#3569 = AXIS2_PLACEMENT_3D ( 'NONE', #7920, #1579, #1675 ) ;
#3570 = DIRECTION ( 'NONE',  ( -1.000000000000000000, 0.000000000000000000, -6.982962677686266711E-15 ) ) ;
#3571 = CARTESIAN_POINT ( 'NONE',  ( -1.619875397377539716E-13, 11.70999999999999908, 23.17999999999999972 ) ) ;
#3572 = VECTOR ( 'NONE', #8888, 1000.000000000000000 ) ;
#3573 = CARTESIAN_POINT ( 'NONE',  ( -6.810732220716538975E-14, 1.051005472321429268, 9.907485580929694891 ) ) ;
#3574 = VECTOR ( 'NONE', #883, 1000.000000000000000 ) ;
#3575 = CARTESIAN_POINT ( 'NONE',  ( 6.349999999999920597, 6.910000000000001030, 11.32489629397666775 ) ) ;
#3576 = CARTESIAN_POINT ( 'NONE',  ( -3.380000000000041194, 0.000000000000000000, 6.099999999999976552 ) ) ;
#3577 = AXIS2_PLACEMENT_3D ( 'NONE', #1392, #7506, #8357 ) ;
#3578 = LINE ( 'NONE', #8361, #8720 ) ;
#3579 = ORIENTED_EDGE ( 'NONE', *, *, #4253, .F. ) ;
#3580 = CYLINDRICAL_SURFACE ( 'NONE', #2027, 0.1999999999999996503 ) ;
#3581 = ORIENTED_EDGE ( 'NONE', *, *, #4332, .F. ) ;
#3582 = ADVANCED_FACE ( 'NONE', ( #2587 ), #8785, .T. ) ;
#3583 = EDGE_CURVE ( 'NONE', #4057, #6574, #3965, .T. ) ;
#3584 = CARTESIAN_POINT ( 'NONE',  ( 5.858994527678487607, 6.910000000000001030, 11.94855700950116528 ) ) ;
#3585 = VECTOR ( 'NONE', #8060, 1000.000000000000000 ) ;
#3586 = VECTOR ( 'NONE', #2199, 1000.000000000000000 ) ;
#3587 = EDGE_CURVE ( 'NONE', #4220, #1357, #1188, .T. ) ;
#3588 = DIRECTION ( 'NONE',  ( -1.000000000000000000, 0.000000000000000000, -6.982962677686266711E-15 ) ) ;
#3589 = CARTESIAN_POINT ( 'NONE',  ( -6.780000000000062421, 0.9910004003203211065, 6.099999999999952571 ) ) ;
#3590 = CARTESIAN_POINT ( 'NONE',  ( 6.349999999999945466, 6.910000000000001030, 7.809717725025671520 ) ) ;
#3591 = EDGE_CURVE ( 'NONE', #4899, #1143, #1915, .T. ) ;
#3592 = CARTESIAN_POINT ( 'NONE',  ( -5.858994527678626163, 9.336874995234211383, 7.809717723786797627 ) ) ;
#3593 = DIRECTION ( 'NONE',  ( 6.982962677686266711E-15, 0.000000000000000000, -1.000000000000000000 ) ) ;
#3594 = CYLINDRICAL_SURFACE ( 'NONE', #7660, 6.349999999999999645 ) ;
#3595 = CARTESIAN_POINT ( 'NONE',  ( -4.142934761456488424, 11.05293476145639175, 13.87623558092966647 ) ) ;
#3596 = ORIENTED_EDGE ( 'NONE', *, *, #6484, .F. ) ;
#3597 = ORIENTED_EDGE ( 'NONE', *, *, #7437, .F. ) ;
#3598 =( LENGTH_UNIT ( ) NAMED_UNIT ( * ) SI_UNIT ( .MILLI., .METRE. ) );
#3599 = CARTESIAN_POINT ( 'NONE',  ( -6.580000000000012506, 0.2000000000000000111, 1.799999999999954081 ) ) ;
#3600 = ORIENTED_EDGE ( 'NONE', *, *, #5510, .T. ) ;
#3601 = EDGE_CURVE ( 'NONE', #2520, #4218, #6990, .T. ) ;
#3602 = CARTESIAN_POINT ( 'NONE',  ( 5.780000000000045546, 0.6400000000000000133, -6.349999999999962341 ) ) ;
#3603 = CARTESIAN_POINT ( 'NONE',  ( 6.349999999999902833, 4.279743878930847956, 14.10302129645424429 ) ) ;
#3604 = CARTESIAN_POINT ( 'NONE',  ( 3.999999999999804157, 6.910000000000000142, 28.08000000000002316 ) ) ;
#3605 = CARTESIAN_POINT ( 'NONE',  ( -5.020011474506249627, 9.955194124517911192, 7.749999999999966249 ) ) ;
#3606 = EDGE_LOOP ( 'NONE', ( #930, #3935, #8194, #1136 ) ) ;
#3607 = CARTESIAN_POINT ( 'NONE',  ( 6.349999999999939249, 9.540256121069157658, 8.660164151119522202 ) ) ;
#3608 = CARTESIAN_POINT ( 'NONE',  ( -0.8736764559636129857, 2.189907079440825299, 24.68363143066024890 ) ) ;
#3609 = EDGE_LOOP ( 'NONE', ( #8847, #1843, #6287 ) ) ;
#3610 = ORIENTED_EDGE ( 'NONE', *, *, #879, .F. ) ;
#3611 = EDGE_CURVE ( 'NONE', #1605, #2915, #3612, .T. ) ;
#3612 =( BOUNDED_CURVE ( )  B_SPLINE_CURVE ( 2, ( #1784, #6146, #4043, #41, #6958, #5426, #720, #7597, #3448 ),
 .UNSPECIFIED., .F., .T. ) 
 B_SPLINE_CURVE_WITH_KNOTS ( ( 3, 2, 2, 2, 3 ),
 ( 0.2272727272727271264, 0.2386363636363635354, 0.2499999999999999445, 0.2613636363636362980, 0.2727272727272727071 ),
 .UNSPECIFIED. ) 
 CURVE ( )  GEOMETRIC_REPRESENTATION_ITEM ( )  RATIONAL_B_SPLINE_CURVE ( ( 1.000000000000000888, 0.9238795325112858503, 1.000000000000000000, 0.9238795325112867385, 1.000000000000000000, 0.9238795325112867385, 1.000000000000000000, 0.9238795325112867385, 1.000000000000000000 ) ) 
 REPRESENTATION_ITEM ( '' )  );
#3613 = PLANE ( 'NONE',  #6104 ) ;
#3614 = CARTESIAN_POINT ( 'NONE',  ( 0.7430714330482337537, 12.85000000000000497, 12.20438191965814134 ) ) ;
#3615 = CARTESIAN_POINT ( 'NONE',  ( 5.012174564366349117, 10.18369495854638274, 7.497517005174281657 ) ) ;
#3616 = SURFACE_STYLE_FILL_AREA ( #939 ) ;
#3617 = CARTESIAN_POINT ( 'NONE',  ( -5.858994527678649256, 4.483125004765785349, 11.32489629521536934 ) ) ;
#3618 = CARTESIAN_POINT ( 'NONE',  ( -2.244749429223780179, 12.84999999999999787, 15.34569365820562048 ) ) ;
#3619 = ORIENTED_EDGE ( 'NONE', *, *, #109, .F. ) ;
#3621 = CARTESIAN_POINT ( 'NONE',  ( -6.580000000000043592, 0.2000000000000000111, 6.099999999999954348 ) ) ;
#3620 = MECHANICAL_DESIGN_GEOMETRIC_PRESENTATION_REPRESENTATION (  '', ( #4511 ), #6969 ) ;
#3622 = CARTESIAN_POINT ( 'NONE',  ( -3.580000000000021831, 0.2000000000000000944, 3.299999999999975397 ) ) ;
#3623 = CARTESIAN_POINT ( 'NONE',  ( -5.858994527678639486, 9.336874995234211383, 9.624003438072511685 ) ) ;
#3624 = CARTESIAN_POINT ( 'NONE',  ( -6.350000000000068923, 6.910000000000000142, 9.964182008262289614 ) ) ;
#3625 = ORIENTED_EDGE ( 'NONE', *, *, #3468, .F. ) ;
#3626 = FACE_OUTER_BOUND ( 'NONE', #7942, .T. ) ;
#3627 = VECTOR ( 'NONE', #5428, 1000.000000000000000 ) ;
#3628 = EDGE_LOOP ( 'NONE', ( #7490, #3063, #5406, #2517 ) ) ;
#3629 = CARTESIAN_POINT ( 'NONE',  ( 3.945373912892742585E-14, 0.6400000000000000133, -5.650000000000003020 ) ) ;
#3630 = ORIENTED_EDGE ( 'NONE', *, *, #1599, .T. ) ;
#3631 = CARTESIAN_POINT ( 'NONE',  ( 5.858994527678492936, 9.336874995234211383, 11.09811058092973646 ) ) ;
#3632 = DIRECTION ( 'NONE',  ( -6.982962677686266711E-15, -0.000000000000000000, 1.000000000000000000 ) ) ;
#3633 = DIRECTION ( 'NONE',  ( 0.000000000000000000, 1.000000000000000000, 0.000000000000000000 ) ) ;
#3634 = CARTESIAN_POINT ( 'NONE',  ( 0.5499999999998109734, 6.910000000000000142, 27.08000000000000185 ) ) ;
#3635 = CARTESIAN_POINT ( 'NONE',  ( 4.142934761456321446, 2.767065238543610306, 10.02087843807258238 ) ) ;
#3636 = CARTESIAN_POINT ( 'NONE',  ( -6.479145345000539215E-14, 12.76899452767857213, 9.227128438072552896 ) ) ;
#3637 = CARTESIAN_POINT ( 'NONE',  ( -3.580000000000041371, 0.2000000000000000111, 6.099999999999975664 ) ) ;
#3638 = CARTESIAN_POINT ( 'NONE',  ( -2.426874995234284960, 1.051005472321430156, 10.53114629521539314 ) ) ;
#3639 = ORIENTED_EDGE ( 'NONE', *, *, #4196, .T. ) ;
#3640 = EDGE_CURVE ( 'NONE', #451, #6032, #6188, .T. ) ;
#3641 = CARTESIAN_POINT ( 'NONE',  ( 5.779999999999964722, 0.6400000000000000133, 3.100000000000041389 ) ) ;
#3642 = CARTESIAN_POINT ( 'NONE',  ( -1.619875397377539716E-13, 11.70999999999999908, 23.17999999999999972 ) ) ;
#3643 = ORIENTED_EDGE ( 'NONE', *, *, #3779, .F. ) ;
#3644 = CARTESIAN_POINT ( 'NONE',  ( 6.349999999999901945, 6.910000000000001030, 14.04632486540523750 ) ) ;
#3645 = CARTESIAN_POINT ( 'NONE',  ( 4.490128060534498644, 2.419871939465424227, 11.32489629645423079 ) ) ;
#3646 = FACE_OUTER_BOUND ( 'NONE', #4932, .T. ) ;
#3647 = DIRECTION ( 'NONE',  ( -0.000000000000000000, -1.000000000000000000, 0.000000000000000000 ) ) ;
#3648 = ORIENTED_EDGE ( 'NONE', *, *, #6369, .F. ) ;
#3649 = CARTESIAN_POINT ( 'NONE',  ( 5.916198516000043206, 9.216749903929391863, 7.749921190289779105 ) ) ;
#3650 = AXIS2_PLACEMENT_3D ( 'NONE', #7766, #1514, #4943 ) ;
#3651 = DIRECTION ( 'NONE',  ( 6.982962677686266711E-15, 0.000000000000000000, -1.000000000000000000 ) ) ;
#3652 = ORIENTED_EDGE ( 'NONE', *, *, #3, .T. ) ;
#3653 = ORIENTED_EDGE ( 'NONE', *, *, #8313, .F. ) ;
#3654 = CARTESIAN_POINT ( 'NONE',  ( 3.925000000000042011, 1.740000000000000213, -6.149999999999974598 ) ) ;
#3655 = DIRECTION ( 'NONE',  ( 6.938893903907229955E-15, 0.000000000000000000, -1.000000000000000000 ) ) ;
#3656 = CARTESIAN_POINT ( 'NONE',  ( -1.143384841831783902E-13, 0.5600000000000006084, 16.54096772254805003 ) ) ;
#3657 = PRESENTATION_STYLE_ASSIGNMENT (( #1570 ) ) ;
#3658 = EDGE_CURVE ( 'NONE', #679, #8694, #4368, .T. ) ;
#3659 = CARTESIAN_POINT ( 'NONE',  ( 4.142934761456317005, 2.767065238543610306, 10.70123558092972615 ) ) ;
#3660 = EDGE_CURVE ( 'NONE', #8456, #6629, #1782, .T. ) ;
#3661 = DIRECTION ( 'NONE',  ( -6.982962677686266711E-15, -0.000000000000000000, 1.000000000000000000 ) ) ;
#3662 = VECTOR ( 'NONE', #3559, 1000.000000000000000 ) ;
#3663 = ORIENTED_EDGE ( 'NONE', *, *, #7969, .T. ) ;
#3664 = DIRECTION ( 'NONE',  ( -6.982962677686266711E-15, -0.000000000000000000, 1.000000000000000000 ) ) ;
#3665 = CARTESIAN_POINT ( 'NONE',  ( 0.9999480695251350415, 11.60468889928429981, 24.31124541303858422 ) ) ;
#3666 =( BOUNDED_CURVE ( )  B_SPLINE_CURVE ( 2, ( #5429, #680, #1960, #4739, #2759, #8875, #2039, #2629, #1921, #7514, #1278, #7652, #5556, #1235, #8325, #8957, #8284, #4132, #6235, #1407, #2712, #4179, #3498, #6278, #1, #8240, #4045, #2672, #6964, #46, #2799, #5516, #4825, #4698, #7471, #4008, #6785, #2002, #6829, #5468, #561, #3323, #4783, #7557, #1315, #7605, #4084, #6867, #636, #5691, #1540, #813, #8365, #7189, #2127, #8457, #3675, #6314, #5738, #8504, #2894, #4317, #2220, #4269, #2848, #87, #8552, #3726, #6408, #5013, #958, #182, #6505, #4967, #4362, #908, #3539, #860, #1632, #7795, #5647, #5062, #3584, #2938, #281, #2171, #6362, #7049, #5600, #4408, #137, #7097, #8410, #7835, #2264, #7745, #1491, #3631, #4919, #1584, #7142, #6454, #7877, #231, #2989, #2313, #5786, #5107, #7701, #1453, #4222, #7000, #769, #3189, #5879, #8743, #8108, #8646, #8700, #2358, #5977, #4510, #4648, #6734, #2455, #7925, #1186, #3232, #7292, #2504, #331, #1146, #5251, #3912, #4602, #8063, #5153, #3089, #1827, #2408, #5201, #1679, #4456, #1872, #375, #5333, #1008, #5291, #8022, #7382, #6694, #7243, #7424, #3772, #6017, #6551, #4556, #6649, #467 ),
 .UNSPECIFIED., .F., .F. ) 
 B_SPLINE_CURVE_WITH_KNOTS ( ( 3, 2, 2, 2, 2, 2, 2, 2, 2, 2, 2, 2, 2, 2, 2, 2, 2, 2, 2, 2, 2, 2, 2, 2, 2, 2, 2, 2, 2, 2, 2, 2, 2, 2, 2, 2, 2, 2, 2, 2, 2, 2, 2, 2, 2, 2, 2, 2, 2, 2, 2, 2, 2, 2, 2, 2, 2, 2, 2, 2, 2, 2, 2, 2, 2, 2, 2, 2, 2, 2, 2, 2, 2, 2, 2, 2, 2, 2, 2, 3 ),
 ( 0.04331216235441627538, 0.04545454545454545581, 0.05681818181818181629, 0.06818181818181817677, 0.07954545454545454419, 0.09090909090909091161, 0.1022727272727272929, 0.1136363636363636326, 0.1250000000000000000, 0.1363636363636363535, 0.1477272727272727626, 0.1590909090909090606, 0.1704545454545454142, 0.1818181818181818232, 0.1931818181818181768, 0.2045454545454545303, 0.2159090909090908839, 0.2272727272727272374, 0.2386363636363636465, 0.2500000000000000000, 0.2613636363636363535, 0.2727272727272727071, 0.2840909090909091161, 0.2954545454545454697, 0.3068181818181818232, 0.3181818181818181768, 0.3295454545454545303, 0.3409090909090908839, 0.3522727272727272929, 0.3636363636363636465, 0.3750000000000000000, 0.3863636363636363535, 0.3977272727272727071, 0.4090909090909091161, 0.4204545454545454697, 0.4318181818181818232, 0.4431818181818181768, 0.4545454545454545303, 0.4659090909090908839, 0.4772727272727272929, 0.4886363636363636465, 0.5000000000000000000, 0.5113636363636363535, 0.5227272727272727071, 0.5340909090909090606, 0.5454545454545454142, 0.5568181818181817677, 0.5681818181818182323, 0.5795454545454545858, 0.5909090909090909394, 0.6022727272727272929, 0.6136363636363636465, 0.6250000000000000000, 0.6363636363636363535, 0.6477272727272727071, 0.6590909090909090606, 0.6704545454545455252, 0.6818181818181817677, 0.6931818181818182323, 0.7045454545454545858, 0.7159090909090909394, 0.7272727272727272929, 0.7386363636363636465, 0.7500000000000000000, 0.7613636363636363535, 0.7727272727272727071, 0.7840909090909090606, 0.7954545454545454142, 0.8068181818181817677, 0.8181818181818182323, 0.8295454545454545858, 0.8409090909090909394, 0.8522727272727272929, 0.8636363636363636465, 0.8750000000000000000, 0.8863636363636363535, 0.8977272727272727071, 0.9090909090909090606, 0.9204545454545454142, 0.9207801133614285094 ),
 .UNSPECIFIED. ) 
 CURVE ( )  GEOMETRIC_REPRESENTATION_ITEM ( )  RATIONAL_B_SPLINE_CURVE ( ( 0.9767092287086605040, 0.9856490301252858188, 1.000000000000000000, 0.9238795325112867385, 1.000000000000000000, 0.9238795325112867385, 1.000000000000000000, 0.9238795325112867385, 1.000000000000000000, 0.9238795325112867385, 1.000000000000000000, 0.9238795325112867385, 1.000000000000000000, 0.9238795325112867385, 1.000000000000000000, 0.9238795325112867385, 1.000000000000000000, 0.9238795325112867385, 1.000000000000000000, 0.9238795325112867385, 1.000000000000000000, 0.9238795325112867385, 1.000000000000000000, 0.9238795325112867385, 1.000000000000000000, 0.9238795325112867385, 1.000000000000000000, 0.9238795325112867385, 1.000000000000000000, 0.9238795325112867385, 1.000000000000000000, 0.9238795325112867385, 1.000000000000000000, 0.9238795325112867385, 1.000000000000000000, 0.9238795325112867385, 1.000000000000000000, 0.9238795325112867385, 1.000000000000000000, 0.9238795325112867385, 1.000000000000000000, 0.9238795325112867385, 1.000000000000000000, 0.9238795325112867385, 1.000000000000000000, 0.9238795325112867385, 1.000000000000000000, 0.9238795325112867385, 1.000000000000000000, 0.9238795325112867385, 1.000000000000000000, 0.9238795325112867385, 1.000000000000000000, 0.9238795325112867385, 1.000000000000000000, 0.9238795325112867385, 1.000000000000000000, 0.9238795325112867385, 1.000000000000000000, 0.9238795325112867385, 1.000000000000000000, 0.9238795325112867385, 1.000000000000000000, 0.9238795325112867385, 1.000000000000000000, 0.9238795325112867385, 1.000000000000000000, 0.9238795325112867385, 1.000000000000000000, 0.9238795325112867385, 1.000000000000000000, 0.9238795325112867385, 1.000000000000000000, 0.9238795325112867385, 1.000000000000000000, 0.9238795325112867385, 1.000000000000000000, 0.9238795325112867385, 1.000000000000000000, 0.9238795325112867385, 1.000000000000000000, 0.9238795325112867385, 1.000000000000000000, 0.9238795325112867385, 1.000000000000000000, 0.9238795325112867385, 1.000000000000000000, 0.9238795325112867385, 1.000000000000000000, 0.9238795325112867385, 1.000000000000000000, 0.9238795325112867385, 1.000000000000000000, 0.9238795325112867385, 1.000000000000000000, 0.9238795325112867385, 1.000000000000000000, 0.9238795325112867385, 1.000000000000000000, 0.9238795325112867385, 1.000000000000000000, 0.9238795325112867385, 1.000000000000000000, 0.9238795325112867385, 1.000000000000000000, 0.9238795325112867385, 1.000000000000000000, 0.9238795325112867385, 1.000000000000000000, 0.9238795325112867385, 1.000000000000000000, 0.9238795325112867385, 1.000000000000000000, 0.9238795325112867385, 1.000000000000000000, 0.9238795325112867385, 1.000000000000000000, 0.9238795325112867385, 1.000000000000000000, 0.9238795325112867385, 1.000000000000000000, 0.9238795325112867385, 1.000000000000000000, 0.9238795325112867385, 1.000000000000000000, 0.9238795325112867385, 1.000000000000000000, 0.9238795325112867385, 1.000000000000000000, 0.9238795325112867385, 1.000000000000000000, 0.9238795325112867385, 1.000000000000000000, 0.9238795325112867385, 1.000000000000000000, 0.9238795325112867385, 1.000000000000000000, 0.9238795325112867385, 1.000000000000000000, 0.9238795325112867385, 1.000000000000000000, 0.9238795325112867385, 1.000000000000000000, 0.9238795325112867385, 1.000000000000000000, 0.9238795325112867385, 1.000000000000000000, 0.9238795325112867385, 1.000000000000000000, 0.9238795325112867385, 1.000000000000000000, 0.9238795325112867385, 1.000000000000000000, 0.9238795325112867385, 1.000000000000000000, 0.9238795325112867385, 1.000000000000000000, 0.9978191504481288554, 0.9957632634700517293 ) ) 
 REPRESENTATION_ITEM ( '' )  );
#3667 = CARTESIAN_POINT ( 'NONE',  ( 5.858994527678513364, 6.910000000000001030, 8.319985580929737168 ) ) ;
#3668 = CARTESIAN_POINT ( 'NONE',  ( -6.350000000000068923, 4.279743878930841738, 10.02087843683371915 ) ) ;
#3669 = VERTEX_POINT ( 'NONE', #4736 ) ;
#3670 = DIRECTION ( 'NONE',  ( -6.982962677686268288E-15, 0.000000000000000000, 1.000000000000000000 ) ) ;
#3671 = AXIS2_PLACEMENT_3D ( 'NONE', #7950, #4012, #1712 ) ;
#3672 = DIRECTION ( 'NONE',  ( -4.336808689942025625E-15, 0.000000000000000000, 1.000000000000000000 ) ) ;
#3673 = VERTEX_POINT ( 'NONE', #595 ) ;
#3674 = CARTESIAN_POINT ( 'NONE',  ( -0.7595038909412596961, 12.85000000000000675, 14.05451163252537761 ) ) ;
#3675 = CARTESIAN_POINT ( 'NONE',  ( -4.142934761456483983, 2.767065238543608530, 13.42266415235823551 ) ) ;
#3676 = ADVANCED_FACE ( 'NONE', ( #6229 ), #6907, .T. ) ;
#3677 = LINE ( 'NONE', #4, #5648 ) ;
#3678 = CIRCLE ( 'NONE', #4846, 4.000000000000000000 ) ;
#3679 = CARTESIAN_POINT ( 'NONE',  ( -6.350000000000089351, 6.910000000000000142, 12.79900343931129569 ) ) ;
#3680 = DIRECTION ( 'NONE',  ( 1.000000000000000000, 0.000000000000000000, 8.673617379884051249E-15 ) ) ;
#3681 = CARTESIAN_POINT ( 'NONE',  ( 5.858994527678494713, 4.483125004765792454, 10.98471772378687916 ) ) ;
#3682 = AXIS2_PLACEMENT_3D ( 'NONE', #994, #315, #5726 ) ;
#3683 = FACE_OUTER_BOUND ( 'NONE', #1027, .T. ) ;
#3684 = DIRECTION ( 'NONE',  ( 6.982962677686266711E-15, 0.000000000000000000, -1.000000000000000000 ) ) ;
#3685 = CARTESIAN_POINT ( 'NONE',  ( -5.858994527678655473, 9.336874995234211383, 12.11864629521536862 ) ) ;
#3686 = ORIENTED_EDGE ( 'NONE', *, *, #877, .F. ) ;
#3687 = DIRECTION ( 'NONE',  ( -6.747905296117594716E-15, 0.000000000000000000, 1.000000000000000000 ) ) ;
#3688 = VERTEX_POINT ( 'NONE', #8318 ) ;
#3689 = EDGE_CURVE ( 'NONE', #438, #3688, #4779, .T. ) ;
#3690 = AXIS2_PLACEMENT_3D ( 'NONE', #7286, #2174, #7003 ) ;
#3691 = CARTESIAN_POINT ( 'NONE',  ( 2.630256121069072694, 13.25999999999999979, 11.60837843931136248 ) ) ;
#3692 = FACE_OUTER_BOUND ( 'NONE', #1767, .T. ) ;
#3693 = CARTESIAN_POINT ( 'NONE',  ( -4.050901741182421745, 11.14296727587789526, 7.749999999999956479 ) ) ;
#3694 = EDGE_CURVE ( 'NONE', #340, #2757, #6558, .T. ) ;
#3695 = ORIENTED_EDGE ( 'NONE', *, *, #7889, .F. ) ;
#3696 = CARTESIAN_POINT ( 'NONE',  ( -4.490128060534638976, 11.40012806053457695, 8.943646293976591721 ) ) ;
#3697 = CARTESIAN_POINT ( 'NONE',  ( -0.6153344013687354064, 2.148696919974422581, 24.97892670248351621 ) ) ;
#3698 = ORIENTED_EDGE ( 'NONE', *, *, #2592, .F. ) ;
#3699 = ORIENTED_EDGE ( 'NONE', *, *, #5295, .T. ) ;
#3700 = CARTESIAN_POINT ( 'NONE',  ( 4.125000000000025757, 1.740000000000000213, -3.549999999999972733 ) ) ;
#3701 = PLANE ( 'NONE',  #3376 ) ;
#3702 = CIRCLE ( 'NONE', #2544, 0.2999999999999999334 ) ;
#3703 = CARTESIAN_POINT ( 'NONE',  ( -6.810732220716538975E-14, 1.051005472321429268, 9.907485580929694891 ) ) ;
#3704 = EDGE_CURVE ( 'NONE', #8281, #2243, #2122, .T. ) ;
#3705 =( LENGTH_UNIT ( ) NAMED_UNIT ( * ) SI_UNIT ( .MILLI., .METRE. ) );
#3706 = CARTESIAN_POINT ( 'NONE',  ( -2.426874995234315158, 12.76899452767857390, 14.95346772378681877 ) ) ;
#3707 = ORIENTED_EDGE ( 'NONE', *, *, #3320, .T. ) ;
#3708 = CARTESIAN_POINT ( 'NONE',  ( 6.579999999999956550, 0.8543593539449101382, 6.300000000000046008 ) ) ;
#3709 = PRODUCT_DEFINITION_FORMATION_WITH_SPECIFIED_SOURCE ( 'ANY', '', #7114, .NOT_KNOWN. ) ;
#3710 = ORIENTED_EDGE ( 'NONE', *, *, #3480, .T. ) ;
#3711 = CARTESIAN_POINT ( 'NONE',  ( 5.796545349162977701, 7.763158186072878664, 16.50480700702359016 ) ) ;
#3712 = FACE_OUTER_BOUND ( 'NONE', #255, .T. ) ;
#3713 = EDGE_CURVE ( 'NONE', #5965, #886, #8562, .T. ) ;
#3714 = CARTESIAN_POINT ( 'NONE',  ( -5.858994527678632380, 4.483125004765785349, 8.830253438072512395 ) ) ;
#3715 = CARTESIAN_POINT ( 'NONE',  ( -7.633121589462885458E-14, 0.5600000000000006084, 11.09811057969090697 ) ) ;
#3716 = EDGE_LOOP ( 'NONE', ( #4295, #3484, #5991 ) ) ;
#3717 = CARTESIAN_POINT ( 'NONE',  ( -1.688480375464539215E-13, 12.44500000000000028, 24.17999999999999972 ) ) ;
#3718 = ORIENTED_EDGE ( 'NONE', *, *, #6852, .T. ) ;
#3719 = CYLINDRICAL_SURFACE ( 'NONE', #6195, 0.3500000000000004774 ) ;
#3720 = CARTESIAN_POINT ( 'NONE',  ( 2.426874995234101551, 1.051005472321430156, 16.08739629521542724 ) ) ;
#3721 = AXIS2_PLACEMENT_3D ( 'NONE', #4685, #6259, #3353 ) ;
#3722 = AXIS2_PLACEMENT_3D ( 'NONE', #8207, #4015, #607 ) ;
#3723 = ORIENTED_EDGE ( 'NONE', *, *, #7112, .F. ) ;
#3724 = CYLINDRICAL_SURFACE ( 'NONE', #6695, 0.2000000000000000944 ) ;
#3725 = AXIS2_PLACEMENT_3D ( 'NONE', #6982, #5575, #2956 ) ;
#3726 = CARTESIAN_POINT ( 'NONE',  ( 5.858994527678483166, 4.483125004765792454, 12.79900343807259766 ) ) ;
#3727 = AXIS2_PLACEMENT_3D ( 'NONE', #7318, #8723, #8043 ) ;
#3728 = CARTESIAN_POINT ( 'NONE',  ( 5.780000000000043769, 2.240000000000000657, -6.149999999999962164 ) ) ;
#3729 = TOROIDAL_SURFACE ( 'NONE', #4616, 0.5000000000000065503, 0.3500000000000003664 ) ;
#3730 = PLANE ( 'NONE',  #5988 ) ;
#3731 = DIRECTION ( 'NONE',  ( 6.982962677686266711E-15, 0.000000000000000000, -1.000000000000000000 ) ) ;
#3732 = CARTESIAN_POINT ( 'NONE',  ( -5.858994527678644815, 6.910000000000000142, 10.58784272378679781 ) ) ;
#3733 = AXIS2_PLACEMENT_3D ( 'NONE', #5138, #1853, #450 ) ;
#3734 = CARTESIAN_POINT ( 'NONE',  ( 6.779999999999978932, 0.2000000000000000944, 3.100000000000047606 ) ) ;
#3735 = CARTESIAN_POINT ( 'NONE',  ( -5.858994527678655473, 4.483125004765785349, 12.23203915235822592 ) ) ;
#3736 =( GEOMETRIC_REPRESENTATION_CONTEXT ( 3 ) GLOBAL_UNCERTAINTY_ASSIGNED_CONTEXT ( ( #6624 ) ) GLOBAL_UNIT_ASSIGNED_CONTEXT ( ( #68, #6297, #8478 ) ) REPRESENTATION_CONTEXT ( 'NONE', 'WORKASPACE' ) );
#3737 = ORIENTED_EDGE ( 'NONE', *, *, #2159, .T. ) ;
#3738 = LINE ( 'NONE', #5167, #427 ) ;
#3739 = CARTESIAN_POINT ( 'NONE',  ( -6.753565686012665381, 0.9694351295344483255, -5.561887473864104869 ) ) ;
#3740 = ORIENTED_EDGE ( 'NONE', *, *, #5917, .F. ) ;
#3741 = CIRCLE ( 'NONE', #6079, 0.1999999999999996503 ) ;
#3742 = CARTESIAN_POINT ( 'NONE',  ( -4.490128060534639864, 11.40012806053457695, 9.057039153597024495 ) ) ;
#3743 = CARTESIAN_POINT ( 'NONE',  ( -4.490128060534659404, 2.419871939465422450, 12.00525343931131061 ) ) ;
#3744 = CARTESIAN_POINT ( 'NONE',  ( -4.142934761456499970, 11.05293476145639175, 15.69052129521538319 ) ) ;
#3745 = FACE_OUTER_BOUND ( 'NONE', #8133, .T. ) ;
#3746 = EDGE_LOOP ( 'NONE', ( #2384, #888, #7589, #395 ) ) ;
#3747 = CARTESIAN_POINT ( 'NONE',  ( 0.000000000000000000, 12.84999999999999964, 0.000000000000000000 ) ) ;
#3748 = DIRECTION ( 'NONE',  ( 6.505213034913023449E-15, 0.000000000000000000, -1.000000000000000000 ) ) ;
#3749 = VERTEX_POINT ( 'NONE', #1998 ) ;
#3750 = EDGE_LOOP ( 'NONE', ( #5949, #6400, #4577, #1847 ) ) ;
#3751 = CARTESIAN_POINT ( 'NONE',  ( -6.350000000000076028, 6.910000000000000142, 10.98471772502558252 ) ) ;
#3752 = CARTESIAN_POINT ( 'NONE',  ( -6.350000000000101785, 6.910000000000000142, 14.61328915359701064 ) ) ;
#3753 = CARTESIAN_POINT ( 'NONE',  ( 6.349999999999882405, 6.910000000000001030, 16.76775343683380726 ) ) ;
#3754 = CYLINDRICAL_SURFACE ( 'NONE', #6066, 6.349999999999999645 ) ;
#3755 = CARTESIAN_POINT ( 'NONE',  ( -4.142934761456502635, 2.767065238543608530, 16.14409272378680882 ) ) ;
#3756 = CARTESIAN_POINT ( 'NONE',  ( -4.124999999999955591, 1.940000000000000391, -6.150000000000029665 ) ) ;
#3757 = ORIENTED_EDGE ( 'NONE', *, *, #2598, .T. ) ;
#3758 = CARTESIAN_POINT ( 'NONE',  ( 3.302941346545605290E-14, 6.409999999999999254, -4.730000000000001315 ) ) ;
#3759 = DIRECTION ( 'NONE',  ( 6.505213034913023449E-15, 0.000000000000000000, -1.000000000000000000 ) ) ;
#3760 = CARTESIAN_POINT ( 'NONE',  ( 2.426874995234144183, 1.051005472321430156, 9.964182009501142190 ) ) ;
#3761 = CARTESIAN_POINT ( 'NONE',  ( -2.630256121069219244, 0.5600000000000013856, 9.227128436833744729 ) ) ;
#3762 = ORIENTED_EDGE ( 'NONE', *, *, #7685, .T. ) ;
#3763 = FACE_OUTER_BOUND ( 'NONE', #2109, .T. ) ;
#3764 = AXIS2_PLACEMENT_3D ( 'NONE', #2065, #5497, #4158 ) ;
#3765 = CARTESIAN_POINT ( 'NONE',  ( 3.523501616404613124, 12.36675450466445625, 11.58114869926937018 ) ) ;
#3766 = ORIENTED_EDGE ( 'NONE', *, *, #5334, .F. ) ;
#3767 = DIRECTION ( 'NONE',  ( 0.000000000000000000, 1.000000000000000000, 0.000000000000000000 ) ) ;
#3768 = SURFACE_SIDE_STYLE ('',( #4450 ) ) ;
#3769 = VERTEX_POINT ( 'NONE', #8234 ) ;
#3770 = CARTESIAN_POINT ( 'NONE',  ( -1.890986293117441076E-13, 6.910000000000000142, 27.07999999999999829 ) ) ;
#3771 = EDGE_CURVE ( 'NONE', #2574, #7018, #8744, .T. ) ;
#3772 = CARTESIAN_POINT ( 'NONE',  ( -5.858994527678626163, 4.483125004765786237, 7.923110580929654034 ) ) ;
#3773 = ORIENTED_EDGE ( 'NONE', *, *, #7153, .F. ) ;
#3774 = CIRCLE ( 'NONE', #1448, 0.2000000000000000944 ) ;
#3775 = CARTESIAN_POINT ( 'NONE',  ( -6.349999999999931255, 6.910000000000000142, -9.851725008082869550 ) ) ;
#3776 = FACE_OUTER_BOUND ( 'NONE', #2262, .T. ) ;
#3777 = LINE ( 'NONE', #5206, #5014 ) ;
#3778 = DIRECTION ( 'NONE',  ( -6.982962677686266711E-15, 0.000000000000000000, 1.000000000000000000 ) ) ;
#3779 = EDGE_CURVE ( 'NONE', #2476, #1815, #156, .T. ) ;
#3780 = EDGE_CURVE ( 'NONE', #3999, #3128, #6106, .T. ) ;
#3781 = CARTESIAN_POINT ( 'NONE',  ( 3.925000000000024691, -3.281253729992883894, -3.549999999999974065 ) ) ;
#3782 = ORIENTED_EDGE ( 'NONE', *, *, #4490, .T. ) ;
#3783 = DIRECTION ( 'NONE',  ( 1.000000000000000000, 0.000000000000000000, 8.673617379884049672E-15 ) ) ;
#3784 = CARTESIAN_POINT ( 'NONE',  ( -0.1325010143861766743, 11.71000000000000085, 25.18000000000000682 ) ) ;
#3785 = ORIENTED_EDGE ( 'NONE', *, *, #6256, .F. ) ;
#3786 = CARTESIAN_POINT ( 'NONE',  ( -6.350000000000111555, 4.279743878930846179, 15.46373557969085866 ) ) ;
#3787 = CARTESIAN_POINT ( 'NONE',  ( 4.490128060534488874, 11.40012806053457695, 12.45882486788280019 ) ) ;
#3788 = CARTESIAN_POINT ( 'NONE',  ( 4.142934761456275261, 11.05293476145639175, 16.37087843807258025 ) ) ;
#3789 = DIRECTION ( 'NONE',  ( 0.000000000000000000, -1.000000000000000000, -0.000000000000000000 ) ) ;
#3790 = ORIENTED_EDGE ( 'NONE', *, *, #865, .F. ) ;
#3791 = AXIS2_PLACEMENT_3D ( 'NONE', #6737, #2456, #8155 ) ;
#3792 = ORIENTED_EDGE ( 'NONE', *, *, #4937, .F. ) ;
#3793 = CYLINDRICAL_SURFACE ( 'NONE', #4419, 1.250000000000000222 ) ;
#3794 = EDGE_CURVE ( 'NONE', #993, #6999, #8872, .T. ) ;
#3795 = SPHERICAL_SURFACE ( 'NONE', #1961, 0.2000000000000000111 ) ;
#3796 = EDGE_LOOP ( 'NONE', ( #693, #8931, #493, #3792 ) ) ;
#3797 = ORIENTED_EDGE ( 'NONE', *, *, #403, .T. ) ;
#3798 = CARTESIAN_POINT ( 'NONE',  ( 2.540000000000035563, 6.410000000000000142, -5.079999999999984084 ) ) ;
#3799 = CARTESIAN_POINT ( 'NONE',  ( 6.349999999999908162, 6.910000000000001030, 13.13918200826237914 ) ) ;
#3800 = CARTESIAN_POINT ( 'NONE',  ( 2.244749429223614978, 12.84999999999999076, 10.70588464898848891 ) ) ;
#3801 = CARTESIAN_POINT ( 'NONE',  ( -5.858994527678683895, 4.483125004765785349, 16.08739629521536685 ) ) ;
#3802 = ORIENTED_EDGE ( 'NONE', *, *, #3433, .F. ) ;
#3803 = CARTESIAN_POINT ( 'NONE',  ( -7.380000000000075389, 12.94999999999999929, 7.749999999999949374 ) ) ;
#3804 = ORIENTED_EDGE ( 'NONE', *, *, #4141, .F. ) ;
#3805 = ORIENTED_EDGE ( 'NONE', *, *, #5895, .F. ) ;
#3806 = FACE_OUTER_BOUND ( 'NONE', #2064, .T. ) ;
#3807 = DIRECTION ( 'NONE',  ( 0.000000000000000000, -1.000000000000000000, -0.000000000000000000 ) ) ;
#3808 = CARTESIAN_POINT ( 'NONE',  ( 2.630256121069061148, 0.5600000000000022737, 13.87623557969092580 ) ) ;
#3809 =( GEOMETRIC_REPRESENTATION_CONTEXT ( 3 ) GLOBAL_UNCERTAINTY_ASSIGNED_CONTEXT ( ( #3831 ) ) GLOBAL_UNIT_ASSIGNED_CONTEXT ( ( #3239, #7983, #341 ) ) REPRESENTATION_CONTEXT ( 'NONE', 'WORKASPACE' ) );
#3810 = CARTESIAN_POINT ( 'NONE',  ( 2.244749429223566572, 12.84999999999999964, 14.33445607755991702 ) ) ;
#3811 = ORIENTED_EDGE ( 'NONE', *, *, #5170, .T. ) ;
#3812 = CARTESIAN_POINT ( 'NONE',  ( 2.244749429223561243, 12.84999999999999964, 15.12820607508233905 ) ) ;
#3813 = CARTESIAN_POINT ( 'NONE',  ( -5.858994527678676789, 6.910000000000000142, 15.12355700950108073 ) ) ;
#3814 = VERTEX_POINT ( 'NONE', #1275 ) ;
#3815 = CARTESIAN_POINT ( 'NONE',  ( -3.580000000000011617, 0.2000000000000000944, 1.799999999999974953 ) ) ;
#3816 = VECTOR ( 'NONE', #8231, 1000.000000000000000 ) ;
#3817 = LINE ( 'NONE', #5288, #1585 ) ;
#3818 = VERTEX_POINT ( 'NONE', #5509 ) ;
#3819 = DIRECTION ( 'NONE',  ( 6.982962677686265922E-15, 0.000000000000000000, -1.000000000000000000 ) ) ;
#3820 = EDGE_CURVE ( 'NONE', #1066, #7244, #878, .T. ) ;
#3821 = EDGE_CURVE ( 'NONE', #2305, #7600, #1604, .T. ) ;
#3822 = EDGE_CURVE ( 'NONE', #256, #5713, #6449, .T. ) ;
#3823 = CYLINDRICAL_SURFACE ( 'NONE', #2916, 6.349999999999999645 ) ;
#3824 = CIRCLE ( 'NONE', #2215, 1.250000000000000222 ) ;
#3825 = DIRECTION ( 'NONE',  ( 6.982962677686266711E-15, 0.000000000000000000, -1.000000000000000000 ) ) ;
#3826 = DIRECTION ( 'NONE',  ( -1.000000000000000000, 0.000000000000000000, -6.982261990806646977E-15 ) ) ;
#3827 = DIRECTION ( 'NONE',  ( -6.982962677686254089E-15, 0.000000000000000000, 1.000000000000000000 ) ) ;
#3828 = SURFACE_STYLE_FILL_AREA ( #5934 ) ;
#3829 = ADVANCED_FACE ( 'NONE', ( #3626, #1535 ), #8592, .T. ) ;
#3830 = CARTESIAN_POINT ( 'NONE',  ( -5.858994527678630604, 9.336874995234211383, 8.490074866643940510 ) ) ;
#3831 = UNCERTAINTY_MEASURE_WITH_UNIT (LENGTH_MEASURE( 1.000000000000000082E-05 ), #3239, 'distance_accuracy_value', 'NONE');
#3832 = ORIENTED_EDGE ( 'NONE', *, *, #5942, .T. ) ;
#3833 = ADVANCED_FACE ( 'NONE', ( #5101 ), #6702, .T. ) ;
#3834 = DIRECTION ( 'NONE',  ( 6.982962677686266711E-15, 0.000000000000000000, -1.000000000000000000 ) ) ;
#3835 = CARTESIAN_POINT ( 'NONE',  ( 6.780000000000044658, 0.9910004003203211065, -6.349999999999957900 ) ) ;
#3836 = VERTEX_POINT ( 'NONE', #5779 ) ;
#3837 = AXIS2_PLACEMENT_3D ( 'NONE', #4540, #7452, #8858 ) ;
#3838 = CARTESIAN_POINT ( 'NONE',  ( 2.339292497024900295E-14, 6.910000000000000142, -3.350000000000001421 ) ) ;
#3839 = CARTESIAN_POINT ( 'NONE',  ( -6.350000000000076028, 4.279743878930841738, 11.04141415359701028 ) ) ;
#3840 = CARTESIAN_POINT ( 'NONE',  ( -1.334182473175951733, 12.84999999999999964, 16.38242605791579365 ) ) ;
#3841 = ORIENTED_EDGE ( 'NONE', *, *, #788, .T. ) ;
#3842 = DIRECTION ( 'NONE',  ( 6.982962677686266711E-15, 0.000000000000000000, -1.000000000000000000 ) ) ;
#3843 = VERTEX_POINT ( 'NONE', #4357 ) ;
#3844 = DIRECTION ( 'NONE',  ( 6.982962677686266711E-15, 0.000000000000000000, -1.000000000000000000 ) ) ;
#3845 = DIRECTION ( 'NONE',  ( -6.505213034913030548E-15, 0.000000000000000000, 1.000000000000000000 ) ) ;
#3846 = ORIENTED_EDGE ( 'NONE', *, *, #6673, .F. ) ;
#3847 = ORIENTED_EDGE ( 'NONE', *, *, #4258, .T. ) ;
#3848 = CARTESIAN_POINT ( 'NONE',  ( 3.925000000000042899, -3.281253729992883894, -6.149999999999974598 ) ) ;
#3849 = CARTESIAN_POINT ( 'NONE',  ( 6.349999999999888622, 9.540256121069157658, 15.91730700826237843 ) ) ;
#3850 = CARTESIAN_POINT ( 'NONE',  ( -5.879999999999975913, 11.34999999999999964, -3.550000000000042899 ) ) ;
#3851 = CARTESIAN_POINT ( 'NONE',  ( 4.142934761456274373, 11.05293476145639175, 16.59766415235829484 ) ) ;
#3852 = DIRECTION ( 'NONE',  ( -1.000000000000000000, 0.000000000000000000, -6.982261990806646977E-15 ) ) ;
#3853 = VERTEX_POINT ( 'NONE', #5642 ) ;
#3854 = CARTESIAN_POINT ( 'NONE',  ( -5.779999999999977156, 2.240000000000000657, -3.350000000000041833 ) ) ;
#3855 = PLANE ( 'NONE',  #8520 ) ;
#3856 = CARTESIAN_POINT ( 'NONE',  ( -6.350000000000113332, 9.540256121069157658, 16.25748557969085795 ) ) ;
#3857 = CARTESIAN_POINT ( 'NONE',  ( -6.350000000000055600, 4.279743878930841738, 8.206592722548005980 ) ) ;
#3858 = VERTEX_POINT ( 'NONE', #7042 ) ;
#3859 = DIRECTION ( 'NONE',  ( 0.000000000000000000, -1.000000000000000000, -0.000000000000000000 ) ) ;
#3860 = CARTESIAN_POINT ( 'NONE',  ( -4.142934761456501747, 11.05293476145639175, 15.91730700950109600 ) ) ;
#3861 = ORIENTED_EDGE ( 'NONE', *, *, #1081, .F. ) ;
#3862 = CYLINDRICAL_SURFACE ( 'NONE', #1123, 6.349999999999999645 ) ;
#3863 = B_SPLINE_CURVE_WITH_KNOTS ( 'NONE', 3,
 ( #5192, #8094, #4544, #4594, #2398, #1135, #4637, #8012, #455, #6634, #501, #3222, #7283, #6007, #6766, #7414, #5370, #365 ),
 .UNSPECIFIED., .F., .F.,
 ( 4, 2, 2, 2, 2, 2, 2, 2, 4 ),
 ( 0.003135057872119893351, 0.003526838013425609170, 0.003918618154731324556, 0.004310398296037040375, 0.004702178437342756194, 0.005093958578648472013, 0.005485738719954186965, 0.005877518861259903651, 0.006269299002565619471 ),
 .UNSPECIFIED. ) ;
#3864 = ORIENTED_EDGE ( 'NONE', *, *, #8540, .F. ) ;
#3865 = DIRECTION ( 'NONE',  ( -8.673617379884051249E-15, 0.000000000000000000, 1.000000000000000000 ) ) ;
#3866 = CARTESIAN_POINT ( 'NONE',  ( 5.780000000000026006, 2.140000000000000568, -3.549999999999961187 ) ) ;
#3867 = CARTESIAN_POINT ( 'NONE',  ( 4.799999999999799982, 6.910000000000001030, 28.58000000000003737 ) ) ;
#3868 = DIRECTION ( 'NONE',  ( 6.982962677686266711E-15, 0.000000000000000000, -1.000000000000000000 ) ) ;
#3869 = ADVANCED_FACE ( 'NONE', ( #6357 ), #8546, .T. ) ;
#3870 = CARTESIAN_POINT ( 'NONE',  ( 4.490128060534482657, 11.40012806053457695, 13.36596772502565855 ) ) ;
#3871 = ADVANCED_FACE ( 'NONE', ( #7184 ), #3719, .T. ) ;
#3872 = DIRECTION ( 'NONE',  ( 6.982962677686266711E-15, 0.000000000000000000, -1.000000000000000000 ) ) ;
#3873 = CARTESIAN_POINT ( 'NONE',  ( 2.426874995234153065, 12.76899452767857390, 8.263289152358286316 ) ) ;
#3874 = VECTOR ( 'NONE', #7501, 1000.000000000000000 ) ;
#3875 = MECHANICAL_DESIGN_GEOMETRIC_PRESENTATION_REPRESENTATION (  '', ( #8815 ), #8952 ) ;
#3876 = CARTESIAN_POINT ( 'NONE',  ( -2.244749429223785953, 12.84999999999999787, 16.13944365572804074 ) ) ;
#3877 = AXIS2_PLACEMENT_3D ( 'NONE', #1088, #3807, #6720 ) ;
#3878 = DIRECTION ( 'NONE',  ( -6.505213034913023449E-15, 0.000000000000000000, 1.000000000000000000 ) ) ;
#3879 = EDGE_CURVE ( 'NONE', #5276, #1689, #7653, .T. ) ;
#3880 = VECTOR ( 'NONE', #7690, 1000.000000000000000 ) ;
#3881 = CARTESIAN_POINT ( 'NONE',  ( -4.490128060534646082, 11.40012806053457695, 9.964182010739882855 ) ) ;
#3882 = CARTESIAN_POINT ( 'NONE',  ( -2.426874995234313825, 12.76899452767857390, 14.72668200950110595 ) ) ;
#3883 = ORIENTED_EDGE ( 'NONE', *, *, #6096, .F. ) ;
#3884 = EDGE_LOOP ( 'NONE', ( #873, #7187, #241, #305 ) ) ;
#3885 = ORIENTED_EDGE ( 'NONE', *, *, #1902, .F. ) ;
#3886 = FACE_OUTER_BOUND ( 'NONE', #6930, .T. ) ;
#3887 = AXIS2_PLACEMENT_3D ( 'NONE', #1664, #5913, #8629 ) ;
#3888 = LINE ( 'NONE', #4579, #8649 ) ;
#3889 = ORIENTED_EDGE ( 'NONE', *, *, #2210, .T. ) ;
#3890 = ORIENTED_EDGE ( 'NONE', *, *, #8430, .T. ) ;
#3891 = CARTESIAN_POINT ( 'NONE',  ( 2.630256121069041608, 13.25999999999999979, 16.03069986540521086 ) ) ;
#3892 = ADVANCED_FACE ( 'NONE', ( #5006 ), #7789, .T. ) ;
#3893 = CARTESIAN_POINT ( 'NONE',  ( -0.7430714330483962904, 12.85000000000000497, 11.01237495648697085 ) ) ;
#3894 = CARTESIAN_POINT ( 'NONE',  ( -5.858994527678689224, 6.910000000000000142, 16.93784272378679745 ) ) ;
#3895 = ORIENTED_EDGE ( 'NONE', *, *, #1239, .F. ) ;
#3896 = DIRECTION ( 'NONE',  ( 6.982962677686266711E-15, 0.000000000000000000, -1.000000000000000000 ) ) ;
#3897 = VERTEX_POINT ( 'NONE', #225 ) ;
#3898 = ORIENTED_EDGE ( 'NONE', *, *, #8246, .T. ) ;
#3899 = CARTESIAN_POINT ( 'NONE',  ( 6.349999999999948130, 4.279743878930885259, 13.19587843931138593 ) ) ;
#3900 = LINE ( 'NONE', #6683, #5619 ) ;
#3901 = AXIS2_PLACEMENT_3D ( 'NONE', #5693, #4921, #8411 ) ;
#3902 = CARTESIAN_POINT ( 'NONE',  ( 2.630256121069048270, 0.5600000000000022737, 15.69052129397664075 ) ) ;
#3903 = CARTESIAN_POINT ( 'NONE',  ( 4.490128060534521737, 11.40012806053457695, 7.809717722548080943 ) ) ;
#3904 = ORIENTED_EDGE ( 'NONE', *, *, #1106, .T. ) ;
#3905 = DIRECTION ( 'NONE',  ( 0.8660254037844448138, 1.060575238724910120E-16, -0.4999999999999894529 ) ) ;
#3906 = CARTESIAN_POINT ( 'NONE',  ( -1.107169026320027518E-13, 12.76899452767857213, 15.80391415235826713 ) ) ;
#3907 = CARTESIAN_POINT ( 'NONE',  ( -5.779999999999975380, 2.240000000000000657, -3.550000000000042011 ) ) ;
#3908 = CARTESIAN_POINT ( 'NONE',  ( 5.079999999999999183, -10.28842712474619248, 3.547345040264623363E-14 ) ) ;
#3909 = ORIENTED_EDGE ( 'NONE', *, *, #3516, .F. ) ;
#3910 = DIRECTION ( 'NONE',  ( 0.000000000000000000, -1.000000000000000000, -0.000000000000000000 ) ) ;
#3911 = DIRECTION ( 'NONE',  ( 6.982962677686266711E-15, 0.000000000000000000, -1.000000000000000000 ) ) ;
#3912 = CARTESIAN_POINT ( 'NONE',  ( 2.426874995234150401, 1.051005472321430156, 9.057039152358285605 ) ) ;
#3913 = CIRCLE ( 'NONE', #3764, 0.2000000000000000944 ) ;
#3914 = B_SPLINE_CURVE_WITH_KNOTS ( 'NONE', 3,
 ( #5854, #6525, #1705, #2643, #7569, #8212 ),
 .UNSPECIFIED., .F., .F.,
 ( 4, 2, 4 ),
 ( 8.673617379884045102E-19, 0.002265709294126710266, 0.004531418588253419664 ),
 .UNSPECIFIED. ) ;
#3915 =( BOUNDED_CURVE ( )  B_SPLINE_CURVE ( 2, ( #8561, #7885, #4416, #6055, #8153, #2584, #2540, #5332, #1145 ),
 .UNSPECIFIED., .F., .T. ) 
 B_SPLINE_CURVE_WITH_KNOTS ( ( 3, 2, 2, 2, 3 ),
 ( 0.4090909090909090051, 0.4204545454545454142, 0.4318181818181817677, 0.4431818181818181768, 0.4545454545454545858 ),
 .UNSPECIFIED. ) 
 CURVE ( )  GEOMETRIC_REPRESENTATION_ITEM ( )  RATIONAL_B_SPLINE_CURVE ( ( 1.000000000000000666, 0.9238795325112859613, 1.000000000000000000, 0.9238795325112867385, 1.000000000000000000, 0.9238795325112867385, 1.000000000000000000, 0.9238795325112864054, 1.000000000000000444 ) ) 
 REPRESENTATION_ITEM ( '' )  );
#3916 = DIRECTION ( 'NONE',  ( 6.982962677686266711E-15, 0.000000000000000000, -1.000000000000000000 ) ) ;
#3917 = LINE ( 'NONE', #3960, #6601 ) ;
#3918 = CARTESIAN_POINT ( 'NONE',  ( 5.780000000000024230, 1.940000000000000391, -3.349999999999961009 ) ) ;
#3919 = EDGE_CURVE ( 'NONE', #4245, #1378, #8497, .T. ) ;
#3920 = CARTESIAN_POINT ( 'NONE',  ( -5.858994527678630604, 4.483125004765785349, 8.603467723786797805 ) ) ;
#3921 = MECHANICAL_DESIGN_GEOMETRIC_PRESENTATION_REPRESENTATION (  '', ( #6113 ), #2167 ) ;
#3922 = UNCERTAINTY_MEASURE_WITH_UNIT (LENGTH_MEASURE( 1.000000000000000082E-05 ), #8177, 'distance_accuracy_value', 'NONE');
#3923 = CARTESIAN_POINT ( 'NONE',  ( -1.688480375464539215E-13, 12.44499999999999851, 24.17999999999999972 ) ) ;
#3924 = AXIS2_PLACEMENT_3D ( 'NONE', #1183, #8699, #4645 ) ;
#3925 = EDGE_CURVE ( 'NONE', #1891, #7903, #667, .T. ) ;
#3926 = CARTESIAN_POINT ( 'NONE',  ( 6.349999999999861977, 9.540256121069194961, 14.10302129397666704 ) ) ;
#3927 = CARTESIAN_POINT ( 'NONE',  ( 2.630256121069085129, 0.5600000000000022737, 10.36105701073993224 ) ) ;
#3928 = EDGE_CURVE ( 'NONE', #3769, #781, #904, .T. ) ;
#3929 = EDGE_CURVE ( 'NONE', #8617, #4756, #762, .T. ) ;
#3930 = VERTEX_POINT ( 'NONE', #6309 ) ;
#3931 = ADVANCED_FACE ( 'NONE', ( #80 ), #2840, .T. ) ;
#3932 = ORIENTED_EDGE ( 'NONE', *, *, #8673, .F. ) ;
#3933 = DIRECTION ( 'NONE',  ( -1.000000000000000000, 0.000000000000000000, -8.673617379884051249E-15 ) ) ;
#3934 = VERTEX_POINT ( 'NONE', #4960 ) ;
#3935 = ORIENTED_EDGE ( 'NONE', *, *, #5298, .T. ) ;
#3936 = CARTESIAN_POINT ( 'NONE',  ( -6.350000000000088463, 9.540256121069157658, 12.62891415111943338 ) ) ;
#3937 = CARTESIAN_POINT ( 'NONE',  ( 3.999999999999884537, 6.910000000000000142, 16.51000000000002643 ) ) ;
#3938 = CARTESIAN_POINT ( 'NONE',  ( 5.858994527678476949, 4.483125004765792454, 13.70614629521545069 ) ) ;
#3939 = FACE_OUTER_BOUND ( 'NONE', #2521, .T. ) ;
#3940 = VERTEX_POINT ( 'NONE', #3226 ) ;
#3941 = AXIS2_PLACEMENT_3D ( 'NONE', #5254, #8112, #8745 ) ;
#3942 = CARTESIAN_POINT ( 'NONE',  ( 4.490128060534485321, 2.419871939465424227, 13.13918201073994396 ) ) ;
#3943 = DIRECTION ( 'NONE',  ( 1.000000000000000000, 0.000000000000000000, 9.251858538542970644E-15 ) ) ;
#3944 = CARTESIAN_POINT ( 'NONE',  ( -2.630256121069245001, 0.5600000000000013856, 12.85569986540517640 ) ) ;
#3945 = CARTESIAN_POINT ( 'NONE',  ( -4.490128060534633647, 11.40012806053457695, 8.036503436833733360 ) ) ;
#3946 = ORIENTED_EDGE ( 'NONE', *, *, #7712, .T. ) ;
#3947 = DIRECTION ( 'NONE',  ( 0.000000000000000000, 1.000000000000000000, 0.000000000000000000 ) ) ;
#3948 = CARTESIAN_POINT ( 'NONE',  ( 6.579999999999978755, 2.000000000000000000, 3.100000000000046274 ) ) ;
#3949 = CARTESIAN_POINT ( 'NONE',  ( -5.858994527678683895, 4.483125004765785349, 16.08739629521536685 ) ) ;
#3950 = CARTESIAN_POINT ( 'NONE',  ( -1.501160829118022288, 12.84999999999998543, 8.224093060566881164 ) ) ;
#3951 = EDGE_CURVE ( 'NONE', #2279, #6711, #3085, .T. ) ;
#3952 = CARTESIAN_POINT ( 'NONE',  ( -5.858994527678663466, 4.483125004765785349, 13.13918200950108428 ) ) ;
#3953 = ORIENTED_EDGE ( 'NONE', *, *, #2961, .F. ) ;
#3954 = LINE ( 'NONE', #6549, #7425 ) ;
#3955 = CARTESIAN_POINT ( 'NONE',  ( -4.399266486942348028E-14, 0.6400000000000000133, 6.299999999999999822 ) ) ;
#3956 = MECHANICAL_DESIGN_GEOMETRIC_PRESENTATION_REPRESENTATION (  '', ( #751 ), #6142 ) ;
#3957 = CARTESIAN_POINT ( 'NONE',  ( 3.925000000000038014, -3.281253729992883894, -5.449999999999975309 ) ) ;
#3958 = VECTOR ( 'NONE', #1781, 1000.000000000000000 ) ;
#3959 = CARTESIAN_POINT ( 'NONE',  ( -5.779999999999975380, 11.44999999999999751, -3.550000000000042011 ) ) ;
#3960 = CARTESIAN_POINT ( 'NONE',  ( -3.380000000000011440, 0.000000000000000000, 1.799999999999976286 ) ) ;
#3961 = CARTESIAN_POINT ( 'NONE',  ( 3.523501616404600689, 12.36675450466445625, 13.39543441355508513 ) ) ;
#3962 = EDGE_CURVE ( 'NONE', #8889, #8685, #7968, .T. ) ;
#3963 = AXIS2_PLACEMENT_3D ( 'NONE', #5264, #8712, #8034 ) ;
#3964 = CARTESIAN_POINT ( 'NONE',  ( -4.142934761456444015, 11.05293476145639175, 7.526235580929666824 ) ) ;
#3965 =( BOUNDED_CURVE ( )  B_SPLINE_CURVE ( 2, ( #428, #2410, #3190, #5205, #5979 ),
 .UNSPECIFIED., .F., .T. ) 
 B_SPLINE_CURVE_WITH_KNOTS ( ( 3, 2, 3 ),
 ( 0.4545454545454545858, 0.4659090909090908839, 0.4720391920678800313 ),
 .UNSPECIFIED. ) 
 CURVE ( )  GEOMETRIC_REPRESENTATION_ITEM ( )  RATIONAL_B_SPLINE_CURVE ( ( 0.9999999999999996669, 0.9238795325112870716, 1.000000000000000000, 0.9589368973955084696, 0.9621766860142484390 ) ) 
 REPRESENTATION_ITEM ( '' )  );
#3966 = LINE ( 'NONE', #8876, #2286 ) ;
#3967 = DIRECTION ( 'NONE',  ( -1.000000000000000000, 0.000000000000000000, -6.982962677686266711E-15 ) ) ;
#3968 = AXIS2_PLACEMENT_3D ( 'NONE', #7918, #7500, #5326 ) ;
#3969 = CARTESIAN_POINT ( 'NONE',  ( 4.142934761456313453, 11.05293476145639175, 10.92802129521544074 ) ) ;
#3970 = CARTESIAN_POINT ( 'NONE',  ( 3.580000000000020499, 0.000000000000000000, -3.149999999999976374 ) ) ;
#3971 = CARTESIAN_POINT ( 'NONE',  ( -6.350000000000058265, 6.910000000000000142, 8.263289153597012771 ) ) ;
#3972 = EDGE_LOOP ( 'NONE', ( #3513, #3861 ) ) ;
#3973 = ORIENTED_EDGE ( 'NONE', *, *, #6468, .T. ) ;
#3974 = DIRECTION ( 'NONE',  ( -1.000000000000000000, 0.000000000000000000, -7.228014483236696753E-15 ) ) ;
#3975 = CARTESIAN_POINT ( 'NONE',  ( 3.547345040264623994E-14, 6.409999999999999254, -5.080000000000000959 ) ) ;
#3976 = ORIENTED_EDGE ( 'NONE', *, *, #7685, .F. ) ;
#3977 = ORIENTED_EDGE ( 'NONE', *, *, #565, .T. ) ;
#3978 = CARTESIAN_POINT ( 'NONE',  ( 6.349999999999888622, 6.910000000000001030, 15.86061057969095245 ) ) ;
#3979 = DIRECTION ( 'NONE',  ( 6.982962677686266711E-15, 0.000000000000000000, -1.000000000000000000 ) ) ;
#3980 = ADVANCED_FACE ( 'NONE', ( #7374 ), #6728, .F. ) ;
#3981 = CARTESIAN_POINT ( 'NONE',  ( -8.711095635144015754E-14, 1.051005472321429268, 12.62891415235826642 ) ) ;
#3982 = EDGE_CURVE ( 'NONE', #6427, #4220, #8612, .T. ) ;
#3983 = CARTESIAN_POINT ( 'NONE',  ( 6.780000000000038440, 0.2000000000000000944, -5.449999999999955769 ) ) ;
#3984 = ORIENTED_EDGE ( 'NONE', *, *, #7102, .T. ) ;
#3985 = ADVANCED_FACE ( 'NONE', ( #8017 ), #814, .F. ) ;
#3986 = CIRCLE ( 'NONE', #6450, 0.1999999999999996503 ) ;
#3987 = SPHERICAL_SURFACE ( 'NONE', #2380, 0.2000000000000000111 ) ;
#3988 = CARTESIAN_POINT ( 'NONE',  ( -4.232967275877915547, 2.859098258817600602, 7.749999999999954703 ) ) ;
#3989 = CARTESIAN_POINT ( 'NONE',  ( -4.490128060534689602, 11.40012806053457695, 16.20078915111944795 ) ) ;
#3990 = CARTESIAN_POINT ( 'NONE',  ( 5.430966372001901021, 10.45928974906719944, 7.781037160735480462 ) ) ;
#3991 = ORIENTED_EDGE ( 'NONE', *, *, #3264, .F. ) ;
#3992 = ADVANCED_FACE ( 'NONE', ( #8696 ), #8822, .F. ) ;
#3993 = CYLINDRICAL_SURFACE ( 'NONE', #6805, 0.1999999999999996503 ) ;
#3994 = PLANE ( 'NONE',  #7238 ) ;
#3995 = CARTESIAN_POINT ( 'NONE',  ( 4.142934761456293025, 11.05293476145639175, 13.87623558092972509 ) ) ;
#3996 = FILL_AREA_STYLE_COLOUR ( '', #3429 ) ;
#3997 = CARTESIAN_POINT ( 'NONE',  ( -5.858994527678662578, 6.910000000000000142, 13.08248558092965297 ) ) ;
#3998 = ORIENTED_EDGE ( 'NONE', *, *, #1902, .T. ) ;
#3999 = VERTEX_POINT ( 'NONE', #6689 ) ;
#4000 = CARTESIAN_POINT ( 'NONE',  ( -2.630256121069213471, 0.5600000000000016076, 8.319985579690889921 ) ) ;
#4001 = ADVANCED_FACE ( 'NONE', ( #1096 ), #3862, .T. ) ;
#4002 = CARTESIAN_POINT ( 'NONE',  ( 5.080000000000006288, -10.28842712474619248, -0.9999999999999642508 ) ) ;
#4003 = AXIS2_PLACEMENT_3D ( 'NONE', #2090, #4503, #322 ) ;
#4004 = DIRECTION ( 'NONE',  ( -1.000000000000000000, -0.000000000000000000, -6.982962677686266711E-15 ) ) ;
#4005 = DIRECTION ( 'NONE',  ( 6.982962677686266711E-15, 0.000000000000000000, -1.000000000000000000 ) ) ;
#4006 = FACE_OUTER_BOUND ( 'NONE', #8020, .T. ) ;
#4007 = CARTESIAN_POINT ( 'NONE',  ( -6.350000000000095568, 9.540256121069159434, 13.64944986788272452 ) ) ;
#4008 = CARTESIAN_POINT ( 'NONE',  ( 5.858994527678471620, 4.483125004765792454, 14.61328915235830728 ) ) ;
#4009 = EDGE_CURVE ( 'NONE', #7496, #4835, #4744, .T. ) ;
#4010 = CARTESIAN_POINT ( 'NONE',  ( -5.920675020402336841, 4.960919672522756230, 16.29057077054570613 ) ) ;
#4011 = CARTESIAN_POINT ( 'NONE',  ( 2.244749429223739767, 12.84999999999999964, -9.851725008082809154 ) ) ;
#4012 = DIRECTION ( 'NONE',  ( -1.000000000000000000, 0.000000000000000000, -6.982962677686266711E-15 ) ) ;
#4013 = AXIS2_PLACEMENT_3D ( 'NONE', #5286, #8057, #6219 ) ;
#4014 = CARTESIAN_POINT ( 'NONE',  ( -2.426874995234298282, 1.051005472321430156, 12.34543200950110986 ) ) ;
#4015 = DIRECTION ( 'NONE',  ( 6.982962677686266711E-15, 0.000000000000000000, -1.000000000000000000 ) ) ;
#4016 = CARTESIAN_POINT ( 'NONE',  ( -5.650742893453771514E-14, 13.26000000000000156, 8.036503439311342589 ) ) ;
#4017 = EDGE_CURVE ( 'NONE', #3432, #8538, #6914, .T. ) ;
#4018 = VECTOR ( 'NONE', #7281, 1000.000000000000000 ) ;
#4019 = SURFACE_STYLE_USAGE ( .BOTH. , #6839 ) ;
#4020 = DIRECTION ( 'NONE',  ( 0.000000000000000000, 1.000000000000000000, -0.000000000000000000 ) ) ;
#4021 = ORIENTED_EDGE ( 'NONE', *, *, #695, .T. ) ;
#4022 = MECHANICAL_DESIGN_GEOMETRIC_PRESENTATION_REPRESENTATION (  '', ( #2833 ), #6920 ) ;
#4023 = CARTESIAN_POINT ( 'NONE',  ( 6.349999999999916156, 4.279743878930847956, 12.17534272254809657 ) ) ;
#4024 = CARTESIAN_POINT ( 'NONE',  ( 2.426874995234125532, 1.051005472321430156, 12.68561058092971194 ) ) ;
#4025 = CARTESIAN_POINT ( 'NONE',  ( 2.540000000000032898, 6.559999999999999609, -4.579999999999984084 ) ) ;
#4026 = ORIENTED_EDGE ( 'NONE', *, *, #3780, .T. ) ;
#4027 = CARTESIAN_POINT ( 'NONE',  ( -6.350000000000089351, 6.910000000000000142, 12.79900343931129569 ) ) ;
#4028 = CARTESIAN_POINT ( 'NONE',  ( -1.535635797456987639, 1.107786702007476975, 7.749999999999991118 ) ) ;
#4029 = VECTOR ( 'NONE', #6395, 1000.000000000000000 ) ;
#4030 = AXIS2_PLACEMENT_3D ( 'NONE', #5676, #8395, #4297 ) ;
#4031 = CARTESIAN_POINT ( 'NONE',  ( -4.490128060534651411, 2.419871939465422450, 10.98471772254801948 ) ) ;
#4032 = CARTESIAN_POINT ( 'NONE',  ( 2.540000000000023572, 6.910000000000000142, -3.349999999999983658 ) ) ;
#4033 = ORIENTED_EDGE ( 'NONE', *, *, #3110, .T. ) ;
#4034 = CARTESIAN_POINT ( 'NONE',  ( 4.125000000000037303, 0.6399999999999999023, -5.649999999999974598 ) ) ;
#4035 = DIRECTION ( 'NONE',  ( -8.673617379884030739E-15, 0.000000000000000000, 1.000000000000000000 ) ) ;
#4036 = CARTESIAN_POINT ( 'NONE',  ( -2.426874995234289845, 12.76899452767857390, 11.32489629521539243 ) ) ;
#4037 = CARTESIAN_POINT ( 'NONE',  ( 2.426874995234108656, 12.76899452767857390, 14.61328915235828241 ) ) ;
#4038 = CARTESIAN_POINT ( 'NONE',  ( 6.349999999999960565, 4.279743878930868384, 8.546771293976666684 ) ) ;
#4039 = CARTESIAN_POINT ( 'NONE',  ( -2.244749429223779735, 12.84999999999999964, 15.23230079858518238 ) ) ;
#4040 = CARTESIAN_POINT ( 'NONE',  ( -1.132729061177486607E-13, 6.910000000000000142, 16.22132486540519025 ) ) ;
#4041 = CARTESIAN_POINT ( 'NONE',  ( -5.858994527678657249, 4.483125004765785349, 12.45882486664393873 ) ) ;
#4042 = B_SPLINE_CURVE_WITH_KNOTS ( 'NONE', 3,
 ( #1614, #2202, #2922, #8534, #7731, #4392 ),
 .UNSPECIFIED., .F., .F.,
 ( 4, 2, 4 ),
 ( 4.443906512722150683E-18, 0.0001725943224077522778, 0.0003451886448155001104 ),
 .UNSPECIFIED. ) ;
#4043 = CARTESIAN_POINT ( 'NONE',  ( 4.490128060534474663, 2.419871939465424227, 14.84007486540522258 ) ) ;
#4044 = DIRECTION ( 'NONE',  ( -1.000000000000000000, 0.000000000000000000, -6.982962677686266711E-15 ) ) ;
#4045 = CARTESIAN_POINT ( 'NONE',  ( -5.858994527678676789, 6.910000000000000142, 15.12355700950108073 ) ) ;
#4046 = DIRECTION ( 'NONE',  ( -1.000000000000000000, 0.000000000000000000, -6.982962677686266711E-15 ) ) ;
#4047 = CARTESIAN_POINT ( 'NONE',  ( -4.124999999999960920, 2.000000000000000000, -5.450000000000032152 ) ) ;
#4048 = CARTESIAN_POINT ( 'NONE',  ( 4.848498037121228954, 10.91583354343205059, 7.750000000000035527 ) ) ;
#4049 = VECTOR ( 'NONE', #7681, 1000.000000000000000 ) ;
#4050 = EDGE_CURVE ( 'NONE', #1304, #8480, #8149, .T. ) ;
#4051 = CARTESIAN_POINT ( 'NONE',  ( -9.646417702379667600E-14, 12.76899452767857213, 13.76284272378683937 ) ) ;
#4052 = CARTESIAN_POINT ( 'NONE',  ( 3.925000000000023803, 1.740000000000000213, -3.549999999999974065 ) ) ;
#4053 = CARTESIAN_POINT ( 'NONE',  ( -4.490128060534627430, 11.40012806053457695, 7.242753439311310437 ) ) ;
#4054 = ORIENTED_EDGE ( 'NONE', *, *, #1643, .T. ) ;
#4055 = CARTESIAN_POINT ( 'NONE',  ( 0.000000000000000000, 12.84999999999999964, 0.000000000000000000 ) ) ;
#4056 = DIRECTION ( 'NONE',  ( -7.039652987358711629E-15, 0.000000000000000000, 1.000000000000000000 ) ) ;
#4057 = VERTEX_POINT ( 'NONE', #5327 ) ;
#4058 = AXIS2_PLACEMENT_3D ( 'NONE', #1870, #5975, #5249 ) ;
#4059 = CARTESIAN_POINT ( 'NONE',  ( -4.124999999999974243, 2.140000000000000568, -3.550000000000030020 ) ) ;
#4060 = VERTEX_POINT ( 'NONE', #8100 ) ;
#4061 = CARTESIAN_POINT ( 'NONE',  ( -1.071837866526037668E-13, 13.26000000000000156, 15.29364629645419882 ) ) ;
#4062 = CARTESIAN_POINT ( 'NONE',  ( -6.580000000000043592, 0.000000000000000000, 6.099999999999954348 ) ) ;
#4063 = EDGE_CURVE ( 'NONE', #2196, #4835, #8235, .T. ) ;
#4064 = CARTESIAN_POINT ( 'NONE',  ( 2.630256121069078912, 13.25999999999999979, 10.58784272254806780 ) ) ;
#4065 = CARTESIAN_POINT ( 'NONE',  ( 2.426874995234106436, 1.051005472321430156, 15.40703915235828347 ) ) ;
#4066 = ORIENTED_EDGE ( 'NONE', *, *, #8114, .F. ) ;
#4067 = CARTESIAN_POINT ( 'NONE',  ( 5.779999999999990479, 11.34999999999999964, 4.925044421598571136E-14 ) ) ;
#4068 = DIRECTION ( 'NONE',  ( -1.000000000000000000, 0.000000000000000000, -7.434529182757747170E-15 ) ) ;
#4069 = CARTESIAN_POINT ( 'NONE',  ( -2.426874995234302279, 12.76899452767857390, 13.13918200950110737 ) ) ;
#4070 = CARTESIAN_POINT ( 'NONE',  ( -7.380000000000075389, 11.34999999999999964, 7.749999999999949374 ) ) ;
#4071 = CARTESIAN_POINT ( 'NONE',  ( -1.027987217385549151E-13, 12.76899452767857213, 14.66998558092969418 ) ) ;
#4072 = EDGE_LOOP ( 'NONE', ( #8691, #5996, #5686, #1176 ) ) ;
#4073 = CARTESIAN_POINT ( 'NONE',  ( 6.349999999999940137, 6.910000000000001030, 8.603467722548094443 ) ) ;
#4074 = CARTESIAN_POINT ( 'NONE',  ( -3.523501616404789871, 12.36675450466445625, 13.44989389116144451 ) ) ;
#4075 = DIRECTION ( 'NONE',  ( 0.000000000000000000, -1.000000000000000000, 0.000000000000000000 ) ) ;
#4076 = DIRECTION ( 'NONE',  ( 1.000000000000000000, 0.000000000000000000, 6.747905296117593928E-15 ) ) ;
#4077 = CARTESIAN_POINT ( 'NONE',  ( -5.858994527678664355, 4.483125004765785349, 13.36596772378679887 ) ) ;
#4078 = CARTESIAN_POINT ( 'NONE',  ( -6.580000000000012506, 0.2000000000000000944, 1.799999999999954081 ) ) ;
#4079 = CARTESIAN_POINT ( 'NONE',  ( -3.380000000000042526, 0.2000000000000000944, 6.299999999999976730 ) ) ;
#4080 = EDGE_CURVE ( 'NONE', #2483, #1450, #6480, .T. ) ;
#4081 = CARTESIAN_POINT ( 'NONE',  ( -6.780000000000044658, 2.000000000000000000, 6.299999999999952749 ) ) ;
#4082 = SHAPE_DEFINITION_REPRESENTATION ( #4355, #230 ) ;
#4083 = ADVANCED_FACE ( 'NONE', ( #324 ), #7419, .T. ) ;
#4084 = CARTESIAN_POINT ( 'NONE',  ( -9.804781320248623578E-14, 12.76899452767857213, 13.98962843807255219 ) ) ;
#4085 = AXIS2_PLACEMENT_3D ( 'NONE', #4886, #6248, #3467 ) ;
#4086 = DIRECTION ( 'NONE',  ( 0.000000000000000000, 1.000000000000000000, 0.000000000000000000 ) ) ;
#4087 = STYLED_ITEM ( 'NONE', ( #3098 ), #1737 ) ;
#4088 = DIRECTION ( 'NONE',  ( -1.211350928885222147E-29, -1.000000000000000000, 1.734723475976805517E-15 ) ) ;
#4089 = EDGE_CURVE ( 'NONE', #7355, #699, #3503, .T. ) ;
#4090 = CARTESIAN_POINT ( 'NONE',  ( -5.779999999999956728, 11.84999999999999964, -6.150000000000041211 ) ) ;
#4091 = VECTOR ( 'NONE', #4241, 1000.000000000000000 ) ;
#4092 = EDGE_CURVE ( 'NONE', #8862, #7012, #2689, .T. ) ;
#4093 = CARTESIAN_POINT ( 'NONE',  ( -4.142934761456481318, 11.05293476145639175, 12.96909272378680811 ) ) ;
#4094 = CARTESIAN_POINT ( 'NONE',  ( -1.619875395486823899E-13, 1.374999999999999556, 23.17999999999999972 ) ) ;
#4095 = EDGE_CURVE ( 'NONE', #3202, #130, #709, .T. ) ;
#4096 = CARTESIAN_POINT ( 'NONE',  ( 2.426874995234114429, 1.051005472321430156, 14.27311058092971230 ) ) ;
#4097 = VERTEX_POINT ( 'NONE', #4806 ) ;
#4098 = PLANE ( 'NONE',  #1058 ) ;
#4099 = DIRECTION ( 'NONE',  ( -8.673617379884030739E-15, 0.000000000000000000, 1.000000000000000000 ) ) ;
#4100 = ORIENTED_EDGE ( 'NONE', *, *, #8970, .F. ) ;
#4101 = VECTOR ( 'NONE', #8244, 1000.000000000000000 ) ;
#4102 = CARTESIAN_POINT ( 'NONE',  ( 4.125000000000037303, 2.000000000000000000, -5.649999999999974598 ) ) ;
#4103 = DIRECTION ( 'NONE',  ( -0.000000000000000000, 1.000000000000000000, -0.000000000000000000 ) ) ;
#4104 = ORIENTED_EDGE ( 'NONE', *, *, #2310, .T. ) ;
#4105 = B_SPLINE_CURVE_WITH_KNOTS ( 'NONE', 3,
 ( #7126, #7076, #749, #3614, #2967, #7858 ),
 .UNSPECIFIED., .F., .F.,
 ( 4, 2, 4 ),
 ( 3.469446951953614959E-18, 0.002265709294126712001, 0.004531418588253420532 ),
 .UNSPECIFIED. ) ;
#4106 = CARTESIAN_POINT ( 'NONE',  ( -1.135183313673619933E-13, 13.26000000000000156, 16.20078915359705363 ) ) ;
#4107 = DIRECTION ( 'NONE',  ( -1.000000000000000000, 0.000000000000000000, -6.982962677686266711E-15 ) ) ;
#4108 = CARTESIAN_POINT ( 'NONE',  ( 6.349999999999916156, 4.279743878930847956, 12.17534272254809657 ) ) ;
#4109 = CARTESIAN_POINT ( 'NONE',  ( 5.858994527678462738, 9.336874995234211383, 15.63382486664402116 ) ) ;
#4110 = EDGE_LOOP ( 'NONE', ( #4587, #6407 ) ) ;
#4111 = CARTESIAN_POINT ( 'NONE',  ( 3.925000000000037126, 0.8400000000000000799, -5.449999999999975309 ) ) ;
#4112 = DIRECTION ( 'NONE',  ( -1.000000000000000000, 0.000000000000000000, -6.505213034913010038E-15 ) ) ;
#4113 = CARTESIAN_POINT ( 'NONE',  ( -2.426874995234293397, 1.051005472321430156, 11.66507486664396609 ) ) ;
#4114 = LINE ( 'NONE', #6948, #2415 ) ;
#4115 = CARTESIAN_POINT ( 'NONE',  ( 5.858994527678471620, 4.483125004765792454, 14.38650343807259446 ) ) ;
#4116 = VECTOR ( 'NONE', #6265, 1000.000000000000000 ) ;
#4117 = ORIENTED_EDGE ( 'NONE', *, *, #8835, .F. ) ;
#4118 = ORIENTED_EDGE ( 'NONE', *, *, #990, .F. ) ;
#4119 = DIRECTION ( 'NONE',  ( -0.000000000000000000, -1.000000000000000000, 0.000000000000000000 ) ) ;
#4120 = LINE ( 'NONE', #8356, #4116 ) ;
#4121 = DIRECTION ( 'NONE',  ( 1.000000000000000000, 0.000000000000000000, 6.982962677686266711E-15 ) ) ;
#4122 = CIRCLE ( 'NONE', #4571, 1.250000000000000222 ) ;
#4123 = CARTESIAN_POINT ( 'NONE',  ( -5.858994527678664355, 6.910000000000000142, 13.30927129521536756 ) ) ;
#4124 = AXIS2_PLACEMENT_3D ( 'NONE', #470, #1105, #5980 ) ;
#4125 = ORIENTED_EDGE ( 'NONE', *, *, #3499, .F. ) ;
#4126 = CARTESIAN_POINT ( 'NONE',  ( 6.349999999999887734, 9.540256121069173645, 13.19587843683381045 ) ) ;
#4127 = CYLINDRICAL_SURFACE ( 'NONE', #8868, 0.7500000000000000000 ) ;
#4128 = ORIENTED_EDGE ( 'NONE', *, *, #201, .F. ) ;
#4129 = DIRECTION ( 'NONE',  ( -6.982962677686266711E-15, 0.000000000000000000, 1.000000000000000000 ) ) ;
#4130 = AXIS2_PLACEMENT_3D ( 'NONE', #3717, #6316, #1455 ) ;
#4131 = ORIENTED_EDGE ( 'NONE', *, *, #1787, .F. ) ;
#4132 = CARTESIAN_POINT ( 'NONE',  ( 5.858994527678462738, 9.336874995234211383, 15.63382486664402116 ) ) ;
#4133 = VECTOR ( 'NONE', #1175, 1000.000000000000000 ) ;
#4134 = CARTESIAN_POINT ( 'NONE',  ( 4.676063148064632635, 3.191145310299416060, 16.44572638753797733 ) ) ;
#4135 = CARTESIAN_POINT ( 'NONE',  ( -2.244749429223601656, 12.84999999999999964, -9.851725008082841128 ) ) ;
#4136 = CARTESIAN_POINT ( 'NONE',  ( 3.380000000000036753, 0.2000000000000000944, -5.449999999999979750 ) ) ;
#4137 = EDGE_CURVE ( 'NONE', #1506, #4681, #2620, .T. ) ;
#4138 = CARTESIAN_POINT ( 'NONE',  ( -7.112599816476365649E-14, 12.76899452767857213, 10.13427129521541126 ) ) ;
#4139 = LINE ( 'NONE', #2807, #816 ) ;
#4140 = CARTESIAN_POINT ( 'NONE',  ( 5.858994527678457409, 6.910000000000001030, 16.25748558092973539 ) ) ;
#4141 = EDGE_CURVE ( 'NONE', #343, #2196, #6895, .T. ) ;
#4142 = ORIENTED_EDGE ( 'NONE', *, *, #8268, .T. ) ;
#4143 = DIRECTION ( 'NONE',  ( 8.673617379884051249E-15, 0.000000000000000000, -1.000000000000000000 ) ) ;
#4144 = DIRECTION ( 'NONE',  ( 1.000000000000000000, 0.000000000000000000, 6.938893903907228378E-15 ) ) ;
#4145 = ORIENTED_EDGE ( 'NONE', *, *, #1747, .F. ) ;
#4146 = CARTESIAN_POINT ( 'NONE',  ( 6.280000000000043769, 11.34999999999999964, -6.149999999999958611 ) ) ;
#4147 = TOROIDAL_SURFACE ( 'NONE', #5199, 0.4000000000000000222, 0.2000000000000000111 ) ;
#4148 = CARTESIAN_POINT ( 'NONE',  ( 1.250000000000023981, 6.910000000000000142, -3.349999999999992539 ) ) ;
#4149 = CIRCLE ( 'NONE', #3877, 0.9999999999999997780 ) ;
#4150 = ORIENTED_EDGE ( 'NONE', *, *, #3378, .F. ) ;
#4151 = CARTESIAN_POINT ( 'NONE',  ( -1.890986293117441076E-13, 6.910000000000000142, 27.07999999999999829 ) ) ;
#4152 = DIRECTION ( 'NONE',  ( 6.505213034913023449E-15, 0.000000000000000000, -1.000000000000000000 ) ) ;
#4153 = MECHANICAL_DESIGN_GEOMETRIC_PRESENTATION_REPRESENTATION (  '', ( #8376 ), #7150 ) ;
#4154 = CARTESIAN_POINT ( 'NONE',  ( 6.349999999999914380, 9.540256121069157658, 12.28873557969095209 ) ) ;
#4155 = CARTESIAN_POINT ( 'NONE',  ( -1.061145904957149127E-13, 1.051005472321429268, 15.35034272378683795 ) ) ;
#4156 = ORIENTED_EDGE ( 'NONE', *, *, #4507, .T. ) ;
#4157 = ADVANCED_FACE ( 'NONE', ( #3310 ), #6178, .F. ) ;
#4158 = DIRECTION ( 'NONE',  ( -8.673617379884030739E-15, 0.000000000000000000, 1.000000000000000000 ) ) ;
#4159 = LINE ( 'NONE', #7632, #7084 ) ;
#4160 = CARTESIAN_POINT ( 'NONE',  ( -4.142934761456483095, 11.05293476145639175, 13.19587843807252270 ) ) ;
#4161 = AXIS2_PLACEMENT_3D ( 'NONE', #5208, #2509, #7196 ) ;
#4162 = CARTESIAN_POINT ( 'NONE',  ( 2.244749429223621640, 12.84999999999999076, 9.685348932225197771 ) ) ;
#4163 = CARTESIAN_POINT ( 'NONE',  ( 5.858994527678490272, 4.483125004765792454, 11.66507486664402293 ) ) ;
#4164 = EDGE_CURVE ( 'NONE', #3930, #8617, #4114, .T. ) ;
#4165 = AXIS2_PLACEMENT_3D ( 'NONE', #7291, #6100, #6899 ) ;
#4166 = ORIENTED_EDGE ( 'NONE', *, *, #5679, .T. ) ;
#4167 = CARTESIAN_POINT ( 'NONE',  ( -6.350000000000088463, 6.910000000000000142, 12.68561057969086114 ) ) ;
#4168 = CARTESIAN_POINT ( 'NONE',  ( -6.350000000000094680, 6.910000000000000142, 13.59275343683371773 ) ) ;
#4169 = CARTESIAN_POINT ( 'NONE',  ( -2.244749429223759307, 12.84999999999999076, 9.902836515348477420 ) ) ;
#4170 = CLOSED_SHELL ( 'NONE', ( #7172, #3869, #6648, #328, #7847, #7603, #5929, #2372 ) ) ;
#4171 = CARTESIAN_POINT ( 'NONE',  ( -5.858994527678651920, 9.336874995234211383, 11.43828915235822308 ) ) ;
#4172 = AXIS2_PLACEMENT_3D ( 'NONE', #7733, #4255, #7032 ) ;
#4173 = EDGE_LOOP ( 'NONE', ( #2755, #8758 ) ) ;
#4174 = ORIENTED_EDGE ( 'NONE', *, *, #877, .T. ) ;
#4175 = CARTESIAN_POINT ( 'NONE',  ( -6.269583355363220534, 6.910000000012253452, 16.26775343683358699 ) ) ;
#4176 = CARTESIAN_POINT ( 'NONE',  ( -3.380000000000041194, 0.2000000000000000944, 6.099999999999976552 ) ) ;
#4177 = ORIENTED_EDGE ( 'NONE', *, *, #6772, .T. ) ;
#4178 = EDGE_LOOP ( 'NONE', ( #6775, #7276, #394, #6340 ) ) ;
#4179 = CARTESIAN_POINT ( 'NONE',  ( 2.426874995234106436, 1.051005472321430156, 15.40703915235828525 ) ) ;
#4180 = DIRECTION ( 'NONE',  ( 6.982962677686266711E-15, 0.000000000000000000, -1.000000000000000000 ) ) ;
#4181 = CARTESIAN_POINT ( 'NONE',  ( -6.349999999999931255, 6.910000000000000142, -9.851725008082869550 ) ) ;
#4182 = DIRECTION ( 'NONE',  ( 1.000000000000000000, 0.000000000000000000, 6.982962677686266711E-15 ) ) ;
#4183 = EDGE_CURVE ( 'NONE', #3999, #7843, #2086, .T. ) ;
#4184 = CARTESIAN_POINT ( 'NONE',  ( -9.978004578095667361E-14, 1.051005472321429268, 14.44319986664398137 ) ) ;
#4185 = CARTESIAN_POINT ( 'NONE',  ( -4.142934761456457338, 2.767065238543608530, 9.567307009501094583 ) ) ;
#4186 = DIRECTION ( 'NONE',  ( 1.000000000000000000, -0.000000000000000000, 6.982962677686266711E-15 ) ) ;
#4187 = CARTESIAN_POINT ( 'NONE',  ( -2.426874995234320487, 12.76899452767857390, 15.63382486664396254 ) ) ;
#4188 = EDGE_LOOP ( 'NONE', ( #4818, #3446, #3069, #1975 ) ) ;
#4189 = ORIENTED_EDGE ( 'NONE', *, *, #7412, .T. ) ;
#4190 = CARTESIAN_POINT ( 'NONE',  ( -2.244749429223601656, 12.84999999999999964, -9.851725008082841128 ) ) ;
#4191 = DIRECTION ( 'NONE',  ( 1.000000000000000000, 0.000000000000000000, 6.505213034913023449E-15 ) ) ;
#4192 = VERTEX_POINT ( 'NONE', #8308 ) ;
#4193 = AXIS2_PLACEMENT_3D ( 'NONE', #1554, #7014, #2185 ) ;
#4194 = ADVANCED_FACE ( 'NONE', ( #2025 ), #6138, .F. ) ;
#4195 = SURFACE_STYLE_FILL_AREA ( #1426 ) ;
#4196 = EDGE_CURVE ( 'NONE', #4294, #6581, #1223, .T. ) ;
#4197 = EDGE_CURVE ( 'NONE', #8407, #3999, #4559, .T. ) ;
#4198 = SURFACE_STYLE_FILL_AREA ( #152 ) ;
#4199 = ORIENTED_EDGE ( 'NONE', *, *, #8334, .T. ) ;
#4200 = EDGE_CURVE ( 'NONE', #1863, #7088, #8981, .T. ) ;
#4201 = DIRECTION ( 'NONE',  ( -0.000000000000000000, 1.000000000000000000, 0.000000000000000000 ) ) ;
#4202 = DIRECTION ( 'NONE',  ( -1.000000000000000000, 0.000000000000000000, -7.102804783527084762E-15 ) ) ;
#4203 = VECTOR ( 'NONE', #6865, 1000.000000000000000 ) ;
#4204 = CARTESIAN_POINT ( 'NONE',  ( -6.350000000000075140, 4.279743878930841738, 10.92802129397657396 ) ) ;
#4205 = CARTESIAN_POINT ( 'NONE',  ( 5.858994527678468955, 6.910000000000001030, 14.66998558092973681 ) ) ;
#4206 = ORIENTED_EDGE ( 'NONE', *, *, #7437, .T. ) ;
#4207 = CARTESIAN_POINT ( 'NONE',  ( 6.779999999999977156, 0.9910004003203327638, 3.300000000000047784 ) ) ;
#4208 = FACE_OUTER_BOUND ( 'NONE', #5748, .T. ) ;
#4209 = CARTESIAN_POINT ( 'NONE',  ( -4.142934761456470660, 2.767065238543608530, 11.60837843807252412 ) ) ;
#4210 = PLANE ( 'NONE',  #5342 ) ;
#4211 = CARTESIAN_POINT ( 'NONE',  ( -5.858994527678643038, 4.483125004765785349, 10.41775343807251097 ) ) ;
#4212 = CARTESIAN_POINT ( 'NONE',  ( 5.779999999999973603, 0.6400000000000000133, 2.000000000000041300 ) ) ;
#4213 = EDGE_CURVE ( 'NONE', #1450, #1720, #7635, .T. ) ;
#4214 = CARTESIAN_POINT ( 'NONE',  ( 0.7430714330482427465, 12.84999999999999964, 11.29723906251528476 ) ) ;
#4215 = CARTESIAN_POINT ( 'NONE',  ( 2.426874995234120203, 12.76899452767857390, 13.02578915235828561 ) ) ;
#4216 = CARTESIAN_POINT ( 'NONE',  ( 2.444036937190202815E-15, 6.910000000000000142, -0.3500000000000013656 ) ) ;
#4217 = DIRECTION ( 'NONE',  ( -0.000000000000000000, -1.000000000000000000, -0.000000000000000000 ) ) ;
#4218 = VERTEX_POINT ( 'NONE', #2784 ) ;
#4219 = CARTESIAN_POINT ( 'NONE',  ( -0.4707974192780088329, 12.76282270033938637, 16.50480700702354397 ) ) ;
#4220 = VERTEX_POINT ( 'NONE', #7462 ) ;
#4221 = AXIS2_PLACEMENT_3D ( 'NONE', #4216, #2668, #2079 ) ;
#4222 = CARTESIAN_POINT ( 'NONE',  ( -7.270963434345321627E-14, 12.76899452767857213, 10.36105700950112585 ) ) ;
#4223 = DIRECTION ( 'NONE',  ( -8.673617379884051249E-15, 0.000000000000000000, 1.000000000000000000 ) ) ;
#4224 = CARTESIAN_POINT ( 'NONE',  ( 5.876778975789094694, 6.910000000000001030, 16.49453915111951474 ) ) ;
#4225 = DIRECTION ( 'NONE',  ( -1.000000000000000000, 0.000000000000000000, -6.505213034913023449E-15 ) ) ;
#4226 = CARTESIAN_POINT ( 'NONE',  ( 5.858994527678468067, 9.336874995234211383, 14.72668200950116457 ) ) ;
#4227 = CYLINDRICAL_SURFACE ( 'NONE', #6783, 6.349999999999999645 ) ;
#4228 = CARTESIAN_POINT ( 'NONE',  ( 6.879422804227080120E-14, 6.910000000000000142, -9.851725008082825141 ) ) ;
#4229 = CARTESIAN_POINT ( 'NONE',  ( -9.012963230903841166E-14, 12.76899452767857213, 12.85569986664398101 ) ) ;
#4230 = AXIS2_PLACEMENT_3D ( 'NONE', #3511, #5613, #7665 ) ;
#4231 = VERTEX_POINT ( 'NONE', #4070 ) ;
#4232 = ORIENTED_EDGE ( 'NONE', *, *, #2633, .F. ) ;
#4233 = DIRECTION ( 'NONE',  ( -6.982962677686266711E-15, 0.000000000000000000, 1.000000000000000000 ) ) ;
#4234 = CARTESIAN_POINT ( 'NONE',  ( 3.547345040264623994E-14, 6.410000000000000142, -5.080000000000000959 ) ) ;
#4235 = EDGE_LOOP ( 'NONE', ( #2654, #4033, #2863, #1201, #3215, #6008 ) ) ;
#4236 = TOROIDAL_SURFACE ( 'NONE', #4693, 0.4000000000000007438, 0.2000000000000000111 ) ;
#4237 = DIRECTION ( 'NONE',  ( -7.921111762451229436E-17, -1.000000000000000000, 7.921111762451118503E-17 ) ) ;
#4238 = VERTEX_POINT ( 'NONE', #8226 ) ;
#4239 = CARTESIAN_POINT ( 'NONE',  ( -4.490128060534690491, 11.40012806053457695, 16.31418201073988072 ) ) ;
#4240 = CARTESIAN_POINT ( 'NONE',  ( 1.674589538154447999, 1.008855122849176666, 7.750000000000012434 ) ) ;
#4241 = DIRECTION ( 'NONE',  ( 6.982962677686266711E-15, 0.000000000000000000, -1.000000000000000000 ) ) ;
#4242 = CIRCLE ( 'NONE', #3090, 0.1000000000000002554 ) ;
#4243 = DIRECTION ( 'NONE',  ( -8.673617379884051249E-15, 0.000000000000000000, 1.000000000000000000 ) ) ;
#4244 = CARTESIAN_POINT ( 'NONE',  ( -0.5039702427111955041, 2.134990531414685755, 23.30642425252115402 ) ) ;
#4245 = VERTEX_POINT ( 'NONE', #4769 ) ;
#4246 =( BOUNDED_CURVE ( )  B_SPLINE_CURVE ( 2, ( #635, #4007, #6784, #559, #3322 ),
 .UNSPECIFIED., .F., .F. ) 
 B_SPLINE_CURVE_WITH_KNOTS ( ( 3, 2, 3 ),
 ( 0.2727272727272727071, 0.2840909090909091161, 0.2902210102496982636 ),
 .UNSPECIFIED. ) 
 CURVE ( )  GEOMETRIC_REPRESENTATION_ITEM ( )  RATIONAL_B_SPLINE_CURVE ( ( 1.000000000000000000, 0.9238795325112867385, 1.000000000000000000, 0.9589368973955083586, 0.9621766860142484390 ) ) 
 REPRESENTATION_ITEM ( '' )  );
#4247 = PLANE ( 'NONE',  #8408 ) ;
#4248 = DIRECTION ( 'NONE',  ( 6.982962677686266711E-15, 0.000000000000000000, -1.000000000000000000 ) ) ;
#4249 = CARTESIAN_POINT ( 'NONE',  ( 5.858994527678513364, 9.336874995234211383, 8.376682009501164927 ) ) ;
#4250 = CARTESIAN_POINT ( 'NONE',  ( -2.630256121069226349, 0.5600000000000016076, 10.13427129397660131 ) ) ;
#4251 = EDGE_CURVE ( 'NONE', #1296, #7439, #1387, .T. ) ;
#4252 = MANIFOLD_SOLID_BREP ( 'Body-Move/Copy1[3]', #2130 ) ;
#4253 = EDGE_CURVE ( 'NONE', #6396, #8407, #1824, .T. ) ;
#4254 = CARTESIAN_POINT ( 'NONE',  ( -5.858994527678650144, 6.910000000000000142, 11.26819986664393980 ) ) ;
#4255 = DIRECTION ( 'NONE',  ( 6.982962677686266711E-15, -0.000000000000000000, -1.000000000000000000 ) ) ;
#4256 = CARTESIAN_POINT ( 'NONE',  ( -2.244749429223761084, 12.84999999999999964, 13.41801508429947454 ) ) ;
#4257 = CARTESIAN_POINT ( 'NONE',  ( 0.9740458577793004169, 11.61041072384002959, 23.91831850385462843 ) ) ;
#4258 = EDGE_CURVE ( 'NONE', #1286, #5074, #8366, .T. ) ;
#4259 = CARTESIAN_POINT ( 'NONE',  ( -2.426874995234271193, 12.76899452767857390, 8.603467723786822674 ) ) ;
#4260 = CARTESIAN_POINT ( 'NONE',  ( 2.630256121069073139, 13.25999999999999979, 11.49498557969092616 ) ) ;
#4261 = EDGE_CURVE ( 'NONE', #7257, #1756, #4299, .T. ) ;
#4262 = VERTEX_POINT ( 'NONE', #4997 ) ;
#4263 = DIRECTION ( 'NONE',  ( -6.982962677686266711E-15, 0.000000000000000000, 1.000000000000000000 ) ) ;
#4264 = VECTOR ( 'NONE', #2270, 1000.000000000000000 ) ;
#4265 = DIRECTION ( 'NONE',  ( 6.505213034913023449E-15, 0.000000000000000000, -1.000000000000000000 ) ) ;
#4266 = ORIENTED_EDGE ( 'NONE', *, *, #4280, .F. ) ;
#4267 = CARTESIAN_POINT ( 'NONE',  ( -0.7500000000001432188, 6.910000000000000142, 20.50999999999999446 ) ) ;
#4268 = EDGE_LOOP ( 'NONE', ( #207, #5923 ) ) ;
#4269 = CARTESIAN_POINT ( 'NONE',  ( 2.426874995234119758, 12.76899452767857390, 13.02578915235828561 ) ) ;
#4270 = AXIS2_PLACEMENT_3D ( 'NONE', #6782, #6147, #5427 ) ;
#4271 = CARTESIAN_POINT ( 'NONE',  ( -8.266576060938710630E-14, 0.5600000000000006084, 12.00525343683376356 ) ) ;
#4272 = SPHERICAL_SURFACE ( 'NONE', #2809, 0.2000000000000000111 ) ;
#4273 = EDGE_CURVE ( 'NONE', #6244, #7213, #4042, .T. ) ;
#4274 = CARTESIAN_POINT ( 'NONE',  ( -5.779999999999954952, 1.740000000000000213, -6.350000000000040501 ) ) ;
#4275 = CARTESIAN_POINT ( 'NONE',  ( 2.244749429223633630, 12.84999999999999076, 7.984456077559919152 ) ) ;
#4276 = CARTESIAN_POINT ( 'NONE',  ( 5.858994527678506259, 9.336874995234211383, 9.283824866644025064 ) ) ;
#4277 = CARTESIAN_POINT ( 'NONE',  ( -4.188456640437076217, 2.812587117524239844, 7.751517310324606669 ) ) ;
#4278 = DIRECTION ( 'NONE',  ( 6.982962677686266711E-15, 0.000000000000000000, -1.000000000000000000 ) ) ;
#4279 = AXIS2_PLACEMENT_3D ( 'NONE', #7023, #7166, #1565 ) ;
#4280 = EDGE_CURVE ( 'NONE', #7526, #2520, #2249, .T. ) ;
#4281 = CARTESIAN_POINT ( 'NONE',  ( -4.142934761456482207, 2.767065238543608530, 13.19587843807252270 ) ) ;
#4282 = ORIENTED_EDGE ( 'NONE', *, *, #3982, .F. ) ;
#4283 = ORIENTED_EDGE ( 'NONE', *, *, #7488, .T. ) ;
#4284 = CYLINDRICAL_SURFACE ( 'NONE', #7264, 0.2000000000000000944 ) ;
#4285 = VERTEX_POINT ( 'NONE', #4345 ) ;
#4286 = CYLINDRICAL_SURFACE ( 'NONE', #3144, 6.349999999999999645 ) ;
#4287 = ADVANCED_FACE ( 'NONE', ( #7078 ), #6437, .F. ) ;
#4288 = CARTESIAN_POINT ( 'NONE',  ( -9.451469722308723809E-14, 13.26000000000000156, 13.47936058216848387 ) ) ;
#4289 = PLANE ( 'NONE',  #3725 ) ;
#4290 = DIRECTION ( 'NONE',  ( 6.982962677686266711E-15, 0.000000000000000000, -1.000000000000000000 ) ) ;
#4291 = ORIENTED_EDGE ( 'NONE', *, *, #2642, .T. ) ;
#4292 = DIRECTION ( 'NONE',  ( -8.673617379884030739E-15, 0.000000000000000000, 1.000000000000000000 ) ) ;
#4293 = CARTESIAN_POINT ( 'NONE',  ( -0.1325355423933767263, 2.110000000000000320, 25.18000000000000327 ) ) ;
#4294 = VERTEX_POINT ( 'NONE', #2113 ) ;
#4295 = ORIENTED_EDGE ( 'NONE', *, *, #7141, .F. ) ;
#4296 = DIRECTION ( 'NONE',  ( -6.982962677686266711E-15, -0.000000000000000000, 1.000000000000000000 ) ) ;
#4297 = DIRECTION ( 'NONE',  ( 6.982962677686257244E-15, 0.000000000000000000, -1.000000000000000000 ) ) ;
#4298 = CARTESIAN_POINT ( 'NONE',  ( -6.004054491393670020E-14, 12.76899452767857213, 8.546771295215410902 ) ) ;
#4299 = LINE ( 'NONE', #6301, #5616 ) ;
#4300 = CARTESIAN_POINT ( 'NONE',  ( -5.858994527678656361, 6.910000000000000142, 12.17534272378679638 ) ) ;
#4301 = DIRECTION ( 'NONE',  ( 6.865433986901930319E-15, 0.000000000000000000, -1.000000000000000000 ) ) ;
#4302 = EDGE_LOOP ( 'NONE', ( #4206, #1323, #6277, #7399 ) ) ;
#4303 = CARTESIAN_POINT ( 'NONE',  ( -1.619875395486823899E-13, 6.909999999999999254, 23.17999999999999972 ) ) ;
#4304 = CARTESIAN_POINT ( 'NONE',  ( 0.1307291393154420278, 11.71000000000000085, 23.18000000000000327 ) ) ;
#4305 = VECTOR ( 'NONE', #3298, 1000.000000000000000 ) ;
#4306 =( BOUNDED_CURVE ( )  B_SPLINE_CURVE ( 2, ( #4680, #7457, #1217, #3990, #2735 ),
 .UNSPECIFIED., .F., .F. ) 
 B_SPLINE_CURVE_WITH_KNOTS ( ( 3, 2, 3 ),
 ( 0.9370517170230290294, 0.9431818181818182323, 0.9491549210494026889 ),
 .UNSPECIFIED. ) 
 CURVE ( )  GEOMETRIC_REPRESENTATION_ITEM ( )  RATIONAL_B_SPLINE_CURVE ( ( 0.9621766860142484390, 0.9589368973955083586, 1.000000000000000000, 0.9599885663277940573, 0.9620397966754250518 ) ) 
 REPRESENTATION_ITEM ( '' )  );
#4307 = CARTESIAN_POINT ( 'NONE',  ( -4.142934761456452897, 2.767065238543608530, 8.886949866643952589 ) ) ;
#4308 = CIRCLE ( 'NONE', #8821, 0.2000000000000000944 ) ;
#4309 = CARTESIAN_POINT ( 'NONE',  ( 4.490128060534511967, 2.419871939465424227, 9.397217722548081298 ) ) ;
#4310 = EDGE_CURVE ( 'NONE', #2168, #7504, #4904, .T. ) ;
#4311 = CARTESIAN_POINT ( 'NONE',  ( -1.132729061177486607E-13, 6.910000000000000142, 16.22132486540519025 ) ) ;
#4312 = CIRCLE ( 'NONE', #8688, 0.1999999999999996503 ) ;
#4313 = LINE ( 'NONE', #7091, #8416 ) ;
#4314 = ORIENTED_EDGE ( 'NONE', *, *, #5386, .T. ) ;
#4315 = CARTESIAN_POINT ( 'NONE',  ( 0.6852043079020661009, 12.74157455872489564, 16.50480700702355819 ) ) ;
#4316 = ORIENTED_EDGE ( 'NONE', *, *, #4956, .F. ) ;
#4317 = CARTESIAN_POINT ( 'NONE',  ( -2.426874995234302723, 12.76899452767857390, 13.13918200950110737 ) ) ;
#4318 = CIRCLE ( 'NONE', #3733, 0.3000000000000007661 ) ;
#4319 = AXIS2_PLACEMENT_3D ( 'NONE', #661, #621, #3308 ) ;
#4320 = CARTESIAN_POINT ( 'NONE',  ( 4.490128060534492427, 2.419871939465424227, 12.11864629397665283 ) ) ;
#4321 = CARTESIAN_POINT ( 'NONE',  ( -4.124999999999976019, 1.740000000000000213, -3.350000000000029843 ) ) ;
#4322 = CARTESIAN_POINT ( 'NONE',  ( -4.142934761456452897, 2.767065238543608530, 8.886949866643952589 ) ) ;
#4323 = CARTESIAN_POINT ( 'NONE',  ( 4.142934761456323223, 2.767065238543610306, 9.794092723786867793 ) ) ;
#4324 = VECTOR ( 'NONE', #7459, 1000.000000000000000 ) ;
#4325 = CARTESIAN_POINT ( 'NONE',  ( 7.380000000000044302, 2.240000000000004210, -6.349999999999951683 ) ) ;
#4326 = CARTESIAN_POINT ( 'NONE',  ( 5.858994527678476949, 6.910000000000001030, 13.53605700950116564 ) ) ;
#4327 = ORIENTED_EDGE ( 'NONE', *, *, #4373, .F. ) ;
#4328 = ADVANCED_FACE ( 'NONE', ( #1438 ), #4210, .F. ) ;
#4329 = SURFACE_STYLE_USAGE ( .BOTH. , #4934 ) ;
#4330 = DIRECTION ( 'NONE',  ( -6.982962677686266711E-15, -0.000000000000000000, 1.000000000000000000 ) ) ;
#4331 = ORIENTED_EDGE ( 'NONE', *, *, #7050, .T. ) ;
#4332 = EDGE_CURVE ( 'NONE', #7439, #2141, #548, .T. ) ;
#4333 = CARTESIAN_POINT ( 'NONE',  ( -6.350000000000083134, 6.910000000000000142, 11.89186058216843911 ) ) ;
#4334 = CARTESIAN_POINT ( 'NONE',  ( 4.675309222382407093, 2.724382232247553937, 7.750000000000046185 ) ) ;
#4335 = DIRECTION ( 'NONE',  ( -0.000000000000000000, 1.000000000000000000, 0.000000000000000000 ) ) ;
#4336 = EDGE_LOOP ( 'NONE', ( #4142, #7415, #4992, #6957 ) ) ;
#4337 = DIRECTION ( 'NONE',  ( 6.982962677686266711E-15, 0.000000000000000000, -1.000000000000000000 ) ) ;
#4338 = VERTEX_POINT ( 'NONE', #5315 ) ;
#4339 = CARTESIAN_POINT ( 'NONE',  ( 2.244749429223580339, 12.84999999999999964, 12.40677750365377108 ) ) ;
#4340 = ORIENTED_EDGE ( 'NONE', *, *, #381, .T. ) ;
#4341 = ORIENTED_EDGE ( 'NONE', *, *, #7880, .T. ) ;
#4342 = DIRECTION ( 'NONE',  ( -1.000000000000000000, 0.000000000000000000, -7.434529182757747170E-15 ) ) ;
#4343 = LINE ( 'NONE', #163, #555 ) ;
#4344 = CARTESIAN_POINT ( 'NONE',  ( -6.350000000000113332, 4.279743878930841738, 16.37087843683371702 ) ) ;
#4345 = CARTESIAN_POINT ( 'NONE',  ( -5.780000000000075744, 0.6400000000000000133, 7.749999999999960032 ) ) ;
#4346 = CARTESIAN_POINT ( 'NONE',  ( -2.426874995234291177, 1.051005472321430156, 11.43828915235825150 ) ) ;
#4347 = ADVANCED_FACE ( 'NONE', ( #447 ), #3254, .T. ) ;
#4348 = DIRECTION ( 'NONE',  ( 0.000000000000000000, 1.000000000000000000, 0.000000000000000000 ) ) ;
#4349 = ORIENTED_EDGE ( 'NONE', *, *, #4080, .F. ) ;
#4351 = CARTESIAN_POINT ( 'NONE',  ( -2.244749429223745096, 12.85000000000000142, 10.80997937249133578 ) ) ;
#4350 = CIRCLE ( 'NONE', #7279, 0.1000000000000002554 ) ;
#4352 = CARTESIAN_POINT ( 'NONE',  ( 1.000051773442394820, 11.60466680960906949, 24.04954713255189347 ) ) ;
#4353 = CARTESIAN_POINT ( 'NONE',  ( 5.858994527678507147, 6.910000000000001030, 9.227128438072595529 ) ) ;
#4354 = CARTESIAN_POINT ( 'NONE',  ( 2.630256121069078912, 13.25999999999999979, 10.58784272254806780 ) ) ;
#4355 = PRODUCT_DEFINITION_SHAPE ( 'NONE', 'NONE',  #6433 ) ;
#4356 = EDGE_LOOP ( 'NONE', ( #3805, #8228 ) ) ;
#4357 = CARTESIAN_POINT ( 'NONE',  ( -6.580000000000022276, 0.8543593539448903762, 3.099999999999954348 ) ) ;
#4358 = AXIS2_PLACEMENT_3D ( 'NONE', #7833, #5689, #2986 ) ;
#4359 = CARTESIAN_POINT ( 'NONE',  ( 0.7499999999998109290, 6.910000000000000142, 27.08000000000000540 ) ) ;
#4360 = ORIENTED_EDGE ( 'NONE', *, *, #3147, .F. ) ;
#4361 = LINE ( 'NONE', #2263, #1591 ) ;
#4362 = CARTESIAN_POINT ( 'NONE',  ( -5.858994527678658137, 6.910000000000000142, 12.40212843807251097 ) ) ;
#4363 = CARTESIAN_POINT ( 'NONE',  ( 6.879422804227080120E-14, 6.910000000000000142, -9.851725008082825141 ) ) ;
#4364 = DIRECTION ( 'NONE',  ( 6.982962677686266711E-15, 0.000000000000000000, -1.000000000000000000 ) ) ;
#4365 = ADVANCED_FACE ( 'NONE', ( #1125 ), #4533, .F. ) ;
#4366 = CARTESIAN_POINT ( 'NONE',  ( 2.426874995234144183, 1.051005472321430156, 9.964182009501142190 ) ) ;
#4367 = EDGE_CURVE ( 'NONE', #2405, #5400, #3056, .T. ) ;
#4368 = CIRCLE ( 'NONE', #5113, 0.2000000000000000944 ) ;
#4369 = DIRECTION ( 'NONE',  ( 1.000000000000000000, 0.000000000000000000, 6.982962677686266711E-15 ) ) ;
#4370 = DIRECTION ( 'NONE',  ( 1.000000000000000000, 0.000000000000000000, 8.673617379884051249E-15 ) ) ;
#4371 = CARTESIAN_POINT ( 'NONE',  ( -8.552732017275059776E-14, 1.051005472321429268, 12.40212843807255183 ) ) ;
#4372 = ORIENTED_EDGE ( 'NONE', *, *, #1583, .T. ) ;
#4373 = EDGE_CURVE ( 'NONE', #4756, #5927, #97, .T. ) ;
#4374 = DIRECTION ( 'NONE',  ( 1.000000000000000000, 0.000000000000000000, 5.782411586589358033E-15 ) ) ;
#4375 = DIRECTION ( 'NONE',  ( 6.982962677686266711E-15, 0.000000000000000000, -1.000000000000000000 ) ) ;
#4376 = ORIENTED_EDGE ( 'NONE', *, *, #868, .F. ) ;
#4377 = EDGE_CURVE ( 'NONE', #5377, #3293, #2421, .T. ) ;
#4378 = CARTESIAN_POINT ( 'NONE',  ( -2.630256121069264097, 0.5600000000000016076, 15.57712843683374615 ) ) ;
#4379 = AXIS2_PLACEMENT_3D ( 'NONE', #2324, #4233, #2864 ) ;
#4380 = CARTESIAN_POINT ( 'NONE',  ( -4.490128060534665622, 11.40012806053457695, 12.68561058216845261 ) ) ;
#4381 = FACE_OUTER_BOUND ( 'NONE', #6879, .T. ) ;
#4382 = DIRECTION ( 'NONE',  ( 6.982962677686266711E-15, 0.000000000000000000, -1.000000000000000000 ) ) ;
#4383 = ORIENTED_EDGE ( 'NONE', *, *, #3048, .T. ) ;
#4384 = CARTESIAN_POINT ( 'NONE',  ( -3.579999999999976534, 0.2000000000000000944, -3.150000000000027001 ) ) ;
#4385 = CIRCLE ( 'NONE', #6145, 1.000000000000000888 ) ;
#4386 = FACE_OUTER_BOUND ( 'NONE', #1258, .T. ) ;
#4387 = ORIENTED_EDGE ( 'NONE', *, *, #6579, .T. ) ;
#4388 = VERTEX_POINT ( 'NONE', #3937 ) ;
#4389 = CARTESIAN_POINT ( 'NONE',  ( -6.350000000000076028, 6.910000000000000142, 10.98471772502558252 ) ) ;
#4390 = PLANE ( 'NONE',  #763 ) ;
#4391 = CARTESIAN_POINT ( 'NONE',  ( -5.858994527678626163, 6.910000000000000142, 7.866414152358225387 ) ) ;
#4392 = CARTESIAN_POINT ( 'NONE',  ( 6.579999999999956550, 0.8543593539449101382, 6.300000000000046008 ) ) ;
#4393 = CARTESIAN_POINT ( 'NONE',  ( -5.858994527678689224, 9.336874995234211383, 16.88114629521536614 ) ) ;
#4394 = CARTESIAN_POINT ( 'NONE',  ( -3.380000000000041194, 0.6400000000000000133, 6.099999999999976552 ) ) ;
#4395 = VECTOR ( 'NONE', #3842, 1000.000000000000000 ) ;
#4396 = ORIENTED_EDGE ( 'NONE', *, *, #3611, .T. ) ;
#4397 = DIRECTION ( 'NONE',  ( -6.982962677686266711E-15, -0.000000000000000000, 1.000000000000000000 ) ) ;
#4398 = CARTESIAN_POINT ( 'NONE',  ( 0.2625640287059056721, 11.70435106285454196, 25.15377366453467900 ) ) ;
#4399 = CARTESIAN_POINT ( 'NONE',  ( 5.858994527678516029, 4.483125004765792454, 8.263289152358309408 ) ) ;
#4400 = CARTESIAN_POINT ( 'NONE',  ( -2.630256121069228570, 13.25999999999999979, 10.70123557969088601 ) ) ;
#4401 = VERTEX_POINT ( 'NONE', #5232 ) ;
#4402 = VERTEX_POINT ( 'NONE', #8582 ) ;
#4403 = DIRECTION ( 'NONE',  ( 6.982962677686266711E-15, -0.000000000000000000, -1.000000000000000000 ) ) ;
#4404 = AXIS2_PLACEMENT_3D ( 'NONE', #6117, #8878, #3167 ) ;
#4405 = DIRECTION ( 'NONE',  ( 6.982962677686266711E-15, 0.000000000000000000, -1.000000000000000000 ) ) ;
#4406 = ORIENTED_EDGE ( 'NONE', *, *, #7274, .F. ) ;
#4407 = CARTESIAN_POINT ( 'NONE',  ( 0.7430714330482203200, 12.85000000000000497, 14.01866763394385451 ) ) ;
#4408 = CARTESIAN_POINT ( 'NONE',  ( -5.858994527678651920, 4.483125004765786237, 11.55168200950108215 ) ) ;
#4409 = CARTESIAN_POINT ( 'NONE',  ( 3.580000000000020943, 0.6399999999999999023, -3.149999999999976374 ) ) ;
#4410 = CIRCLE ( 'NONE', #5300, 0.2000000000000000944 ) ;
#4411 = CARTESIAN_POINT ( 'NONE',  ( -6.580000000000014282, 0.8543593539448914864, 1.999999999999954037 ) ) ;
#4412 = LINE ( 'NONE', #8508, #2800 ) ;
#4413 = CARTESIAN_POINT ( 'NONE',  ( -5.858994527678632380, 9.336874995234211383, 8.716860580929653324 ) ) ;
#4414 = AXIS2_PLACEMENT_3D ( 'NONE', #7053, #141, #8414 ) ;
#4415 = DIRECTION ( 'NONE',  ( -1.000000000000000000, 0.000000000000000000, -6.982962677686266711E-15 ) ) ;
#4416 = CARTESIAN_POINT ( 'NONE',  ( 4.490128060534492427, 2.419871939465424227, 12.23203915359708738 ) ) ;
#4417 = CARTESIAN_POINT ( 'NONE',  ( 4.142934761456304571, 2.767065238543610306, 12.51552129521543932 ) ) ;
#4418 = VERTEX_POINT ( 'NONE', #7952 ) ;
#4419 = AXIS2_PLACEMENT_3D ( 'NONE', #5356, #3844, #8716 ) ;
#4420 = CARTESIAN_POINT ( 'NONE',  ( -6.779999999999962057, 2.000000000000000000, -5.450000000000050804 ) ) ;
#4421 = ORIENTED_EDGE ( 'NONE', *, *, #8001, .T. ) ;
#4422 = CARTESIAN_POINT ( 'NONE',  ( 6.349999999999888622, 6.910000000000001030, 15.86061057969095245 ) ) ;
#4423 = ADVANCED_FACE ( 'NONE', ( #1080 ), #8518, .F. ) ;
#4424 = CARTESIAN_POINT ( 'NONE',  ( 6.349999999999909051, 4.279743878930847956, 13.19587843931138593 ) ) ;
#4425 = CARTESIAN_POINT ( 'NONE',  ( 6.779999999999976268, 0.9910004003203211065, 1.800000000000047562 ) ) ;
#4426 = CARTESIAN_POINT ( 'NONE',  ( -5.151976622123498828, 4.093281401590036062, 7.749999999999966249 ) ) ;
#4427 = EDGE_LOOP ( 'NONE', ( #5087, #956, #7233, #1074 ) ) ;
#4428 = DIRECTION ( 'NONE',  ( 0.000000000000000000, -1.000000000000000000, -0.000000000000000000 ) ) ;
#4429 = DIRECTION ( 'NONE',  ( -1.000000000000000000, 0.000000000000000000, -6.982962677686266711E-15 ) ) ;
#4430 = ORIENTED_EDGE ( 'NONE', *, *, #1877, .F. ) ;
#4431 = ORIENTED_EDGE ( 'NONE', *, *, #6617, .T. ) ;
#4432 = CARTESIAN_POINT ( 'NONE',  ( 3.547345040264623994E-14, 6.410000000000000142, -5.080000000000000959 ) ) ;
#4433 = FACE_BOUND ( 'NONE', #4268, .T. ) ;
#4434 = CARTESIAN_POINT ( 'NONE',  ( 2.630256121069041608, 0.5600000000000022737, 16.59766415111949911 ) ) ;
#4435 = DIRECTION ( 'NONE',  ( -1.000000000000000000, 0.000000000000000000, -8.673617379884032317E-15 ) ) ;
#4436 = ADVANCED_FACE ( 'NONE', ( #7405 ), #5910, .T. ) ;
#4437 = CARTESIAN_POINT ( 'NONE',  ( -5.212236402048886977E-14, 12.76899452767857213, 7.412842723786838839 ) ) ;
#4438 = FACE_OUTER_BOUND ( 'NONE', #6951, .T. ) ;
#4439 = VERTEX_POINT ( 'NONE', #7221 ) ;
#4440 = LINE ( 'NONE', #7911, #637 ) ;
#4441 = DIRECTION ( 'NONE',  ( -1.000000000000000000, 0.000000000000000000, -7.102804783527084762E-15 ) ) ;
#4442 = CARTESIAN_POINT ( 'NONE',  ( -5.370600019917843585E-14, 12.76899452767857213, 7.639628438072552541 ) ) ;
#4443 = CARTESIAN_POINT ( 'NONE',  ( -6.366212646511232589E-14, 0.5600000000000006084, 9.283824865405193805 ) ) ;
#4444 = ORIENTED_EDGE ( 'NONE', *, *, #1589, .T. ) ;
#4445 = CYLINDRICAL_SURFACE ( 'NONE', #286, 0.2000000000000000944 ) ;
#4446 = CARTESIAN_POINT ( 'NONE',  ( 6.349999999999919709, 6.910000000000001030, 11.43828915359710052 ) ) ;
#4447 = ORIENTED_EDGE ( 'NONE', *, *, #7336, .F. ) ;
#4448 = DIRECTION ( 'NONE',  ( 6.982962677686266711E-15, 0.000000000000000000, -1.000000000000000000 ) ) ;
#4449 = EDGE_CURVE ( 'NONE', #7257, #7301, #1694, .T. ) ;
#4450 = SURFACE_STYLE_FILL_AREA ( #1821 ) ;
#4451 = VECTOR ( 'NONE', #5458, 1000.000000000000000 ) ;
#4452 = VECTOR ( 'NONE', #8418, 1000.000000000000000 ) ;
#4453 = EDGE_LOOP ( 'NONE', ( #4722, #6960, #5453, #5778 ) ) ;
#4454 = DIRECTION ( 'NONE',  ( -5.531282780297823222E-31, -1.000000000000000000, 7.921111762451173970E-17 ) ) ;
#4455 = CIRCLE ( 'NONE', #3424, 0.1999999999999996503 ) ;
#4456 = CARTESIAN_POINT ( 'NONE',  ( -6.004054491393670020E-14, 12.76899452767857213, 8.546771295215410902 ) ) ;
#4457 = EDGE_LOOP ( 'NONE', ( #8128, #151, #409, #8524 ) ) ;
#4458 = PRESENTATION_LAYER_ASSIGNMENT (  '', '', ( #8376 ) ) ;
#4459 = CARTESIAN_POINT ( 'NONE',  ( 2.244749429223579451, 12.84999999999999964, 12.52017036327420563 ) ) ;
#4460 = AXIS2_PLACEMENT_3D ( 'NONE', #6816, #4075, #552 ) ;
#4461 = CARTESIAN_POINT ( 'NONE',  ( -6.350000000000078693, 9.540256121069164763, 12.74230701073986793 ) ) ;
#4462 = CYLINDRICAL_SURFACE ( 'NONE', #4124, 1.000000000000000888 ) ;
#4463 = CARTESIAN_POINT ( 'NONE',  ( 2.426874995234157062, 1.051005472321430156, 8.149896295215427244 ) ) ;
#4464 = PRESENTATION_STYLE_ASSIGNMENT (( #7932 ) ) ;
#4465 = VECTOR ( 'NONE', #5093, 1000.000000000000000 ) ;
#4466 = ADVANCED_FACE ( 'NONE', ( #1763 ), #490, .T. ) ;
#4467 = VECTOR ( 'NONE', #4683, 1000.000000000000000 ) ;
#4468 = CARTESIAN_POINT ( 'NONE',  ( 5.458736258601134317, 9.038383267741076921, 7.239653328772026164 ) ) ;
#4469 = CLOSED_SHELL ( 'NONE', ( #8200, #3871, #2867, #7497, #38, #8280, #8921, #8802 ) ) ;
#4470 = ORIENTED_EDGE ( 'NONE', *, *, #4606, .F. ) ;
#4471 = CARTESIAN_POINT ( 'NONE',  ( -6.269583355363220534, 6.910000000012253452, 16.26775343683358699 ) ) ;
#4472 = CARTESIAN_POINT ( 'NONE',  ( -0.2640041763051652057, 11.70425262429511903, 25.15327825501405457 ) ) ;
#4473 = ORIENTED_EDGE ( 'NONE', *, *, #1260, .T. ) ;
#4474 = EDGE_CURVE ( 'NONE', #7183, #8623, #1805, .T. ) ;
#4475 = EDGE_CURVE ( 'NONE', #1116, #6298, #3210, .T. ) ;
#4476 = CARTESIAN_POINT ( 'NONE',  ( -3.523501616404768111, 12.36675450466444914, 9.027572465067596141 ) ) ;
#4477 = CARTESIAN_POINT ( 'NONE',  ( -8.818015250832898637E-14, 13.26000000000000156, 12.57221772502562729 ) ) ;
#4478 = CARTESIAN_POINT ( 'NONE',  ( -9.819640960226711383E-14, 1.051005472321429268, 14.21641415235826678 ) ) ;
#4479 = CARTESIAN_POINT ( 'NONE',  ( -5.836946683934236546, 6.273878038631377940, 7.749999999999959144 ) ) ;
#4480 = ORIENTED_EDGE ( 'NONE', *, *, #6824, .F. ) ;
#4481 = ORIENTED_EDGE ( 'NONE', *, *, #1260, .F. ) ;
#4482 = CARTESIAN_POINT ( 'NONE',  ( 5.880000000000023874, 1.740000000000000213, -3.349999999999960121 ) ) ;
#4483 = VECTOR ( 'NONE', #3588, 1000.000000000000000 ) ;
#4484 = CARTESIAN_POINT ( 'NONE',  ( 3.379999999999984794, 2.000000000000000000, 2.000000000000023537 ) ) ;
#4485 = ORIENTED_EDGE ( 'NONE', *, *, #8840, .F. ) ;
#4486 = ORIENTED_EDGE ( 'NONE', *, *, #1836, .F. ) ;
#4487 = DIRECTION ( 'NONE',  ( 1.000000000000000000, -0.000000000000000000, 6.982962677686266711E-15 ) ) ;
#4488 = CARTESIAN_POINT ( 'NONE',  ( -9.372287911644162153E-14, 13.26000000000000156, 13.36596772254804932 ) ) ;
#4489 = DIRECTION ( 'NONE',  ( 6.982962677686266711E-15, 0.000000000000000000, -1.000000000000000000 ) ) ;
#4490 = EDGE_CURVE ( 'NONE', #130, #2757, #2523, .T. ) ;
#4491 = ADVANCED_FACE ( 'NONE', ( #1662 ), #3754, .T. ) ;
#4492 = CARTESIAN_POINT ( 'NONE',  ( 5.858994527678458297, 4.483125004765792454, 16.42757486664402222 ) ) ;
#4493 = EDGE_CURVE ( 'NONE', #343, #3113, #5527, .T. ) ;
#4494 = LINE ( 'NONE', #3803, #1140 ) ;
#4495 = VERTEX_POINT ( 'NONE', #6758 ) ;
#4496 = DIRECTION ( 'NONE',  ( 1.000000000000000000, 0.000000000000000000, 6.505213034913027393E-15 ) ) ;
#4497 = CARTESIAN_POINT ( 'NONE',  ( -6.279999999999955840, 11.34999999999999964, -6.350000000000044054 ) ) ;
#4498 = CARTESIAN_POINT ( 'NONE',  ( -6.350000000000094680, 6.910000000000000142, 13.59275343683371773 ) ) ;
#4499 = CARTESIAN_POINT ( 'NONE',  ( -5.780000000000063309, 2.240000000000000657, 6.299999999999959854 ) ) ;
#4500 = ORIENTED_EDGE ( 'NONE', *, *, #2311, .F. ) ;
#4501 = CARTESIAN_POINT ( 'NONE',  ( -6.780000000000024230, 0.9910004003203091161, 3.299999999999953193 ) ) ;
#4502 = COLOUR_RGB ( '',0.8509803921568627194, 0.8509803921568627194, 0.8509803921568627194 ) ;
#4503 = DIRECTION ( 'NONE',  ( -8.520838099651520869E-15, 0.000000000000000000, 1.000000000000000000 ) ) ;
#4504 = VERTEX_POINT ( 'NONE', #4754 ) ;
#4505 = DIRECTION ( 'NONE',  ( -6.505213034913030548E-15, 0.000000000000000000, 1.000000000000000000 ) ) ;
#4506 = DIRECTION ( 'NONE',  ( -1.000000000000000000, 0.000000000000000000, -7.228014483236698330E-15 ) ) ;
#4507 = EDGE_CURVE ( 'NONE', #6298, #3465, #4671, .T. ) ;
#4508 = VERTEX_POINT ( 'NONE', #2647 ) ;
#4509 = CARTESIAN_POINT ( 'NONE',  ( 2.244749429223627413, 12.84999999999999076, 8.891598934702775736 ) ) ;
#4510 = CARTESIAN_POINT ( 'NONE',  ( -5.858994527678637709, 4.483125004765786237, 9.737396295215368980 ) ) ;
#4511 = STYLED_ITEM ( 'NONE', ( #6272 ), #6101 ) ;
#4512 = CARTESIAN_POINT ( 'NONE',  ( -6.780000000000024230, 0.2000000000000000944, 3.299999999999953193 ) ) ;
#4513 = DIRECTION ( 'NONE',  ( 8.673617379884030739E-15, 0.000000000000000000, -1.000000000000000000 ) ) ;
#4514 = DIRECTION ( 'NONE',  ( 6.982962677686266711E-15, 0.000000000000000000, -1.000000000000000000 ) ) ;
#4515 = CARTESIAN_POINT ( 'NONE',  ( -1.688480375464539215E-13, 6.909999999999999254, 24.17999999999999972 ) ) ;
#4516 = FACE_OUTER_BOUND ( 'NONE', #5783, .T. ) ;
#4517 = CARTESIAN_POINT ( 'NONE',  ( 4.142934761456319670, 11.05293476145639175, 10.02087843807258238 ) ) ;
#4518 = ORIENTED_EDGE ( 'NONE', *, *, #8115, .T. ) ;
#4519 = CARTESIAN_POINT ( 'NONE',  ( -0.7595038909412255013, 12.85000000000000675, 8.611654489668236323 ) ) ;
#4520 = ORIENTED_EDGE ( 'NONE', *, *, #1734, .F. ) ;
#4521 = DIRECTION ( 'NONE',  ( 6.982962677686266711E-15, 0.000000000000000000, -1.000000000000000000 ) ) ;
#4522 = CARTESIAN_POINT ( 'NONE',  ( 4.490128060534501309, 11.40012806053457695, 10.64453915359708702 ) ) ;
#4523 = CARTESIAN_POINT ( 'NONE',  ( 5.858994527678457409, 6.910000000000001030, 16.25748558092973539 ) ) ;
#4524 = EDGE_LOOP ( 'NONE', ( #2641, #734, #8174, #5871 ) ) ;
#4525 = CARTESIAN_POINT ( 'NONE',  ( 3.999999999999857003, 6.910000000000001030, 20.51000000000002643 ) ) ;
#4526 = ORIENTED_EDGE ( 'NONE', *, *, #2407, .T. ) ;
#4527 = LINE ( 'NONE', #7310, #518 ) ;
#4528 = CARTESIAN_POINT ( 'NONE',  ( 2.244749429223609205, 12.84999999999999076, 11.49963464651091094 ) ) ;
#4529 = ORIENTED_EDGE ( 'NONE', *, *, #6173, .T. ) ;
#4530 = VERTEX_POINT ( 'NONE', #1208 ) ;
#4531 = CARTESIAN_POINT ( 'NONE',  ( -1.995730733282734950E-13, 2.110000000000000764, 28.58000000000000185 ) ) ;
#4532 = CARTESIAN_POINT ( 'NONE',  ( -1.080039394684201258E-13, 0.5600000000000006084, 15.63382486540519345 ) ) ;
#4533 = PLANE ( 'NONE',  #5624 ) ;
#4534 = MANIFOLD_SOLID_BREP ( 'Body-Move/Copy1[5]', #3304 ) ;
#4535 = CARTESIAN_POINT ( 'NONE',  ( -2.426874995234262755, 12.76899452767857390, 7.469539152358249723 ) ) ;
#4536 = ORIENTED_EDGE ( 'NONE', *, *, #1807, .T. ) ;
#4537 = CARTESIAN_POINT ( 'NONE',  ( 2.244749429223627413, 12.84999999999999076, 8.891598934702775736 ) ) ;
#4538 = VERTEX_POINT ( 'NONE', #1247 ) ;
#4539 = ORIENTED_EDGE ( 'NONE', *, *, #8756, .F. ) ;
#4540 = CARTESIAN_POINT ( 'NONE',  ( -1.132729061177486607E-13, 6.910000000000000142, 16.22132486540519025 ) ) ;
#4541 = DIRECTION ( 'NONE',  ( 1.000000000000000000, 0.000000000000000000, 8.520838099651520869E-15 ) ) ;
#4542 = CARTESIAN_POINT ( 'NONE',  ( -4.490128060534670951, 11.40012806053457695, 13.47936057969087464 ) ) ;
#4543 = VECTOR ( 'NONE', #242, 1000.000000000000000 ) ;
#4544 = CARTESIAN_POINT ( 'NONE',  ( 0.2626132273600680356, 2.115667800033218970, 23.20633678588753313 ) ) ;
#4545 = EDGE_LOOP ( 'NONE', ( #8387, #4518, #3610, #5992 ) ) ;
#4546 = ADVANCED_FACE ( 'NONE', ( #3377 ), #4826, .T. ) ;
#4547 = CARTESIAN_POINT ( 'NONE',  ( -4.142934761456490200, 11.05293476145639175, 14.10302129521538106 ) ) ;
#4548 = ORIENTED_EDGE ( 'NONE', *, *, #1063, .T. ) ;
#4549 = EDGE_CURVE ( 'NONE', #2323, #8253, #5425, .T. ) ;
#4550 = CARTESIAN_POINT ( 'NONE',  ( -4.124999999999974243, 2.140000000000000568, -3.550000000000030020 ) ) ;
#4551 = VECTOR ( 'NONE', #7626, 1000.000000000000000 ) ;
#4552 = CARTESIAN_POINT ( 'NONE',  ( -2.426874995234326260, 12.76899452767857390, 16.54096772378682090 ) ) ;
#4553 = ADVANCED_FACE ( 'NONE', ( #3421 ), #6206, .T. ) ;
#4554 = ORIENTED_EDGE ( 'NONE', *, *, #5164, .F. ) ;
#4555 = CARTESIAN_POINT ( 'NONE',  ( -6.580000000000014282, 0.8543593539448914864, 1.999999999999954037 ) ) ;
#4556 = CARTESIAN_POINT ( 'NONE',  ( -4.142934761456444903, 11.05293476145639175, 7.753021295215381414 ) ) ;
#4557 = ADVANCED_FACE ( 'NONE', ( #8969 ), #2728, .T. ) ;
#4558 = AXIS2_PLACEMENT_3D ( 'NONE', #773, #1456, #640 ) ;
#4559 =( BOUNDED_CURVE ( )  B_SPLINE_CURVE ( 2, ( #1342, #588, #3438, #26, #2659 ),
 .UNSPECIFIED., .F., .F. ) 
 B_SPLINE_CURVE_WITH_KNOTS ( ( 3, 2, 3 ),
 ( 0.7272727272727272929, 0.7386363636363636465, 0.7447664647951527384 ),
 .UNSPECIFIED. ) 
 CURVE ( )  GEOMETRIC_REPRESENTATION_ITEM ( )  RATIONAL_B_SPLINE_CURVE ( ( 1.000000000000000000, 0.9238795325112867385, 1.000000000000000000, 0.9589368973955085806, 0.9621766860142485500 ) ) 
 REPRESENTATION_ITEM ( '' )  );
#4560 = LINE ( 'NONE', #6651, #5840 ) ;
#4561 = DIRECTION ( 'NONE',  ( 0.000000000000000000, 1.000000000000000000, 0.000000000000000000 ) ) ;
#4562 = DIRECTION ( 'NONE',  ( -8.520838099651520869E-15, 0.000000000000000000, 1.000000000000000000 ) ) ;
#4563 = CARTESIAN_POINT ( 'NONE',  ( -2.426874995234272525, 1.051005472321430156, 8.716860580929679969 ) ) ;
#4564 = ADVANCED_FACE ( 'NONE', ( #6978 ), #2103, .F. ) ;
#4565 = CARTESIAN_POINT ( 'NONE',  ( 3.925000000000042011, 0.8400000000000000799, -6.149999999999974598 ) ) ;
#4566 = CARTESIAN_POINT ( 'NONE',  ( -6.579999999999961879, 0.8543593539448983698, -5.650000000000049205 ) ) ;
#4567 = MANIFOLD_SOLID_BREP ( 'Body-Move/Copy1[4]', #557 ) ;
#4568 = VECTOR ( 'NONE', #1087, 1000.000000000000000 ) ;
#4569 = ADVANCED_FACE ( 'NONE', ( #18 ), #6856, .F. ) ;
#4570 = CARTESIAN_POINT ( 'NONE',  ( 6.349999999999933031, 6.910000000000001030, 9.624003439311387353 ) ) ;
#4571 = AXIS2_PLACEMENT_3D ( 'NONE', #1237, #6153, #6789 ) ;
#4572 = CARTESIAN_POINT ( 'NONE',  ( -7.712303400127445852E-14, 0.5600000000000006084, 11.21150343931134152 ) ) ;
#4573 = CARTESIAN_POINT ( 'NONE',  ( -5.858994527678675013, 6.910000000000000142, 14.89677129521536791 ) ) ;
#4574 = ORIENTED_EDGE ( 'NONE', *, *, #1529, .F. ) ;
#4575 = ORIENTED_EDGE ( 'NONE', *, *, #5529, .T. ) ;
#4576 = VECTOR ( 'NONE', #3191, 1000.000000000000000 ) ;
#4577 = ORIENTED_EDGE ( 'NONE', *, *, #4258, .F. ) ;
#4578 = LINE ( 'NONE', #441, #5165 ) ;
#4579 = CARTESIAN_POINT ( 'NONE',  ( -1.758310002241401882E-13, 6.909999999999999254, 25.17999999999999972 ) ) ;
#4580 = EDGE_LOOP ( 'NONE', ( #82, #2473, #4837, #6294 ) ) ;
#4581 = EDGE_LOOP ( 'NONE', ( #7984, #1798, #8438, #8886, #2622 ) ) ;
#4582 = CARTESIAN_POINT ( 'NONE',  ( 4.490128060534480881, 2.419871939465424227, 13.93293200826236600 ) ) ;
#4583 = DIRECTION ( 'NONE',  ( 8.673617379884030739E-15, 0.000000000000000000, -1.000000000000000000 ) ) ;
#4584 = CARTESIAN_POINT ( 'NONE',  ( -5.858994527678623498, 9.336874995234211383, 7.582932009501083037 ) ) ;
#4585 = ORIENTED_EDGE ( 'NONE', *, *, #2670, .T. ) ;
#4586 = CARTESIAN_POINT ( 'NONE',  ( -0.7430714330483872976, 12.85000000000000142, 9.198089242201254123 ) ) ;
#4587 = ORIENTED_EDGE ( 'NONE', *, *, #8421, .F. ) ;
#4588 = VERTEX_POINT ( 'NONE', #7675 ) ;
#4589 = FACE_OUTER_BOUND ( 'NONE', #8966, .T. ) ;
#4590 = DIRECTION ( 'NONE',  ( 1.000000000000000000, 0.000000000000000000, 6.982962677686266711E-15 ) ) ;
#4591 = CIRCLE ( 'NONE', #2673, 1.599999999999999867 ) ;
#4592 = CIRCLE ( 'NONE', #1830, 0.9999999999999997780 ) ;
#4593 = CARTESIAN_POINT ( 'NONE',  ( 4.490128060534483545, 11.40012806053457695, 13.25257486540522223 ) ) ;
#4594 = CARTESIAN_POINT ( 'NONE',  ( 0.5033959320146377259, 2.134941938944214801, 23.30617032704805069 ) ) ;
#4595 = ORIENTED_EDGE ( 'NONE', *, *, #2815, .F. ) ;
#4596 = CARTESIAN_POINT ( 'NONE',  ( -1.152887138086002546E-13, 6.910000000000000142, 16.51000000000000156 ) ) ;
#4597 = CARTESIAN_POINT ( 'NONE',  ( 5.858994527678475173, 9.336874995234211383, 13.81953915235830976 ) ) ;
#4598 = EDGE_CURVE ( 'NONE', #7758, #3151, #4385, .T. ) ;
#4599 = DIRECTION ( 'NONE',  ( -1.000000000000000000, 0.000000000000000000, -7.102804783527084762E-15 ) ) ;
#4600 = CARTESIAN_POINT ( 'NONE',  ( -4.490128060534670951, 2.419871939465422450, 13.81953915359702378 ) ) ;
#4601 = LINE ( 'NONE', #3955, #2422 ) ;
#4602 = CARTESIAN_POINT ( 'NONE',  ( -6.177277749240713803E-14, 1.051005472321429268, 9.000342723786840082 ) ) ;
#4603 = CARTESIAN_POINT ( 'NONE',  ( -3.924999999999956302, -3.281253729992883894, -6.150000000000028777 ) ) ;
#4604 = AXIS2_PLACEMENT_3D ( 'NONE', #4311, #7831, #2214 ) ;
#4605 = CARTESIAN_POINT ( 'NONE',  ( -2.356667673341746649, 12.37984311022073669, 7.749999999999987566 ) ) ;
#4606 = EDGE_CURVE ( 'NONE', #572, #6876, #3557, .T. ) ;
#4608 = DIRECTION ( 'NONE',  ( 0.000000000000000000, -1.000000000000000000, 0.000000000000000000 ) ) ;
#4607 = AXIS2_PLACEMENT_3D ( 'NONE', #8812, #2569, #1722 ) ;
#4609 = CARTESIAN_POINT ( 'NONE',  ( -5.858994527678630604, 6.910000000000000142, 8.546771295215370046 ) ) ;
#4610 = AXIS2_PLACEMENT_3D ( 'NONE', #1715, #310, #1851 ) ;
#4611 = VECTOR ( 'NONE', #3469, 1000.000000000000000 ) ;
#4612 =( BOUNDED_CURVE ( )  B_SPLINE_CURVE ( 2, ( #4168, #2885, #4814, #4074, #4256 ),
 .UNSPECIFIED., .F., .T. ) 
 B_SPLINE_CURVE_WITH_KNOTS ( ( 3, 2, 3 ),
 ( 0.3636363636363637020, 0.3750000000000000000, 0.3811301011587891474 ),
 .UNSPECIFIED. ) 
 CURVE ( )  GEOMETRIC_REPRESENTATION_ITEM ( )  RATIONAL_B_SPLINE_CURVE ( ( 0.9999999999999996669, 0.9238795325112870716, 1.000000000000000000, 0.9589368973955083586, 0.9621766860142484390 ) ) 
 REPRESENTATION_ITEM ( '' )  );
#4613 = CARTESIAN_POINT ( 'NONE',  ( -4.000000000000142997, 6.910000000000000142, 20.50999999999997314 ) ) ;
#4614 = STYLED_ITEM ( 'NONE', ( #4464 ), #230 ) ;
#4615 = DIRECTION ( 'NONE',  ( 1.000000000000000000, 0.000000000000000000, 6.747905296117595505E-15 ) ) ;
#4616 = AXIS2_PLACEMENT_3D ( 'NONE', #6859, #2075, #4732 ) ;
#4617 = CARTESIAN_POINT ( 'NONE',  ( 2.244749429223567461, 12.84999999999999964, 14.22106321793948602 ) ) ;
#4618 = AXIS2_PLACEMENT_3D ( 'NONE', #794, #3562, #1608 ) ;
#4619 = CARTESIAN_POINT ( 'NONE',  ( -6.350000000000063594, 6.910000000000000142, 9.170432010739867579 ) ) ;
#4620 = EDGE_CURVE ( 'NONE', #4835, #5308, #6336, .T. ) ;
#4621 = ORIENTED_EDGE ( 'NONE', *, *, #990, .T. ) ;
#4622 = CARTESIAN_POINT ( 'NONE',  ( -1.432205645193453466E-13, 6.910000000000000142, 20.51000000000000156 ) ) ;
#4623 = AXIS2_PLACEMENT_3D ( 'NONE', #1346, #4119, #666 ) ;
#4624 = EDGE_CURVE ( 'NONE', #1720, #5902, #5448, .T. ) ;
#4625 = DIRECTION ( 'NONE',  ( 1.000000000000000000, 0.000000000000000000, 6.982962677686266711E-15 ) ) ;
#4626 = ORIENTED_EDGE ( 'NONE', *, *, #4956, .T. ) ;
#4627 = EDGE_LOOP ( 'NONE', ( #5083, #4021, #4575, #7074 ) ) ;
#4628 = CARTESIAN_POINT ( 'NONE',  ( 4.490128060534486210, 2.419871939465424227, 13.02578915111950941 ) ) ;
#4629 = CARTESIAN_POINT ( 'NONE',  ( -6.780000000000022453, 2.000000000000000000, 3.099999999999953015 ) ) ;
#4630 = CARTESIAN_POINT ( 'NONE',  ( -5.858994527678664355, 4.483125004765785349, 13.36596772378679887 ) ) ;
#4631 = CYLINDRICAL_SURFACE ( 'NONE', #422, 0.1999999999999998723 ) ;
#4632 = ORIENTED_EDGE ( 'NONE', *, *, #317, .F. ) ;
#4633 = CARTESIAN_POINT ( 'NONE',  ( -6.350000000000098233, 4.279743878930850620, 12.85569986788272701 ) ) ;
#4634 = CARTESIAN_POINT ( 'NONE',  ( 6.349999999999939249, 6.910000000000001030, 8.716860582168530769 ) ) ;
#4635 = CIRCLE ( 'NONE', #7392, 0.9999999999999997780 ) ;
#4636 = CARTESIAN_POINT ( 'NONE',  ( 4.490128060534486210, 2.419871939465424227, 13.02578915111950941 ) ) ;
#4637 = CARTESIAN_POINT ( 'NONE',  ( 0.8729004660898205259, 2.189757510051626888, 23.67470686098245025 ) ) ;
#4638 = ORIENTED_EDGE ( 'NONE', *, *, #8263, .T. ) ;
#4639 = CARTESIAN_POINT ( 'NONE',  ( 6.349999999999934808, 4.279743878930885259, 15.01016415359709733 ) ) ;
#4640 = CARTESIAN_POINT ( 'NONE',  ( 5.858994527678470732, 4.483125004765792454, 14.61328915235830728 ) ) ;
#4641 = CARTESIAN_POINT ( 'NONE',  ( 2.244749429223739767, 12.84999999999999964, -9.851725008082809154 ) ) ;
#4642 = EDGE_CURVE ( 'NONE', #6082, #4294, #1627, .T. ) ;
#4643 = CARTESIAN_POINT ( 'NONE',  ( 5.858994527678470732, 9.336874995234211383, 14.49989629521545176 ) ) ;
#4644 = VERTEX_POINT ( 'NONE', #64 ) ;
#4645 = DIRECTION ( 'NONE',  ( 1.000000000000000000, 0.000000000000000000, 6.938893903907228378E-15 ) ) ;
#4646 = LINE ( 'NONE', #3734, #7383 ) ;
#4647 = ADVANCED_FACE ( 'NONE', ( #4798 ), #7404, .T. ) ;
#4648 = CARTESIAN_POINT ( 'NONE',  ( -5.858994527678638597, 6.910000000000000142, 9.680699866643939444 ) ) ;
#4649 =( GEOMETRIC_REPRESENTATION_CONTEXT ( 3 ) GLOBAL_UNCERTAINTY_ASSIGNED_CONTEXT ( ( #3196 ) ) GLOBAL_UNIT_ASSIGNED_CONTEXT ( ( #5906, #1033, #7417 ) ) REPRESENTATION_CONTEXT ( 'NONE', 'WORKASPACE' ) );
#4650 = TOROIDAL_SURFACE ( 'NONE', #5382, 0.5000000000000003331, 0.2000000000000000111 ) ;
#4651 = DIRECTION ( 'NONE',  ( -1.000000000000000000, 0.000000000000000000, -7.434529182757747170E-15 ) ) ;
#4652 = CARTESIAN_POINT ( 'NONE',  ( -3.134882809603451559, 11.92858754316185532, 7.749999999999979572 ) ) ;
#4653 = DIRECTION ( 'NONE',  ( 6.982962677686266711E-15, 0.000000000000000000, -1.000000000000000000 ) ) ;
#4654 = CARTESIAN_POINT ( 'NONE',  ( -5.858994527678623498, 9.336874995234211383, 7.582932009501083037 ) ) ;
#4655 = VECTOR ( 'NONE', #2794, 1000.000000000000000 ) ;
#4656 = UNCERTAINTY_MEASURE_WITH_UNIT (LENGTH_MEASURE( 1.000000000000000082E-05 ), #132, 'distance_accuracy_value', 'NONE');
#4657 = EDGE_CURVE ( 'NONE', #5957, #7741, #1017, .T. ) ;
#4658 = DIRECTION ( 'NONE',  ( 6.982962677686266711E-15, 0.000000000000000000, -1.000000000000000000 ) ) ;
#4659 = ADVANCED_FACE ( 'NONE', ( #3095 ), #5887, .T. ) ;
#4660 = AXIS2_PLACEMENT_3D ( 'NONE', #4515, #7295, #3827 ) ;
#4661 = CARTESIAN_POINT ( 'NONE',  ( 5.858994527678495601, 6.910000000000001030, 10.81462843807259588 ) ) ;
#4662 = CARTESIAN_POINT ( 'NONE',  ( 3.579999999999986304, 2.000000000000000000, 1.800000000000024913 ) ) ;
#4663 = EDGE_CURVE ( 'NONE', #2405, #2035, #2720, .T. ) ;
#4664 = CARTESIAN_POINT ( 'NONE',  ( -5.811939985699970335E-14, 0.5600000000000006084, 8.490074867882771770 ) ) ;
#4665 = VERTEX_POINT ( 'NONE', #6913 ) ;
#4666 = CARTESIAN_POINT ( 'NONE',  ( -5.079999999999993854, 0.000000000000000000, -1.000000000000036415 ) ) ;
#4667 = LINE ( 'NONE', #8761, #8927 ) ;
#4668 = ORIENTED_EDGE ( 'NONE', *, *, #6883, .T. ) ;
#4669 = VERTEX_POINT ( 'NONE', #6112 ) ;
#4670 = CARTESIAN_POINT ( 'NONE',  ( -6.350000000000107114, 6.910000000000000142, 15.40703915111943267 ) ) ;
#4671 = LINE ( 'NONE', #4102, #971 ) ;
#4672 = ADVANCED_FACE ( 'NONE', ( #8159 ), #3453, .T. ) ;
#4673 = CARTESIAN_POINT ( 'NONE',  ( -2.426874995234293397, 1.051005472321430156, 11.66507486664396609 ) ) ;
#4674 = DIRECTION ( 'NONE',  ( -8.673617379884030739E-15, 0.000000000000000000, 1.000000000000000000 ) ) ;
#4675 = EDGE_LOOP ( 'NONE', ( #7902, #3419, #5163, #5054 ) ) ;
#4676 = AXIS2_PLACEMENT_3D ( 'NONE', #2175, #5741, #1682 ) ;
#4677 = DIRECTION ( 'NONE',  ( -6.982962677686266711E-15, 0.000000000000000000, 1.000000000000000000 ) ) ;
#4678 = DIRECTION ( 'NONE',  ( -1.727380818872964658E-16, 1.000000000000000000, -1.206223578834105269E-30 ) ) ;
#4679 = CARTESIAN_POINT ( 'NONE',  ( 6.349999999999896616, 4.279743878930847956, 14.89677129397666455 ) ) ;
#4680 = CARTESIAN_POINT ( 'NONE',  ( 2.244749429223614090, 12.85000000000000142, 7.871063217939485490 ) ) ;
#4681 = VERTEX_POINT ( 'NONE', #6150 ) ;
#4682 = CARTESIAN_POINT ( 'NONE',  ( -3.924999999999955413, 0.7228427124746186205, -6.267157287525409792 ) ) ;
#4683 = DIRECTION ( 'NONE',  ( 6.982962677686266711E-15, 0.000000000000000000, -1.000000000000000000 ) ) ;
#4684 = CARTESIAN_POINT ( 'NONE',  ( 2.426874995234112653, 1.051005472321430156, 14.49989629521542689 ) ) ;
#4685 = CARTESIAN_POINT ( 'NONE',  ( -3.724999999999974776, 1.740000000000000213, -3.550000000000027356 ) ) ;
#4686 = CARTESIAN_POINT ( 'NONE',  ( -1.091332664533131794E-13, 12.76899452767857213, 15.57712843807255254 ) ) ;
#4687 = ORIENTED_EDGE ( 'NONE', *, *, #3269, .T. ) ;
#4688 = ORIENTED_EDGE ( 'NONE', *, *, #7037, .T. ) ;
#4689 = DIRECTION ( 'NONE',  ( 1.000000000000000000, 0.000000000000000000, 8.673617379884051249E-15 ) ) ;
#4690 = CARTESIAN_POINT ( 'NONE',  ( 3.725000000000024958, 0.2000000000000000944, -3.549999999999975397 ) ) ;
#4691 = VECTOR ( 'NONE', #8884, 1000.000000000000000 ) ;
#4692 = DIRECTION ( 'NONE',  ( -0.000000000000000000, 1.000000000000000000, 0.000000000000000000 ) ) ;
#4693 = AXIS2_PLACEMENT_3D ( 'NONE', #593, #2625, #6818 ) ;
#4694 = FACE_OUTER_BOUND ( 'NONE', #612, .T. ) ;
#4695 = DIRECTION ( 'NONE',  ( 6.982962677686266711E-15, 0.000000000000000000, -1.000000000000000000 ) ) ;
#4696 = PLANE ( 'NONE',  #5827 ) ;
#4697 = AXIS2_PLACEMENT_3D ( 'NONE', #6338, #6056, #5380 ) ;
#4698 = CARTESIAN_POINT ( 'NONE',  ( 5.858994527678468067, 9.336874995234211383, 14.72668200950116457 ) ) ;
#4699 = VECTOR ( 'NONE', #7998, 1000.000000000000000 ) ;
#4700 = CARTESIAN_POINT ( 'NONE',  ( -0.5562893260130309381, 0.8382406614422129865, 16.37482525066822703 ) ) ;
#4701 = DIRECTION ( 'NONE',  ( -1.000000000000000000, 0.000000000000000000, -6.505213034913037648E-15 ) ) ;
#4702 = FACE_OUTER_BOUND ( 'NONE', #4072, .T. ) ;
#4703 = CARTESIAN_POINT ( 'NONE',  ( 4.142934761456294801, 11.05293476145639175, 13.64944986664401050 ) ) ;
#4704 = DIRECTION ( 'NONE',  ( -6.982962677686266711E-15, 0.000000000000000000, 1.000000000000000000 ) ) ;
#4705 = CARTESIAN_POINT ( 'NONE',  ( -2.630256121069210362, 13.25999999999999979, 8.093199867882752585 ) ) ;
#4706 = ORIENTED_EDGE ( 'NONE', *, *, #6673, .T. ) ;
#4707 = ORIENTED_EDGE ( 'NONE', *, *, #8452, .T. ) ;
#4708 = DIRECTION ( 'NONE',  ( 1.000000000000000000, 0.000000000000000000, 6.938893903907211812E-15 ) ) ;
#4709 = DIRECTION ( 'NONE',  ( 1.000000000000000000, 0.000000000000000000, 8.673617379884030739E-15 ) ) ;
#4710 = ORIENTED_EDGE ( 'NONE', *, *, #8426, .T. ) ;
#4711 = ORIENTED_EDGE ( 'NONE', *, *, #3928, .F. ) ;
#4712 = CARTESIAN_POINT ( 'NONE',  ( 6.349999999999914380, 6.910000000000001030, 12.23203915111952256 ) ) ;
#4713 = PRESENTATION_STYLE_ASSIGNMENT (( #2055 ) ) ;
#4714 = CARTESIAN_POINT ( 'NONE',  ( -8.537872377296971971E-14, 12.76899452767857213, 12.17534272378683902 ) ) ;
#4715 = DIRECTION ( 'NONE',  ( -1.000000000000000000, 0.000000000000000000, -7.116814260417670090E-15 ) ) ;
#4716 = VERTEX_POINT ( 'NONE', #726 ) ;
#4717 = CIRCLE ( 'NONE', #8474, 0.8500000000000060840 ) ;
#4718 = LINE ( 'NONE', #6130, #4568 ) ;
#4719 = DIRECTION ( 'NONE',  ( 1.000000000000000000, 0.000000000000000000, 8.673617379884051249E-15 ) ) ;
#4720 = CARTESIAN_POINT ( 'NONE',  ( 6.349999999999926814, 6.910000000000001030, 10.41775343683380939 ) ) ;
#4721 = CARTESIAN_POINT ( 'NONE',  ( 5.858994527678468067, 9.336874995234211383, 14.72668200950116457 ) ) ;
#4722 = ORIENTED_EDGE ( 'NONE', *, *, #3704, .T. ) ;
#4723 = CARTESIAN_POINT ( 'NONE',  ( -2.244749429223745985, 12.84999999999999076, 7.975157941442328813 ) ) ;
#4724 = VECTOR ( 'NONE', #396, 1000.000000000000000 ) ;
#4725 = PLANE ( 'NONE',  #1997 ) ;
#4726 = CARTESIAN_POINT ( 'NONE',  ( -4.142934761456507964, 11.05293476145639175, 16.82444986664395259 ) ) ;
#4727 = EDGE_CURVE ( 'NONE', #4665, #8175, #3666, .T. ) ;
#4728 =( LENGTH_UNIT ( ) NAMED_UNIT ( * ) SI_UNIT ( .MILLI., .METRE. ) );
#4729 = CARTESIAN_POINT ( 'NONE',  ( -5.858994527678681230, 4.483125004765785349, 15.86061058092965226 ) ) ;
#4730 = EDGE_LOOP ( 'NONE', ( #79, #741, #5088, #1665 ) ) ;
#4731 = VECTOR ( 'NONE', #1889, 1000.000000000000000 ) ;
#4732 = DIRECTION ( 'NONE',  ( -6.982962677686266711E-15, 0.000000000000000000, 1.000000000000000000 ) ) ;
#4733 = DIRECTION ( 'NONE',  ( -1.000000000000000000, 0.000000000000000000, -7.102804783527084762E-15 ) ) ;
#4734 = EDGE_CURVE ( 'NONE', #2616, #3853, #1196, .T. ) ;
#4735 = ADVANCED_FACE ( 'NONE', ( #1055 ), #3823, .T. ) ;
#4736 = CARTESIAN_POINT ( 'NONE',  ( 2.244749429223573234, 12.84999999999999964, 13.42731322041706221 ) ) ;
#4737 = DIRECTION ( 'NONE',  ( 1.000000000000000000, 0.000000000000000000, 6.982962677686266711E-15 ) ) ;
#4738 = CARTESIAN_POINT ( 'NONE',  ( -6.350000000000069811, 6.910000000000000142, 10.07757486788272594 ) ) ;
#4739 = CARTESIAN_POINT ( 'NONE',  ( 5.858994527678458297, 4.483125004765792454, 16.42757486664402222 ) ) ;
#4740 = DIRECTION ( 'NONE',  ( -1.000000000000000000, 0.000000000000000000, -7.434529182757734548E-15 ) ) ;
#4741 = CARTESIAN_POINT ( 'NONE',  ( 7.379999999999924398, 12.84999999999999964, 7.750000000000050626 ) ) ;
#4742 = CARTESIAN_POINT ( 'NONE',  ( 5.914970361247659625, 9.219897319267913005, 7.750000000000039968 ) ) ;
#4743 = EDGE_CURVE ( 'NONE', #5580, #8800, #3137, .T. ) ;
#4744 = CIRCLE ( 'NONE', #6642, 0.2000000000000000944 ) ;
#4745 = CARTESIAN_POINT ( 'NONE',  ( -4.142934761456482207, 2.767065238543608530, 13.19587843807252270 ) ) ;
#4746 = TOROIDAL_SURFACE ( 'NONE', #674, 0.5000000000000065503, 0.3499999999999998668 ) ;
#4747 = CARTESIAN_POINT ( 'NONE',  ( -4.124999999999976019, 0.2000000000000000944, -3.350000000000029843 ) ) ;
#4748 = CARTESIAN_POINT ( 'NONE',  ( 4.142934761456275261, 11.05293476145639175, 16.37087843807258025 ) ) ;
#4749 = AXIS2_PLACEMENT_3D ( 'NONE', #2998, #3872, #7250 ) ;
#4750 = VERTEX_POINT ( 'NONE', #7337 ) ;
#4751 = CARTESIAN_POINT ( 'NONE',  ( 4.490128060534511967, 2.419871939465424227, 9.397217722548081298 ) ) ;
#4752 = ORIENTED_EDGE ( 'NONE', *, *, #3230, .F. ) ;
#4753 = CIRCLE ( 'NONE', #6922, 0.1999999999999996503 ) ;
#4754 = CARTESIAN_POINT ( 'NONE',  ( -4.000000000000115463, 6.910000000000001030, 16.50999999999997314 ) ) ;
#4755 = DIRECTION ( 'NONE',  ( 1.000000000000000000, 0.000000000000000000, 6.982962677686266711E-15 ) ) ;
#4756 = VERTEX_POINT ( 'NONE', #1101 ) ;
#4757 = CARTESIAN_POINT ( 'NONE',  ( -6.350000000000114220, 9.540256121069157658, 16.37087843931129427 ) ) ;
#4758 = FACE_OUTER_BOUND ( 'NONE', #7792, .T. ) ;
#4759 = AXIS2_PLACEMENT_3D ( 'NONE', #2882, #4301, #5680 ) ;
#4760 = AXIS2_PLACEMENT_3D ( 'NONE', #1262, #1907, #4035 ) ;
#4761 = CARTESIAN_POINT ( 'NONE',  ( -4.490128060534645194, 11.40012806053457695, 9.850789151119446529 ) ) ;
#4762 = CARTESIAN_POINT ( 'NONE',  ( -4.142934761456501747, 11.05293476145639175, 15.91730700950109600 ) ) ;
#4763 = ORIENTED_EDGE ( 'NONE', *, *, #8619, .F. ) ;
#4764 = LINE ( 'NONE', #6945, #7699 ) ;
#4765 = EDGE_CURVE ( 'NONE', #2303, #3482, #6572, .T. ) ;
#4766 = FACE_OUTER_BOUND ( 'NONE', #6607, .T. ) ;
#4767 = CARTESIAN_POINT ( 'NONE',  ( -2.426874995234286736, 1.051005472321430156, 10.75793200950110595 ) ) ;
#4768 = ADVANCED_FACE ( 'NONE', ( #426 ), #8596, .F. ) ;
#4769 = CARTESIAN_POINT ( 'NONE',  ( 6.349999999999887734, 6.910000000000001030, 15.97400343931138700 ) ) ;
#4770 = EDGE_CURVE ( 'NONE', #1749, #8851, #1270, .T. ) ;
#4771 = CARTESIAN_POINT ( 'NONE',  ( -9.186186488750883686E-14, 1.051005472321429268, 13.30927129521540841 ) ) ;
#4772 = ORIENTED_EDGE ( 'NONE', *, *, #3428, .T. ) ;
#4773 = ORIENTED_EDGE ( 'NONE', *, *, #85, .F. ) ;
#4774 = CARTESIAN_POINT ( 'NONE',  ( -5.732758175035407417E-14, 0.5600000000000006084, 8.376682008262335444 ) ) ;
#4775 = CARTESIAN_POINT ( 'NONE',  ( 4.490128060534502197, 11.40012806053457695, 10.53114629397665247 ) ) ;
#4776 = LINE ( 'NONE', #1994, #3662 ) ;
#4777 = CARTESIAN_POINT ( 'NONE',  ( 4.142934761456302795, 2.767065238543610306, 12.74230700950115214 ) ) ;
#4778 = EDGE_CURVE ( 'NONE', #8456, #5904, #5129, .T. ) ;
#4779 = LINE ( 'NONE', #3360, #8593 ) ;
#4780 = DIRECTION ( 'NONE',  ( 8.673617379884030739E-15, 0.000000000000000000, -1.000000000000000000 ) ) ;
#4781 = ADVANCED_FACE ( 'NONE', ( #6143 ), #7724, .T. ) ;
#4782 = LINE ( 'NONE', #7470, #3627 ) ;
#4783 = CARTESIAN_POINT ( 'NONE',  ( -5.858994527678669684, 6.910000000000000142, 14.21641415235822592 ) ) ;
#4784 = CARTESIAN_POINT ( 'NONE',  ( -3.380000000000022098, 0.6399999999999999023, 3.299999999999977174 ) ) ;
#4785 = DIRECTION ( 'NONE',  ( -1.000000000000000000, 0.000000000000000000, -7.102804783527084762E-15 ) ) ;
#4786 = DIRECTION ( 'NONE',  ( -1.000000000000000000, 0.000000000000000000, -6.982962677686266711E-15 ) ) ;
#4787 = AXIS2_PLACEMENT_3D ( 'NONE', #178, #7791, #3672 ) ;
#4788 = CARTESIAN_POINT ( 'NONE',  ( -5.858994527678656361, 6.910000000000000142, 12.17534272378679638 ) ) ;
#4789 = DIRECTION ( 'NONE',  ( 6.982962677686266711E-15, 0.000000000000000000, -1.000000000000000000 ) ) ;
#4790 = CARTESIAN_POINT ( 'NONE',  ( 5.858994527678471620, 4.483125004765792454, 14.38650343807259446 ) ) ;
#4791 = EDGE_LOOP ( 'NONE', ( #6897, #293, #3782, #5268 ) ) ;
#4792 = CARTESIAN_POINT ( 'NONE',  ( -4.124999999999999112, 0.6400000000000000133, -2.880472104545584703E-14 ) ) ;
#4793 = CARTESIAN_POINT ( 'NONE',  ( -4.490128060534638976, 2.419871939465422450, 9.170432008262304535 ) ) ;
#4794 = ORIENTED_EDGE ( 'NONE', *, *, #5966, .F. ) ;
#4795 = CIRCLE ( 'NONE', #727, 0.1500000000000069056 ) ;
#4796 = CARTESIAN_POINT ( 'NONE',  ( -3.628550961396776356E-14, 6.910000000000000142, 5.196291501015238623 ) ) ;
#4797 = ORIENTED_EDGE ( 'NONE', *, *, #85, .T. ) ;
#4798 = FACE_OUTER_BOUND ( 'NONE', #6048, .T. ) ;
#4799 = DIRECTION ( 'NONE',  ( -0.000000000000000000, -1.000000000000000000, 0.000000000000000000 ) ) ;
#4800 = CARTESIAN_POINT ( 'NONE',  ( -4.490128060534658516, 11.40012806053457695, 11.66507486540516147 ) ) ;
#4801 = CARTESIAN_POINT ( 'NONE',  ( 2.426874995234094445, 12.76899452767857390, 16.65436058092971194 ) ) ;
#4802 = ORIENTED_EDGE ( 'NONE', *, *, #1141, .F. ) ;
#4803 = CARTESIAN_POINT ( 'NONE',  ( -6.349999999999931255, 6.910000000000000142, -9.851725008082869550 ) ) ;
#4804 = DIRECTION ( 'NONE',  ( -1.000000000000000000, 0.000000000000000000, -6.982962677686265922E-15 ) ) ;
#4805 = CARTESIAN_POINT ( 'NONE',  ( -8.537872377296971971E-14, 12.76899452767857213, 12.17534272378683902 ) ) ;
#4806 = CARTESIAN_POINT ( 'NONE',  ( -4.124999999999974243, 1.940000000000000391, -3.550000000000030020 ) ) ;
#4807 = CARTESIAN_POINT ( 'NONE',  ( 2.426874995234120647, 1.051005472321430156, 13.36596772378685571 ) ) ;
#4808 = AXIS2_PLACEMENT_3D ( 'NONE', #2353, #856, #5732 ) ;
#4809 = ORIENTED_EDGE ( 'NONE', *, *, #7586, .T. ) ;
#4810 = VERTEX_POINT ( 'NONE', #2872 ) ;
#4811 = PLANE ( 'NONE',  #4906 ) ;
#4812 = ORIENTED_EDGE ( 'NONE', *, *, #6475, .T. ) ;
#4813 = APPLICATION_CONTEXT ( 'automotive_design' ) ;
#4814 = CARTESIAN_POINT ( 'NONE',  ( -4.490128060534670951, 11.40012806053457695, 13.47936057969087464 ) ) ;
#4815 = CARTESIAN_POINT ( 'NONE',  ( -6.350000000000069811, 9.540256121069159434, 10.02087843931129640 ) ) ;
#4816 = ADVANCED_FACE ( 'NONE', ( #2821 ), #4236, .F. ) ;
#4817 = CARTESIAN_POINT ( 'NONE',  ( 2.426874995234125976, 12.76899452767857390, 12.11864629521542724 ) ) ;
#4818 = ORIENTED_EDGE ( 'NONE', *, *, #8505, .T. ) ;
#4819 = CARTESIAN_POINT ( 'NONE',  ( 4.490128060534483545, 11.40012806053457695, 13.25257486540522223 ) ) ;
#4820 = DIRECTION ( 'NONE',  ( -1.000000000000000000, 0.000000000000000000, -6.982962677686266711E-15 ) ) ;
#4821 = ORIENTED_EDGE ( 'NONE', *, *, #8196, .T. ) ;
#4822 = PLANE ( 'NONE',  #7558 ) ;
#4823 = ORIENTED_EDGE ( 'NONE', *, *, #220, .F. ) ;
#4824 = ADVANCED_FACE ( 'NONE', ( #1914 ), #3358, .F. ) ;
#4825 = CARTESIAN_POINT ( 'NONE',  ( 4.142934761456286807, 11.05293476145639175, 14.78337843807258167 ) ) ;
#4826 = CONICAL_SURFACE ( 'NONE', #4982, 0.9999999999999997780, 0.7853981633974465026 ) ;
#4827 = CARTESIAN_POINT ( 'NONE',  ( -4.308492350655534153, 2.489258549083024352, 16.32534115540383013 ) ) ;
#4828 = LINE ( 'NONE', #951, #6039 ) ;
#4829 = CYLINDRICAL_SURFACE ( 'NONE', #7164, 0.2000000000000000944 ) ;
#4830 = CIRCLE ( 'NONE', #7158, 0.8500000000000069722 ) ;
#4831 = CARTESIAN_POINT ( 'NONE',  ( 2.426874995234114873, 12.76899452767857390, 13.70614629521542760 ) ) ;
#4832 = CARTESIAN_POINT ( 'NONE',  ( 6.678080114935047717, 0.9150028897386811577, -5.631725466633212385 ) ) ;
#4833 = EDGE_CURVE ( 'NONE', #8851, #4810, #6186, .T. ) ;
#4834 = CARTESIAN_POINT ( 'NONE',  ( -1.091332664533131794E-13, 12.76899452767857213, 15.57712843807255254 ) ) ;
#4835 = VERTEX_POINT ( 'NONE', #5463 ) ;
#4836 = DIRECTION ( 'NONE',  ( 1.000000000000000000, 0.000000000000000000, 8.673617379884049672E-15 ) ) ;
#4837 = ORIENTED_EDGE ( 'NONE', *, *, #8251, .F. ) ;
#4838 = AXIS2_PLACEMENT_3D ( 'NONE', #2268, #233, #284 ) ;
#4839 =( BOUNDED_CURVE ( )  B_SPLINE_CURVE ( 2, ( #2624, #2790, #1306, #5590, #1954, #6225, #6184, #8988, #669 ),
 .UNSPECIFIED., .F., .T. ) 
 B_SPLINE_CURVE_WITH_KNOTS ( ( 3, 2, 2, 2, 3 ),
 ( 0.5909090909090907173, 0.6022727272727270709, 0.6136363636363635354, 0.6250000000000000000, 0.6363636363636363535 ),
 .UNSPECIFIED. ) 
 CURVE ( )  GEOMETRIC_REPRESENTATION_ITEM ( )  RATIONAL_B_SPLINE_CURVE ( ( 1.000000000000001554, 0.9238795325112852952, 1.000000000000000000, 0.9238795325112867385, 1.000000000000000000, 0.9238795325112867385, 1.000000000000000000, 0.9238795325112867385, 1.000000000000000000 ) ) 
 REPRESENTATION_ITEM ( '' )  );
#4840 =( NAMED_UNIT ( * ) SI_UNIT ( $, .STERADIAN. ) SOLID_ANGLE_UNIT ( ) );
#4841 = CARTESIAN_POINT ( 'NONE',  ( -2.630256121069264541, 0.5600000000000016076, 15.69052129645417892 ) ) ;
#4842 = EDGE_LOOP ( 'NONE', ( #6808, #5117, #147, #4104 ) ) ;
#4843 = DIRECTION ( 'NONE',  ( -0.000000000000000000, 1.000000000000000000, 0.000000000000000000 ) ) ;
#4844 = DIRECTION ( 'NONE',  ( 0.000000000000000000, -1.000000000000000000, -0.000000000000000000 ) ) ;
#4845 = CARTESIAN_POINT ( 'NONE',  ( -2.630256121069235231, 13.25999999999999979, 11.60837843683374437 ) ) ;
#4846 = AXIS2_PLACEMENT_3D ( 'NONE', #6162, #692, #4144 ) ;
#4847 = CARTESIAN_POINT ( 'NONE',  ( -5.858994527678676789, 4.483125004765785349, 15.18025343807251382 ) ) ;
#4848 = ORIENTED_EDGE ( 'NONE', *, *, #3660, .T. ) ;
#4849 = DIRECTION ( 'NONE',  ( -6.747905296117594716E-15, 0.000000000000000000, 1.000000000000000000 ) ) ;
#4850 = DIRECTION ( 'NONE',  ( -1.000000000000000000, -2.620428211445327472E-16, -6.982962677686266711E-15 ) ) ;
#4851 = CARTESIAN_POINT ( 'NONE',  ( 5.858994527678483166, 4.483125004765792454, 12.79900343807259766 ) ) ;
#4852 = CARTESIAN_POINT ( 'NONE',  ( -3.380000000000020766, 0.2000000000000000944, 3.099999999999976996 ) ) ;
#4853 = CARTESIAN_POINT ( 'NONE',  ( -5.858994527678636821, 6.910000000000000142, 9.453914152358226630 ) ) ;
#4854 = AXIS2_PLACEMENT_3D ( 'NONE', #7882, #4924, #7838 ) ;
#4855 = VERTEX_POINT ( 'NONE', #792 ) ;
#4856 = EDGE_LOOP ( 'NONE', ( #1077, #6377, #5132, #3247 ) ) ;
#4857 = CARTESIAN_POINT ( 'NONE',  ( 6.579999999999986748, 2.000000000000000000, 2.000000000000046185 ) ) ;
#4858 = CARTESIAN_POINT ( 'NONE',  ( -6.349999999999931255, 6.910000000000000142, -9.851725008082869550 ) ) ;
#4859 = CARTESIAN_POINT ( 'NONE',  ( -0.7430714330484140540, 12.85000000000000142, 13.73380352791554060 ) ) ;
#4860 = CARTESIAN_POINT ( 'NONE',  ( 5.858994527678482278, 9.336874995234211383, 12.91239629521545140 ) ) ;
#4861 = EDGE_CURVE ( 'NONE', #2276, #6544, #5623, .T. ) ;
#4862 = CIRCLE ( 'NONE', #942, 0.3000000000000007661 ) ;
#4863 = ORIENTED_EDGE ( 'NONE', *, *, #6821, .T. ) ;
#4864 = ORIENTED_EDGE ( 'NONE', *, *, #4367, .T. ) ;
#4865 = CARTESIAN_POINT ( 'NONE',  ( 5.779999999999973603, 2.240000000000000657, 2.000000000000041300 ) ) ;
#4866 = CARTESIAN_POINT ( 'NONE',  ( 4.125000000000023981, 2.140000000000001013, -3.349999999999972999 ) ) ;
#4867 = ORIENTED_EDGE ( 'NONE', *, *, #6118, .T. ) ;
#4868 = CARTESIAN_POINT ( 'NONE',  ( -4.490128060534653187, 11.40012806053457695, 10.87132486788273944 ) ) ;
#4869 = CIRCLE ( 'NONE', #3690, 0.2000000000000000944 ) ;
#4870 = ORIENTED_EDGE ( 'NONE', *, *, #3822, .F. ) ;
#4871 = CARTESIAN_POINT ( 'NONE',  ( 3.579999999999977423, 0.2000000000000000944, 3.100000000000025402 ) ) ;
#4872 = EDGE_CURVE ( 'NONE', #3065, #117, #5423, .T. ) ;
#4873 = CARTESIAN_POINT ( 'NONE',  ( 2.244749429223620751, 12.84999999999999076, 9.798741791845632321 ) ) ;
#4874 = DIRECTION ( 'NONE',  ( 0.000000000000000000, 1.000000000000000000, 0.000000000000000000 ) ) ;
#4875 = CARTESIAN_POINT ( 'NONE',  ( -4.124999999999956479, 1.740000000000000213, -6.150000000000029665 ) ) ;
#4876 = EDGE_CURVE ( 'NONE', #4716, #2771, #2505, .T. ) ;
#4877 = EDGE_CURVE ( 'NONE', #4681, #6477, #2192, .T. ) ;
#4878 = CARTESIAN_POINT ( 'NONE',  ( -2.426874995234302279, 12.76899452767857390, 13.13918200950110737 ) ) ;
#4879 = CARTESIAN_POINT ( 'NONE',  ( -5.858994527678643927, 9.336874995234211383, 10.30436058092965368 ) ) ;
#4880 = CARTESIAN_POINT ( 'NONE',  ( -0.3498541650419267346, 12.84999999999999609, 16.45276400271301753 ) ) ;
#4881 = CARTESIAN_POINT ( 'NONE',  ( 4.142934761456282367, 11.05293476145639175, 15.46373558092972544 ) ) ;
#4882 = ORIENTED_EDGE ( 'NONE', *, *, #4549, .F. ) ;
#4883 = CARTESIAN_POINT ( 'NONE',  ( 2.190000000000023039, 6.910000000000000142, -3.349999999999986322 ) ) ;
#4884 = CARTESIAN_POINT ( 'NONE',  ( -0.1306950819106201533, 11.70999999999999908, 23.18000000000000327 ) ) ;
#4885 = ORIENTED_EDGE ( 'NONE', *, *, #3266, .T. ) ;
#4886 = CARTESIAN_POINT ( 'NONE',  ( -6.279999999999956728, 2.240000000000000657, -6.150000000000044764 ) ) ;
#4887 = EDGE_CURVE ( 'NONE', #3465, #3814, #514, .T. ) ;
#4888 = AXIS2_PLACEMENT_3D ( 'NONE', #5149, #176, #6499 ) ;
#4889 = PRESENTATION_LAYER_ASSIGNMENT (  '', '', ( #6483 ) ) ;
#4890 = CYLINDRICAL_SURFACE ( 'NONE', #7063, 0.3500000000000004774 ) ;
#4891 = VECTOR ( 'NONE', #5367, 1000.000000000000000 ) ;
#4892 = ORIENTED_EDGE ( 'NONE', *, *, #2365, .F. ) ;
#4893 = DIRECTION ( 'NONE',  ( -6.982962677686266711E-15, 0.000000000000000000, 1.000000000000000000 ) ) ;
#4894 = DIRECTION ( 'NONE',  ( -1.000000000000000000, 0.000000000000000000, -6.982261990806646977E-15 ) ) ;
#4895 = EDGE_CURVE ( 'NONE', #3372, #4060, #4776, .T. ) ;
#4896 = CARTESIAN_POINT ( 'NONE',  ( 6.349999999999932143, 9.540256121069157658, 9.567307008262382340 ) ) ;
#4897 = COLOUR_RGB ( '',0.8509803921568627194, 0.8509803921568627194, 0.8509803921568627194 ) ;
#4898 = CARTESIAN_POINT ( 'NONE',  ( -5.858994527678683006, 6.910000000000000142, 16.03069986664393909 ) ) ;
#4899 = VERTEX_POINT ( 'NONE', #1308 ) ;
#4900 =( BOUNDED_CURVE ( )  B_SPLINE_CURVE ( 3, ( #8978, #8394, #1384, #2151 ),
 .UNSPECIFIED., .F., .T. ) 
 B_SPLINE_CURVE_WITH_KNOTS ( ( 4, 4 ),
 ( -2.664535259100375697E-15, 1.570796326794895226 ),
 .UNSPECIFIED. ) 
 CURVE ( )  GEOMETRIC_REPRESENTATION_ITEM ( )  RATIONAL_B_SPLINE_CURVE ( ( 1.000000000000000000, 0.8047378541243646044, 0.8047378541243646044, 1.000000000000000000 ) ) 
 REPRESENTATION_ITEM ( '' )  );
#4901 = LINE ( 'NONE', #7581, #4049 ) ;
#4902 =( NAMED_UNIT ( * ) PLANE_ANGLE_UNIT ( ) SI_UNIT ( $, .RADIAN. ) );
#4903 = CARTESIAN_POINT ( 'NONE',  ( 4.142934761456321446, 2.767065238543610306, 10.02087843807258238 ) ) ;
#4904 = LINE ( 'NONE', #7683, #6339 ) ;
#4905 = CARTESIAN_POINT ( 'NONE',  ( -8.379508759428015994E-14, 12.76899452767857213, 11.94855700950112443 ) ) ;
#4906 = AXIS2_PLACEMENT_3D ( 'NONE', #8311, #8827, #2583 ) ;
#4907 = CARTESIAN_POINT ( 'NONE',  ( 5.779999999999990479, 0.6400000000000000133, 4.925044421598571136E-14 ) ) ;
#4908 = AXIS2_PLACEMENT_3D ( 'NONE', #8819, #4804, #586 ) ;
#4909 = CARTESIAN_POINT ( 'NONE',  ( -2.244749429223750425, 12.85000000000000142, 11.60372937001375782 ) ) ;
#4910 = CARTESIAN_POINT ( 'NONE',  ( -4.490128060534646082, 11.40012806053457695, 9.964182010739882855 ) ) ;
#4911 = AXIS2_PLACEMENT_3D ( 'NONE', #1472, #5806, #6430 ) ;
#4912 = CARTESIAN_POINT ( 'NONE',  ( 4.142934761456296577, 2.767065238543610306, 13.64944986664401050 ) ) ;
#4913 = VECTOR ( 'NONE', #2648, 1000.000000000000000 ) ;
#4914 = CARTESIAN_POINT ( 'NONE',  ( -6.255318521521287423, 7.583762037435084480, 16.26028699160712421 ) ) ;
#4915 = CARTESIAN_POINT ( 'NONE',  ( 5.780000000000024230, 2.240000000000000657, -3.349999999999961009 ) ) ;
#4916 = EDGE_LOOP ( 'NONE', ( #1006, #1656 ) ) ;
#4917 = CARTESIAN_POINT ( 'NONE',  ( 1.501160829117848428, 12.85000000000000320, 14.08552095843537444 ) ) ;
#4918 = ORIENTED_EDGE ( 'NONE', *, *, #6267, .T. ) ;
#4919 = CARTESIAN_POINT ( 'NONE',  ( 5.858994527678493824, 6.910000000000001030, 11.04141415235830870 ) ) ;
#4920 = AXIS2_PLACEMENT_3D ( 'NONE', #4363, #8459, #8367 ) ;
#4921 = DIRECTION ( 'NONE',  ( -1.000000000000000000, 0.000000000000000000, -6.982962677686266711E-15 ) ) ;
#4922 = CARTESIAN_POINT ( 'NONE',  ( 5.914970361247659625, 9.219897319267913005, 7.750000000000039968 ) ) ;
#4923 = DIRECTION ( 'NONE',  ( 6.982962677686266711E-15, 0.000000000000000000, -1.000000000000000000 ) ) ;
#4924 = DIRECTION ( 'NONE',  ( -1.000000000000000000, -4.336808689942016158E-15, -2.646153987744250552E-15 ) ) ;
#4925 = CARTESIAN_POINT ( 'NONE',  ( 5.858994527678481390, 6.910000000000001030, 12.85569986664402187 ) ) ;
#4926 = CARTESIAN_POINT ( 'NONE',  ( -4.800000000000198774, 6.910000000000000142, 28.57999999999996632 ) ) ;
#4927 = DIRECTION ( 'NONE',  ( -7.039652987358711629E-15, 0.000000000000000000, 1.000000000000000000 ) ) ;
#4928 = CARTESIAN_POINT ( 'NONE',  ( 2.426874995234101551, 1.051005472321430156, 16.08739629521542724 ) ) ;
#4929 = ADVANCED_FACE ( 'NONE', ( #3275 ), #631, .T. ) ;
#4930 = EDGE_LOOP ( 'NONE', ( #3596, #8008, #6962, #32, #8303, #2427, #4867 ) ) ;
#4931 = EDGE_CURVE ( 'NONE', #7439, #5543, #8433, .T. ) ;
#4932 = EDGE_LOOP ( 'NONE', ( #1462, #3864 ) ) ;
#4933 = TOROIDAL_SURFACE ( 'NONE', #136, 0.4999999999999998890, 0.2000000000000000111 ) ;
#4934 = SURFACE_SIDE_STYLE ('',( #6975 ) ) ;
#4935 = DIRECTION ( 'NONE',  ( 1.000000000000000000, 0.000000000000000000, 6.982962677686266711E-15 ) ) ;
#4936 = ORIENTED_EDGE ( 'NONE', *, *, #4833, .F. ) ;
#4937 = EDGE_CURVE ( 'NONE', #4538, #3930, #7467, .T. ) ;
#4938 = AXIS2_PLACEMENT_3D ( 'NONE', #150, #5662, #7807 ) ;
#4939 = EDGE_CURVE ( 'NONE', #5957, #8729, #8037, .T. ) ;
#4940 = ORIENTED_EDGE ( 'NONE', *, *, #5061, .F. ) ;
#4941 = CARTESIAN_POINT ( 'NONE',  ( -2.630256121069267206, 13.25999999999999979, 16.25748558216846362 ) ) ;
#4942 = CARTESIAN_POINT ( 'NONE',  ( 3.087135622673310209, 1.519588139885601041, 7.750000000000021316 ) ) ;
#4943 = DIRECTION ( 'NONE',  ( 7.434529182757710882E-15, 0.000000000000000000, -1.000000000000000000 ) ) ;
#4944 = VECTOR ( 'NONE', #8499, 1000.000000000000000 ) ;
#4945 = LINE ( 'NONE', #158, #3409 ) ;
#4946 = CARTESIAN_POINT ( 'NONE',  ( -0.9740458577796340389, 2.209589276159968030, 23.91831850385460712 ) ) ;
#4947 = ORIENTED_EDGE ( 'NONE', *, *, #5170, .F. ) ;
#4948 = EDGE_CURVE ( 'NONE', #7210, #2341, #184, .T. ) ;
#4949 = FACE_OUTER_BOUND ( 'NONE', #5479, .T. ) ;
#4950 = SURFACE_STYLE_USAGE ( .BOTH. , #845 ) ;
#4951 = CARTESIAN_POINT ( 'NONE',  ( -8.077641163668189319E-14, 1.051005472321429268, 11.72177129521540984 ) ) ;
#4952 = DIRECTION ( 'NONE',  ( 6.982962677686266711E-15, 0.000000000000000000, -1.000000000000000000 ) ) ;
#4953 = CARTESIAN_POINT ( 'NONE',  ( -4.142934761456462667, 2.767065238543608530, 10.47444986664395294 ) ) ;
#4954 = CARTESIAN_POINT ( 'NONE',  ( 6.349999999999920597, 6.910000000000001030, 11.32489629397666775 ) ) ;
#4955 = CARTESIAN_POINT ( 'NONE',  ( -4.124999999999955591, -3.281253729992883894, -6.150000000000029665 ) ) ;
#4956 = EDGE_CURVE ( 'NONE', #2341, #4588, #4830, .T. ) ;
#4957 =( BOUNDED_SURFACE ( )  B_SPLINE_SURFACE ( 1, 2, ( 
 ( #5416, #368, #4726, #7461, #8865, #419, #6095, #1138, #2496, #5285, #8097, #6011, #8015, #1221, #5922, #3949, #1818, #1775, #3860, #8191, #3906, #2535, #1950, #2448, #6771, #1908, #506, #7329, #1094, #2619, #3309, #6688, #3813, #3130, #3268, #8737, #3225, #6591, #1865, #8820, #6637, #4640, #8056, #4684, #1179, #5245, #6727, #8693, #2577, #545, #4547, #3183, #5968, #6051, #3995, #4597, #7373, #5374, #459, #8148, #1263, #6300, #1299, #6258, #5457, #3525, #4160, #4069, #6851, #1341, #2067, #25, #72, #4851, #3389, #2695, #8266, #750, #5538, #2024, #6947, #6811, #1437, #5499, #4805, #2153, #8941, #2783, #8396, #2740, #7583, #2828, #4951, #4113, #4209, #3351, #6218, #5632, #6137, #4036, #6988, #6894, #587, #8980, #662, #3436, #5583, #8899, #7682, #4767, #2658, #7633, #8306, #622, #1386, #8225, #1987, #708, #7540, #3478, #8352, #2112, #4903, #6177, #3703, #8441, #6436, #1523, #1476, #7859, #8581, #6531, #7218, #6393, #2200, #2878, #3072, #5041, #5763, #210, #985, #3022, #164, #5811, #7906, #7028, #8533, #2388, #4298, #8626, #5677, #4249, #7730, #7775, #799, #5861, #4996, #2338, #2293, #7077, #4391, #5135, #3565, #846, #6347, #121, #6482, #3615, #2921 ),
 ( #7171, #260, #7821, #5720, #2969, #938, #2248, #894, #3753, #1661, #8483, #4434, #3656, #1569, #5090, #4344, #1613, #309, #7127, #2522, #3168, #3891, #1079, #3849, #3978, #6674, #7361, #3209, #4532, #8722, #7446, #6756, #4670, #6037, #446, #6622, #3252, #489, #6577, #2563, #5997, #1035, #3115, #5184, #531, #401, #5954, #6083, #8806, #2479, #2436, #5270, #5361, #5230, #7999, #8134, #8764, #355, #4582, #1804, #1124, #3295, #5314, #8852, #7317, #7951, #1207, #1713, #4488, #7271, #8041, #8085, #3799, #1849, #4628, #7402, #5908, #1893, #1167, #8677, #1762, #3936, #6713, #6124, #8176, #2607, #1937, #5402, #4712, #4023, #7485, #1246, #3338, #6798, #573, #129, #7868, #3032, #4959, #6355, #5870, #4260, #7180, #5685, #3575, #5098, #2888, #8588, #3715, #7039, #1623, #949, #8495, #7738, #902, #4400, #5730, #4354, #1669, #6495, #1483, #2348, #7134, #1532, #5775, #806, #2302, #3668, #3624, #8542, #174, #6446, #7087, #854, #997, #222, #2978, #271, #4309, #2257, #4443, #3761, #7232, #5821, #5144, #6399, #7915, #6540, #8449, #319, #3080, #2212, #5004, #2164, #7786, #2930, #5053, #7830, #1577, #3857, #5919, #7326, #3945, #8690, #2445, #6723, #3903, #1043, #8052 ) ),
 .UNSPECIFIED., .F., .F., .T. ) 
 B_SPLINE_SURFACE_WITH_KNOTS ( ( 2, 2 ),
 ( 3, 2, 2, 2, 2, 2, 2, 2, 2, 2, 2, 2, 2, 2, 2, 2, 2, 2, 2, 2, 2, 2, 2, 2, 2, 2, 2, 2, 2, 2, 2, 2, 2, 2, 2, 2, 2, 2, 2, 2, 2, 2, 2, 2, 2, 2, 2, 2, 2, 2, 2, 2, 2, 2, 2, 2, 2, 2, 2, 2, 2, 2, 2, 2, 2, 2, 2, 2, 2, 2, 2, 2, 2, 2, 2, 2, 2, 2, 2, 2, 2, 2, 2, 2, 3 ),
 ( 0.000000000000000000, 1.000000000000000000 ),
 ( 0.000000000000000000, 0.01136363636363636395, 0.02272727272727272790, 0.03409090909090908839, 0.04545454545454545581, 0.05681818181818181629, 0.06818181818181817677, 0.07954545454545454419, 0.09090909090909091161, 0.1022727272727272790, 0.1136363636363636326, 0.1250000000000000000, 0.1363636363636363535, 0.1477272727272727348, 0.1590909090909090884, 0.1704545454545454419, 0.1818181818181818232, 0.1931818181818181768, 0.2045454545454545581, 0.2159090909090909116, 0.2272727272727272652, 0.2386363636363636465, 0.2500000000000000000, 0.2613636363636363535, 0.2727272727272727071, 0.2840909090909091161, 0.2954545454545454697, 0.3068181818181818232, 0.3181818181818181768, 0.3295454545454545303, 0.3409090909090908839, 0.3522727272727272929, 0.3636363636363636465, 0.3750000000000000000, 0.3863636363636363535, 0.3977272727272727071, 0.4090909090909091161, 0.4204545454545454697, 0.4318181818181818232, 0.4431818181818181768, 0.4545454545454545303, 0.4659090909090908839, 0.4772727272727272929, 0.4886363636363636465, 0.5000000000000000000, 0.5113636363636363535, 0.5227272727272727071, 0.5340909090909090606, 0.5454545454545454142, 0.5568181818181817677, 0.5681818181818182323, 0.5795454545454545858, 0.5909090909090909394, 0.6022727272727272929, 0.6136363636363636465, 0.6250000000000000000, 0.6363636363636363535, 0.6477272727272727071, 0.6590909090909090606, 0.6704545454545454142, 0.6818181818181817677, 0.6931818181818182323, 0.7045454545454545858, 0.7159090909090909394, 0.7272727272727272929, 0.7386363636363636465, 0.7500000000000000000, 0.7613636363636363535, 0.7727272727272727071, 0.7840909090909090606, 0.7954545454545454142, 0.8068181818181817677, 0.8181818181818182323, 0.8295454545454545858, 0.8409090909090909394, 0.8522727272727272929, 0.8636363636363636465, 0.8750000000000000000, 0.8863636363636363535, 0.8977272727272727071, 0.9090909090909090606, 0.9204545454545454142, 0.9318181818181817677, 0.9431818181818182323, 0.9491625207815661547 ),
 .UNSPECIFIED. ) 
 GEOMETRIC_REPRESENTATION_ITEM ( )  RATIONAL_B_SPLINE_SURFACE ( (
 ( 1.000000000000000000, 0.9238795325112867385, 1.000000000000000000, 0.9238795325112867385, 1.000000000000000000, 0.9238795325112867385, 1.000000000000000000, 0.9238795325112867385, 1.000000000000000000, 0.9238795325112867385, 1.000000000000000000, 0.9238795325112867385, 1.000000000000000000, 0.9238795325112867385, 1.000000000000000000, 0.9238795325112867385, 1.000000000000000000, 0.9238795325112867385, 1.000000000000000000, 0.9238795325112867385, 1.000000000000000000, 0.9238795325112867385, 1.000000000000000000, 0.9238795325112867385, 1.000000000000000000, 0.9238795325112867385, 1.000000000000000000, 0.9238795325112867385, 1.000000000000000000, 0.9238795325112867385, 1.000000000000000000, 0.9238795325112867385, 1.000000000000000000, 0.9238795325112867385, 1.000000000000000000, 0.9238795325112867385, 1.000000000000000000, 0.9238795325112867385, 1.000000000000000000, 0.9238795325112867385, 1.000000000000000000, 0.9238795325112867385, 1.000000000000000000, 0.9238795325112867385, 1.000000000000000000, 0.9238795325112867385, 1.000000000000000000, 0.9238795325112867385, 1.000000000000000000, 0.9238795325112867385, 1.000000000000000000, 0.9238795325112867385, 1.000000000000000000, 0.9238795325112867385, 1.000000000000000000, 0.9238795325112867385, 1.000000000000000000, 0.9238795325112867385, 1.000000000000000000, 0.9238795325112867385, 1.000000000000000000, 0.9238795325112867385, 1.000000000000000000, 0.9238795325112867385, 1.000000000000000000, 0.9238795325112867385, 1.000000000000000000, 0.9238795325112867385, 1.000000000000000000, 0.9238795325112867385, 1.000000000000000000, 0.9238795325112867385, 1.000000000000000000, 0.9238795325112867385, 1.000000000000000000, 0.9238795325112867385, 1.000000000000000000, 0.9238795325112867385, 1.000000000000000000, 0.9238795325112867385, 1.000000000000000000, 0.9238795325112867385, 1.000000000000000000, 0.9238795325112867385, 1.000000000000000000, 0.9238795325112867385, 1.000000000000000000, 0.9238795325112867385, 1.000000000000000000, 0.9238795325112867385, 1.000000000000000000, 0.9238795325112867385, 1.000000000000000000, 0.9238795325112867385, 1.000000000000000000, 0.9238795325112867385, 1.000000000000000000, 0.9238795325112867385, 1.000000000000000000, 0.9238795325112867385, 1.000000000000000000, 0.9238795325112867385, 1.000000000000000000, 0.9238795325112867385, 1.000000000000000000, 0.9238795325112867385, 1.000000000000000000, 0.9238795325112867385, 1.000000000000000000, 0.9238795325112867385, 1.000000000000000000, 0.9238795325112867385, 1.000000000000000000, 0.9238795325112867385, 1.000000000000000000, 0.9238795325112867385, 1.000000000000000000, 0.9238795325112867385, 1.000000000000000000, 0.9238795325112867385, 1.000000000000000000, 0.9238795325112867385, 1.000000000000000000, 0.9238795325112867385, 1.000000000000000000, 0.9238795325112867385, 1.000000000000000000, 0.9238795325112867385, 1.000000000000000000, 0.9238795325112867385, 1.000000000000000000, 0.9238795325112867385, 1.000000000000000000, 0.9238795325112867385, 1.000000000000000000, 0.9238795325112867385, 1.000000000000000000, 0.9238795325112867385, 1.000000000000000000, 0.9238795325112867385, 1.000000000000000000, 0.9238795325112867385, 1.000000000000000000, 0.9238795325112867385, 1.000000000000000000, 0.9238795325112867385, 1.000000000000000000, 0.9238795325112867385, 1.000000000000000000, 0.9238795325112867385, 1.000000000000000000, 0.9238795325112867385, 1.000000000000000000, 0.9238795325112867385, 1.000000000000000000, 0.9238795325112867385, 1.000000000000000000, 0.9238795325112867385, 1.000000000000000000, 0.9238795325112867385, 1.000000000000000000, 0.9238795325112867385, 1.000000000000000000, 0.9238795325112867385, 1.000000000000000000, 0.9238795325112867385, 1.000000000000000000, 0.9599376587532677529, 0.9620450844330878937),
 ( 1.000000000000000000, 0.9238795325112867385, 1.000000000000000000, 0.9238795325112867385, 1.000000000000000000, 0.9238795325112867385, 1.000000000000000000, 0.9238795325112867385, 1.000000000000000000, 0.9238795325112867385, 1.000000000000000000, 0.9238795325112867385, 1.000000000000000000, 0.9238795325112867385, 1.000000000000000000, 0.9238795325112867385, 1.000000000000000000, 0.9238795325112867385, 1.000000000000000000, 0.9238795325112867385, 1.000000000000000000, 0.9238795325112867385, 1.000000000000000000, 0.9238795325112867385, 1.000000000000000000, 0.9238795325112867385, 1.000000000000000000, 0.9238795325112867385, 1.000000000000000000, 0.9238795325112867385, 1.000000000000000000, 0.9238795325112867385, 1.000000000000000000, 0.9238795325112867385, 1.000000000000000000, 0.9238795325112867385, 1.000000000000000000, 0.9238795325112867385, 1.000000000000000000, 0.9238795325112867385, 1.000000000000000000, 0.9238795325112867385, 1.000000000000000000, 0.9238795325112867385, 1.000000000000000000, 0.9238795325112867385, 1.000000000000000000, 0.9238795325112867385, 1.000000000000000000, 0.9238795325112867385, 1.000000000000000000, 0.9238795325112867385, 1.000000000000000000, 0.9238795325112867385, 1.000000000000000000, 0.9238795325112867385, 1.000000000000000000, 0.9238795325112867385, 1.000000000000000000, 0.9238795325112867385, 1.000000000000000000, 0.9238795325112867385, 1.000000000000000000, 0.9238795325112867385, 1.000000000000000000, 0.9238795325112867385, 1.000000000000000000, 0.9238795325112867385, 1.000000000000000000, 0.9238795325112867385, 1.000000000000000000, 0.9238795325112867385, 1.000000000000000000, 0.9238795325112867385, 1.000000000000000000, 0.9238795325112867385, 1.000000000000000000, 0.9238795325112867385, 1.000000000000000000, 0.9238795325112867385, 1.000000000000000000, 0.9238795325112867385, 1.000000000000000000, 0.9238795325112867385, 1.000000000000000000, 0.9238795325112867385, 1.000000000000000000, 0.9238795325112867385, 1.000000000000000000, 0.9238795325112867385, 1.000000000000000000, 0.9238795325112867385, 1.000000000000000000, 0.9238795325112867385, 1.000000000000000000, 0.9238795325112867385, 1.000000000000000000, 0.9238795325112867385, 1.000000000000000000, 0.9238795325112867385, 1.000000000000000000, 0.9238795325112867385, 1.000000000000000000, 0.9238795325112867385, 1.000000000000000000, 0.9238795325112867385, 1.000000000000000000, 0.9238795325112867385, 1.000000000000000000, 0.9238795325112867385, 1.000000000000000000, 0.9238795325112867385, 1.000000000000000000, 0.9238795325112867385, 1.000000000000000000, 0.9238795325112867385, 1.000000000000000000, 0.9238795325112867385, 1.000000000000000000, 0.9238795325112867385, 1.000000000000000000, 0.9238795325112867385, 1.000000000000000000, 0.9238795325112867385, 1.000000000000000000, 0.9238795325112867385, 1.000000000000000000, 0.9238795325112867385, 1.000000000000000000, 0.9238795325112867385, 1.000000000000000000, 0.9238795325112867385, 1.000000000000000000, 0.9238795325112867385, 1.000000000000000000, 0.9238795325112867385, 1.000000000000000000, 0.9238795325112867385, 1.000000000000000000, 0.9238795325112867385, 1.000000000000000000, 0.9238795325112867385, 1.000000000000000000, 0.9238795325112867385, 1.000000000000000000, 0.9238795325112867385, 1.000000000000000000, 0.9238795325112867385, 1.000000000000000000, 0.9238795325112867385, 1.000000000000000000, 0.9238795325112867385, 1.000000000000000000, 0.9238795325112867385, 1.000000000000000000, 0.9238795325112867385, 1.000000000000000000, 0.9238795325112867385, 1.000000000000000000, 0.9238795325112867385, 1.000000000000000000, 0.9238795325112867385, 1.000000000000000000, 0.9238795325112867385, 1.000000000000000000, 0.9238795325112867385, 1.000000000000000000, 0.9599376587532677529, 0.9620450844330878937) ) ) 
 REPRESENTATION_ITEM ( '' )  SURFACE ( )  );
#4958 = CARTESIAN_POINT ( 'NONE',  ( 5.858994527678501818, 4.483125004765792454, 10.07757486664402435 ) ) ;
#4959 = CARTESIAN_POINT ( 'NONE',  ( -4.490128060534658516, 11.40012806053457695, 11.66507486540516147 ) ) ;
#4960 = CARTESIAN_POINT ( 'NONE',  ( -3.379999999999976357, 0.2000000000000000944, -3.150000000000025224 ) ) ;
#4961 = EDGE_CURVE ( 'NONE', #410, #1670, #1701, .T. ) ;
#4962 = CARTESIAN_POINT ( 'NONE',  ( 5.079999999999999183, -3.430000000000002380, 3.547345040264623363E-14 ) ) ;
#4963 = ORIENTED_EDGE ( 'NONE', *, *, #6468, .F. ) ;
#4964 = DIRECTION ( 'NONE',  ( 1.000000000000000000, 0.000000000000000000, 6.982962677686266711E-15 ) ) ;
#4965 = VERTEX_POINT ( 'NONE', #1652 ) ;
#4966 = AXIS2_PLACEMENT_3D ( 'NONE', #3319, #7551, #2033 ) ;
#4967 = CARTESIAN_POINT ( 'NONE',  ( -5.858994527678658137, 4.483125004765786237, 12.45882486664393873 ) ) ;
#4968 = LINE ( 'NONE', #139, #4483 ) ;
#4969 = DIRECTION ( 'NONE',  ( -8.520838099651520869E-15, 0.000000000000000000, 1.000000000000000000 ) ) ;
#4970 = FACE_OUTER_BOUND ( 'NONE', #3250, .T. ) ;
#4971 = ADVANCED_FACE ( 'NONE', ( #3745 ), #7117, .T. ) ;
#4972 = CARTESIAN_POINT ( 'NONE',  ( -2.244749429223785953, 12.84999999999999787, 16.13944365572804074 ) ) ;
#4973 = CARTESIAN_POINT ( 'NONE',  ( -5.858994527678626163, 4.483125004765785349, 7.923110580929654034 ) ) ;
#4974 = CARTESIAN_POINT ( 'NONE',  ( -5.858994527678630604, 6.910000000000000142, 8.546771295215370046 ) ) ;
#4975 = CARTESIAN_POINT ( 'NONE',  ( -0.8742724019237568811, 12.85000000000000497, 16.42109112450468444 ) ) ;
#4976 = CARTESIAN_POINT ( 'NONE',  ( -5.858994527678663466, 9.336874995234211383, 13.02578915235822521 ) ) ;
#4977 = EDGE_LOOP ( 'NONE', ( #2078, #7638, #5482, #4054 ) ) ;
#4978 = VERTEX_POINT ( 'NONE', #8473 ) ;
#4979 = CARTESIAN_POINT ( 'NONE',  ( -5.080000000000000959, -10.28842712474619248, -3.671769155057995258E-14 ) ) ;
#4980 = FACE_OUTER_BOUND ( 'NONE', #4524, .T. ) ;
#4981 = VERTEX_POINT ( 'NONE', #6522 ) ;
#4982 = AXIS2_PLACEMENT_3D ( 'NONE', #1330, #5362, #6881 ) ;
#4983 = FACE_OUTER_BOUND ( 'NONE', #6359, .T. ) ;
#4984 = ORIENTED_EDGE ( 'NONE', *, *, #95, .F. ) ;
#4985 = ADVANCED_FACE ( 'NONE', ( #301 ), #7262, .T. ) ;
#4986 = CARTESIAN_POINT ( 'NONE',  ( -1.008492419378454898E-13, 13.26000000000000156, 14.38650343931134046 ) ) ;
#4987 = FACE_OUTER_BOUND ( 'NONE', #5193, .T. ) ;
#4988 = EDGE_LOOP ( 'NONE', ( #4529, #8713, #5776, #768 ) ) ;
#4989 = AXIS2_PLACEMENT_3D ( 'NONE', #7217, #4487, #5810 ) ;
#4990 = CARTESIAN_POINT ( 'NONE',  ( -6.079999999999976978, 2.240000000000000657, -3.350000000000044054 ) ) ;
#4991 = PLANE ( 'NONE',  #684 ) ;
#4992 = ORIENTED_EDGE ( 'NONE', *, *, #3591, .F. ) ;
#4993 = ORIENTED_EDGE ( 'NONE', *, *, #2798, .F. ) ;
#4994 = DIRECTION ( 'NONE',  ( -1.000000000000000000, 8.131516293641284241E-16, -7.047314121155779610E-15 ) ) ;
#4995 = DIRECTION ( 'NONE',  ( -1.000000000000000000, 0.000000000000000000, -7.434529182757747170E-15 ) ) ;
#4996 = CARTESIAN_POINT ( 'NONE',  ( -5.543823277764887999E-14, 1.051005472321429268, 8.093199866643981721 ) ) ;
#4997 = CARTESIAN_POINT ( 'NONE',  ( 0.3500000000000232925, 6.910000000000000142, -3.349999999999998757 ) ) ;
#4998 = CARTESIAN_POINT ( 'NONE',  ( 2.426874995234146848, 12.76899452767857390, 9.170432009501141124 ) ) ;
#4999 = CARTESIAN_POINT ( 'NONE',  ( -5.779999999999962057, 0.6400000000000000133, -5.650000000000043876 ) ) ;
#5000 = VERTEX_POINT ( 'NONE', #7814 ) ;
#5001 = CARTESIAN_POINT ( 'NONE',  ( -3.523501616404779657, 12.36675450466444914, 10.72846531973287654 ) ) ;
#5002 = DIRECTION ( 'NONE',  ( -1.000000000000000000, 0.000000000000000000, -8.673617379884013384E-15 ) ) ;
#5003 = CARTESIAN_POINT ( 'NONE',  ( -2.426874995234277410, 12.76899452767857390, 9.510610580929679259 ) ) ;
#5004 = CARTESIAN_POINT ( 'NONE',  ( 6.349999999999940137, 6.910000000000001030, 8.603467722548094443 ) ) ;
#5005 = ORIENTED_EDGE ( 'NONE', *, *, #6003, .T. ) ;
#5006 = FACE_OUTER_BOUND ( 'NONE', #8315, .T. ) ;
#5007 = AXIS2_PLACEMENT_3D ( 'NONE', #268, #1619, #6536 ) ;
#5008 = DIRECTION ( 'NONE',  ( 6.982962677686266711E-15, 0.000000000000000000, -1.000000000000000000 ) ) ;
#5009 = VERTEX_POINT ( 'NONE', #5082 ) ;
#5010 = CARTESIAN_POINT ( 'NONE',  ( 2.859852366251121047, 12.03794717056182151, 16.50480700702356174 ) ) ;
#5011 = ORIENTED_EDGE ( 'NONE', *, *, #6318, .F. ) ;
#5012 = ADVANCED_FACE ( 'NONE', ( #3062 ), #928, .T. ) ;
#5013 = CARTESIAN_POINT ( 'NONE',  ( 2.426874995234125532, 1.051005472321430156, 12.68561058092971194 ) ) ;
#5014 = VECTOR ( 'NONE', #5158, 1000.000000000000000 ) ;
#5015 = EDGE_CURVE ( 'NONE', #3769, #410, #7463, .T. ) ;
#5016 = DIRECTION ( 'NONE',  ( 6.938893903907229955E-15, 0.000000000000000000, -1.000000000000000000 ) ) ;
#5017 = CARTESIAN_POINT ( 'NONE',  ( -6.753006034647576428, 0.9690193372964414076, 6.212536955777475889 ) ) ;
#5018 = CARTESIAN_POINT ( 'NONE',  ( -4.490128060534689602, 11.40012806053457695, 16.20078915111944795 ) ) ;
#5019 = CARTESIAN_POINT ( 'NONE',  ( -5.370600019917843585E-14, 12.76899452767857213, 7.639628438072552541 ) ) ;
#5020 = CARTESIAN_POINT ( 'NONE',  ( 2.426874995234152621, 12.76899452767857390, 8.263289152358286316 ) ) ;
#5021 = CARTESIAN_POINT ( 'NONE',  ( -5.858994527678650144, 6.910000000000000142, 11.26819986664393980 ) ) ;
#5022 = CIRCLE ( 'NONE', #2247, 0.1000000000000011297 ) ;
#5023 = ORIENTED_EDGE ( 'NONE', *, *, #330, .F. ) ;
#5024 = DIRECTION ( 'NONE',  ( 6.938893903907229955E-15, 0.000000000000000000, -1.000000000000000000 ) ) ;
#5025 = DIRECTION ( 'NONE',  ( -1.211350928885222147E-29, -1.000000000000000000, 1.734723475976805517E-15 ) ) ;
#5026 = VERTEX_POINT ( 'NONE', #2283 ) ;
#5027 = EDGE_CURVE ( 'NONE', #3934, #6231, #5851, .T. ) ;
#5028 = CARTESIAN_POINT ( 'NONE',  ( -6.780000000000022453, 0.2000000000000000944, 3.099999999999953015 ) ) ;
#5029 = EDGE_CURVE ( 'NONE', #1182, #8281, #3105, .T. ) ;
#5030 = CARTESIAN_POINT ( 'NONE',  ( -6.350000000000095568, 6.910000000000000142, 13.70614629645415405 ) ) ;
#5031 = CARTESIAN_POINT ( 'NONE',  ( 0.000000000000000000, 12.84999999999999964, 0.000000000000000000 ) ) ;
#5032 = PLANE ( 'NONE',  #2359 ) ;
#5033 = ORIENTED_EDGE ( 'NONE', *, *, #8776, .F. ) ;
#5034 = CARTESIAN_POINT ( 'NONE',  ( 6.349999999999941913, 4.279743878930847956, 8.546771293976664907 ) ) ;
#5035 = ORIENTED_EDGE ( 'NONE', *, *, #3640, .T. ) ;
#5036 = CARTESIAN_POINT ( 'NONE',  ( -0.8734668117871643434, 2.189864193208592713, 23.67572005077647646 ) ) ;
#5037 = ORIENTED_EDGE ( 'NONE', *, *, #6931, .T. ) ;
#5038 = EDGE_LOOP ( 'NONE', ( #3461, #7846, #5688, #5731, #1332 ) ) ;
#5039 = CARTESIAN_POINT ( 'NONE',  ( 0.000000000000000000, 0.6400000000000000133, 0.000000000000000000 ) ) ;
#5040 = DIRECTION ( 'NONE',  ( 6.982962677686266711E-15, 0.000000000000000000, -1.000000000000000000 ) ) ;
#5041 = CARTESIAN_POINT ( 'NONE',  ( 5.858994527678508923, 4.483125004765792454, 9.170432009501165993 ) ) ;
#5042 = CARTESIAN_POINT ( 'NONE',  ( 5.779999999999990479, 0.6400000000000000133, 4.925044421598571136E-14 ) ) ;
#5043 = CARTESIAN_POINT ( 'NONE',  ( 4.142934761456313453, 11.05293476145639175, 10.92802129521544074 ) ) ;
#5044 = CARTESIAN_POINT ( 'NONE',  ( -4.124999999999977796, 11.44999999999999751, -3.350000000000029843 ) ) ;
#5045 = EDGE_LOOP ( 'NONE', ( #8585, #1526, #6909, #8630 ) ) ;
#5046 = AXIS2_PLACEMENT_3D ( 'NONE', #3907, #7288, #1050 ) ;
#5047 = CARTESIAN_POINT ( 'NONE',  ( -3.380000000000011440, 0.6400000000000000133, 1.799999999999976286 ) ) ;
#5048 = CARTESIAN_POINT ( 'NONE',  ( -1.432205645193453466E-13, 6.910000000000000142, 20.51000000000000156 ) ) ;
#5049 = COLOUR_RGB ( '',0.8509803921568627194, 0.8509803921568627194, 0.8509803921568627194 ) ;
#5050 = EDGE_CURVE ( 'NONE', #8175, #2722, #2176, .T. ) ;
#5051 = CARTESIAN_POINT ( 'NONE',  ( -4.490128060534696708, 11.40012806053457695, 17.10793200826230276 ) ) ;
#5052 = AXIS2_PLACEMENT_3D ( 'NONE', #8859, #4678, #4719 ) ;
#5053 = CARTESIAN_POINT ( 'NONE',  ( -5.732758175035407417E-14, 0.5600000000000006084, 8.376682008262335444 ) ) ;
#5054 = ORIENTED_EDGE ( 'NONE', *, *, #4620, .F. ) ;
#5055 = ADVANCED_FACE ( 'NONE', ( #6383 ), #5032, .F. ) ;
#5056 = CARTESIAN_POINT ( 'NONE',  ( 6.350000000000068034, 6.910000000000001030, -9.851725008082778956 ) ) ;
#5057 = AXIS2_PLACEMENT_3D ( 'NONE', #4690, #1185, #8062 ) ;
#5058 = LINE ( 'NONE', #3535, #4655 ) ;
#5059 = ORIENTED_EDGE ( 'NONE', *, *, #7562, .F. ) ;
#5060 = CARTESIAN_POINT ( 'NONE',  ( 6.349999999999939249, 6.910000000000001030, 8.716860582168530769 ) ) ;
#5061 = EDGE_CURVE ( 'NONE', #8310, #7483, #8760, .T. ) ;
#5062 = CARTESIAN_POINT ( 'NONE',  ( 5.858994527678487607, 9.336874995234211383, 12.00525343807259482 ) ) ;
#5063 = TOROIDAL_SURFACE ( 'NONE', #6071, 0.5000000000000065503, 0.3499999999999998668 ) ;
#5064 = EDGE_CURVE ( 'NONE', #2476, #5320, #6613, .T. ) ;
#5065 = CYLINDRICAL_SURFACE ( 'NONE', #5071, 4.799999999999999822 ) ;
#5066 = CYLINDRICAL_SURFACE ( 'NONE', #915, 6.349999999999999645 ) ;
#5067 = ADVANCED_FACE ( 'NONE', ( #7307 ), #3158, .F. ) ;
#5068 = CARTESIAN_POINT ( 'NONE',  ( 6.579999999999958327, 0.2000000000000000111, 6.100000000000046718 ) ) ;
#5069 = CARTESIAN_POINT ( 'NONE',  ( 2.426874995234138854, 12.76899452767857390, 10.30436058092971230 ) ) ;
#5070 = CARTESIAN_POINT ( 'NONE',  ( -2.426874995234269861, 12.76899452767857390, 8.376682009501108084 ) ) ;
#5071 = AXIS2_PLACEMENT_3D ( 'NONE', #89, #3500, #2895 ) ;
#5072 = CARTESIAN_POINT ( 'NONE',  ( 0.000000000000000000, 0.6400000000000000133, 0.000000000000000000 ) ) ;
#5073 = CARTESIAN_POINT ( 'NONE',  ( 2.426874995234127308, 12.76899452767857390, 11.89186058092971265 ) ) ;
#5074 = VERTEX_POINT ( 'NONE', #1073 ) ;
#5075 = CARTESIAN_POINT ( 'NONE',  ( 5.780000000000044658, 2.240000000000000657, -6.349999999999962341 ) ) ;
#5076 = CARTESIAN_POINT ( 'NONE',  ( 4.125000000000043521, 1.740000000000000213, -6.149999999999973710 ) ) ;
#5077 = ORIENTED_EDGE ( 'NONE', *, *, #8461, .F. ) ;
#5078 =( NAMED_UNIT ( * ) SI_UNIT ( $, .STERADIAN. ) SOLID_ANGLE_UNIT ( ) );
#5079 = CARTESIAN_POINT ( 'NONE',  ( -6.350000000000094680, 9.540256121069157658, 13.64944986788272629 ) ) ;
#5080 = CARTESIAN_POINT ( 'NONE',  ( 0.6933897509435279494, 0.8411773518974894337, 7.750000000000010658 ) ) ;
#5081 = AXIS2_PLACEMENT_3D ( 'NONE', #6216, #3522, #2110 ) ;
#5082 = CARTESIAN_POINT ( 'NONE',  ( -0.5500000000001432632, 6.910000000000000142, 20.50999999999999801 ) ) ;
#5083 = ORIENTED_EDGE ( 'NONE', *, *, #4931, .T. ) ;
#5084 = CARTESIAN_POINT ( 'NONE',  ( 4.490128060534515519, 11.40012806053457695, 8.716860579690937527 ) ) ;
#5085 = ORIENTED_EDGE ( 'NONE', *, *, #1643, .F. ) ;
#5086 = CARTESIAN_POINT ( 'NONE',  ( -1.000051773442730996, 2.215333190390931684, 24.04954713255187926 ) ) ;
#5087 = ORIENTED_EDGE ( 'NONE', *, *, #2327, .T. ) ;
#5088 = ORIENTED_EDGE ( 'NONE', *, *, #7734, .F. ) ;
#5089 = CARTESIAN_POINT ( 'NONE',  ( 2.540000000000023572, 6.910000000000000142, -3.349999999999983658 ) ) ;
#5090 = CARTESIAN_POINT ( 'NONE',  ( -4.490128060534689602, 2.419871939465422450, 16.42757486540516254 ) ) ;
#5091 = CARTESIAN_POINT ( 'NONE',  ( 0.000000000000000000, -3.730000000000000426, -0.000000000000000000 ) ) ;
#5092 = CARTESIAN_POINT ( 'NONE',  ( 4.142934761456336545, 2.767065238543610306, 7.979807009501153736 ) ) ;
#5093 = DIRECTION ( 'NONE',  ( -6.982962677686266711E-15, -0.000000000000000000, 1.000000000000000000 ) ) ;
#5094 = EDGE_LOOP ( 'NONE', ( #5717, #1822, #8491, #5100 ) ) ;
#5095 = CARTESIAN_POINT ( 'NONE',  ( 5.876778975789094694, 6.910000000000001030, 16.49453915111951474 ) ) ;
#5096 = CYLINDRICAL_SURFACE ( 'NONE', #5343, 0.3500000000000004774 ) ;
#5097 = CARTESIAN_POINT ( 'NONE',  ( -5.858994527678626163, 9.336874995234211383, 7.809717723786797627 ) ) ;
#5098 = CARTESIAN_POINT ( 'NONE',  ( 6.349999999999922373, 4.279743878930847956, 11.26819986540523644 ) ) ;
#5099 = ORIENTED_EDGE ( 'NONE', *, *, #381, .F. ) ;
#5100 = ORIENTED_EDGE ( 'NONE', *, *, #2487, .F. ) ;
#5101 = FACE_OUTER_BOUND ( 'NONE', #5641, .T. ) ;
#5102 = VECTOR ( 'NONE', #4454, 1000.000000000000000 ) ;
#5103 = SURFACE_SIDE_STYLE ('',( #1628 ) ) ;
#5104 = ORIENTED_EDGE ( 'NONE', *, *, #5310, .F. ) ;
#5105 = CARTESIAN_POINT ( 'NONE',  ( 5.225996452205448506, 9.586958624712497823, 16.50480700702356884 ) ) ;
#5106 = EDGE_CURVE ( 'NONE', #7818, #5365, #393, .T. ) ;
#5107 = CARTESIAN_POINT ( 'NONE',  ( -5.858994527678644815, 9.336874995234211383, 10.53114629521537005 ) ) ;
#5108 = LINE ( 'NONE', #6455, #4324 ) ;
#5109 = DIRECTION ( 'NONE',  ( -1.000000000000000000, 0.000000000000000000, -6.505213034913023449E-15 ) ) ;
#5110 = CARTESIAN_POINT ( 'NONE',  ( 0.000000000000000000, 0.000000000000000000, 0.000000000000000000 ) ) ;
#5111 = EDGE_CURVE ( 'NONE', #4965, #5646, #4612, .T. ) ;
#5112 = CARTESIAN_POINT ( 'NONE',  ( -5.858994527678638597, 4.483125004765785349, 9.737396295215367203 ) ) ;
#5113 = AXIS2_PLACEMENT_3D ( 'NONE', #4078, #6864, #2752 ) ;
#5114 = CARTESIAN_POINT ( 'NONE',  ( -2.426874995234295174, 12.76899452767857390, 12.00525343807253442 ) ) ;
#5115 = APPLICATION_CONTEXT ( 'automotive_design' ) ;
#5116 = UNCERTAINTY_MEASURE_WITH_UNIT (LENGTH_MEASURE( 1.000000000000000082E-05 ), #6934, 'distance_accuracy_value', 'NONE');
#5117 = ORIENTED_EDGE ( 'NONE', *, *, #1696, .T. ) ;
#5118 = ADVANCED_FACE ( 'NONE', ( #2789 ), #40, .F. ) ;
#5119 = DIRECTION ( 'NONE',  ( -0.000000000000000000, 1.000000000000000000, 0.000000000000000000 ) ) ;
#5120 = ORIENTED_EDGE ( 'NONE', *, *, #1637, .T. ) ;
#5121 = EDGE_CURVE ( 'NONE', #6313, #7213, #7033, .T. ) ;
#5122 = CIRCLE ( 'NONE', #3508, 4.799999999999999822 ) ;
#5123 = CARTESIAN_POINT ( 'NONE',  ( 4.490128060534479992, 2.419871939465424227, 14.04632486788280055 ) ) ;
#5124 = CARTESIAN_POINT ( 'NONE',  ( 5.779999999999925642, 0.6400000000000000133, 7.750000000000039968 ) ) ;
#5125 = CARTESIAN_POINT ( 'NONE',  ( 4.124999999999998224, 0.8400000000000000799, 2.880472104545584071E-14 ) ) ;
#5126 = ORIENTED_EDGE ( 'NONE', *, *, #1944, .T. ) ;
#5127 = EDGE_CURVE ( 'NONE', #3068, #3818, #668, .T. ) ;
#5128 = CARTESIAN_POINT ( 'NONE',  ( -6.580000000000024052, 2.000000000000000000, 3.299999999999954525 ) ) ;
#5129 = CIRCLE ( 'NONE', #1479, 6.349999999999999645 ) ;
#5130 = CARTESIAN_POINT ( 'NONE',  ( -0.6141213165503728311, 2.148521361221693571, 23.37992744567662129 ) ) ;
#5131 = ORIENTED_EDGE ( 'NONE', *, *, #3, .F. ) ;
#5132 = ORIENTED_EDGE ( 'NONE', *, *, #3780, .F. ) ;
#5133 = CARTESIAN_POINT ( 'NONE',  ( 1.250000000000023981, 6.910000000000000142, -3.349999999999992539 ) ) ;
#5134 = FACE_OUTER_BOUND ( 'NONE', #3556, .T. ) ;
#5135 = CARTESIAN_POINT ( 'NONE',  ( -5.858994527678626163, 9.336874995234211383, 7.809717723786797627 ) ) ;
#5136 = CARTESIAN_POINT ( 'NONE',  ( 3.379999999999984794, 0.2000000000000000944, 2.000000000000023537 ) ) ;
#5137 = CARTESIAN_POINT ( 'NONE',  ( -5.858994527678625275, 6.910000000000000142, 7.639628438072512573 ) ) ;
#5138 = CARTESIAN_POINT ( 'NONE',  ( 5.780000000000026006, 11.34999999999999964, -3.549999999999961187 ) ) ;
#5139 = VECTOR ( 'NONE', #2074, 1000.000000000000000 ) ;
#5140 = VERTEX_POINT ( 'NONE', #5682 ) ;
#5141 = DIRECTION ( 'NONE',  ( 1.000000000000000000, 1.500625844270594406E-16, 6.747905296117593928E-15 ) ) ;
#5142 = DIRECTION ( 'NONE',  ( 6.505213034913037648E-15, 0.000000000000000000, -1.000000000000000000 ) ) ;
#5143 = CARTESIAN_POINT ( 'NONE',  ( 2.630256121069035391, 13.25999999999999979, 16.93784272254806567 ) ) ;
#5144 = CARTESIAN_POINT ( 'NONE',  ( -6.350000000000062705, 6.910000000000000142, 9.057039151119434806 ) ) ;
#5145 = ORIENTED_EDGE ( 'NONE', *, *, #2487, .T. ) ;
#5146 = CARTESIAN_POINT ( 'NONE',  ( -6.350000000000057376, 9.540256121069159434, 8.206592725025585011 ) ) ;
#5147 = CARTESIAN_POINT ( 'NONE',  ( 2.244749429223585668, 12.84999999999999964, 11.61302750613134904 ) ) ;
#5148 = ORIENTED_EDGE ( 'NONE', *, *, #8714, .T. ) ;
#5149 = CARTESIAN_POINT ( 'NONE',  ( -3.579999999999976534, 0.2000000000000000944, -3.150000000000027001 ) ) ;
#5150 = ORIENTED_EDGE ( 'NONE', *, *, #2310, .F. ) ;
#5151 = SPHERICAL_SURFACE ( 'NONE', #8285, 0.2000000000000000111 ) ;
#5152 = ADVANCED_FACE ( 'NONE', ( #2834 ), #5589, .T. ) ;
#5153 = CARTESIAN_POINT ( 'NONE',  ( -4.142934761456452897, 2.767065238543608530, 8.886949866643952589 ) ) ;
#5154 = ORIENTED_EDGE ( 'NONE', *, *, #2952, .T. ) ;
#5155 = DIRECTION ( 'NONE',  ( 6.982962677686266711E-15, 0.000000000000000000, -1.000000000000000000 ) ) ;
#5156 = DIRECTION ( 'NONE',  ( -1.000000000000000000, 0.000000000000000000, -6.982962677686266711E-15 ) ) ;
#5157 = ADVANCED_FACE ( 'NONE', ( #6224 ), #8987, .T. ) ;
#5158 = DIRECTION ( 'NONE',  ( -1.727380818872965397E-16, 1.000000000000000000, -1.165620217608482838E-30 ) ) ;
#5159 = CARTESIAN_POINT ( 'NONE',  ( -2.426874995234277410, 12.76899452767857390, 9.510610580929679259 ) ) ;
#5160 = VECTOR ( 'NONE', #1588, 1000.000000000000000 ) ;
#5161 = FILL_AREA_STYLE_COLOUR ( '', #1404 ) ;
#5162 = CARTESIAN_POINT ( 'NONE',  ( 2.426874995234139742, 1.051005472321430156, 10.64453915235828241 ) ) ;
#5163 = ORIENTED_EDGE ( 'NONE', *, *, #290, .T. ) ;
#5164 = EDGE_CURVE ( 'NONE', #2465, #2360, #7783, .T. ) ;
#5165 = VECTOR ( 'NONE', #3205, 1000.000000000000000 ) ;
#5166 = EDGE_CURVE ( 'NONE', #2360, #898, #8904, .T. ) ;
#5167 = CARTESIAN_POINT ( 'NONE',  ( 6.780000000000038440, 0.000000000000000000, -5.449999999999955769 ) ) ;
#5168 = CARTESIAN_POINT ( 'NONE',  ( -5.779999999999956728, 2.240000000000000657, -6.150000000000042100 ) ) ;
#5169 = ORIENTED_EDGE ( 'NONE', *, *, #7455, .F. ) ;
#5170 = EDGE_CURVE ( 'NONE', #1810, #5313, #3986, .T. ) ;
#5171 = CARTESIAN_POINT ( 'NONE',  ( -6.445394457175794245E-14, 0.5600000000000006084, 9.397217725025626578 ) ) ;
#5172 = CARTESIAN_POINT ( 'NONE',  ( 6.349999999999907274, 9.540256121069157658, 13.30927129645424323 ) ) ;
#5173 = CARTESIAN_POINT ( 'NONE',  ( 2.199633243471174960E-14, 0.000000000000000000, -3.150000000000001243 ) ) ;
#5174 = CARTESIAN_POINT ( 'NONE',  ( -5.518957815920421339, 8.914557562899908305, 7.749999999999957367 ) ) ;
#5175 = ORIENTED_EDGE ( 'NONE', *, *, #2375, .T. ) ;
#5176 = ORIENTED_EDGE ( 'NONE', *, *, #1881, .F. ) ;
#5177 = LINE ( 'NONE', #5266, #4724 ) ;
#5178 = DIRECTION ( 'NONE',  ( 6.982962677686266711E-15, 0.000000000000000000, -1.000000000000000000 ) ) ;
#5179 = EDGE_LOOP ( 'NONE', ( #4166, #1161, #6291, #7688, #5573, #8345, #3019, #4396, #3832, #2021, #1610, #2699, #2684, #5724, #502, #5037, #6885, #2662, #2125, #2768, #8145, #1760, #8383, #106, #7167, #8826, #8405, #8549, #6092, #6344, #6905, #6180, #440, #1370, #7869, #4668, #8095, #4548, #998, #1911, #148, #6619, #159 ) ) ;
#5180 = ORIENTED_EDGE ( 'NONE', *, *, #4833, .T. ) ;
#5181 = EDGE_CURVE ( 'NONE', #843, #340, #4120, .T. ) ;
#5182 = CARTESIAN_POINT ( 'NONE',  ( -4.124999999999976019, 2.140000000000000568, -3.350000000000029843 ) ) ;
#5183 = DIRECTION ( 'NONE',  ( -6.982962677686266711E-15, 0.000000000000000000, 1.000000000000000000 ) ) ;
#5184 = CARTESIAN_POINT ( 'NONE',  ( 2.630256121069054487, 0.5600000000000022737, 14.78337843683378239 ) ) ;
#5185 = CARTESIAN_POINT ( 'NONE',  ( 0.000000000000000000, 12.84999999999999964, 0.000000000000000000 ) ) ;
#5186 = CARTESIAN_POINT ( 'NONE',  ( 4.142934761456339210, 11.05293476145639175, 7.299449866644010854 ) ) ;
#5187 = CARTESIAN_POINT ( 'NONE',  ( -5.879999999999977689, 11.34999999999999964, -3.350000000000042721 ) ) ;
#5188 = ORIENTED_EDGE ( 'NONE', *, *, #1360, .F. ) ;
#5189 = LINE ( 'NONE', #3758, #8341 ) ;
#5190 = CARTESIAN_POINT ( 'NONE',  ( -4.490128060534633647, 2.419871939465422450, 8.376682010739882500 ) ) ;
#5191 = CARTESIAN_POINT ( 'NONE',  ( -1.000574238311998859E-13, 13.26000000000000156, 14.27311057969090591 ) ) ;
#5192 = CARTESIAN_POINT ( 'NONE',  ( -1.619875393596103539E-13, 2.110000000000001208, 23.17999999999999972 ) ) ;
#5193 = EDGE_LOOP ( 'NONE', ( #1406, #7645, #1484, #5441 ) ) ;
#5194 = DIRECTION ( 'NONE',  ( 6.505213034913023449E-15, 0.000000000000000000, -1.000000000000000000 ) ) ;
#5195 = CYLINDRICAL_SURFACE ( 'NONE', #4003, 1.599999999999999867 ) ;
#5196 = ORIENTED_EDGE ( 'NONE', *, *, #2312, .F. ) ;
#5197 = DIRECTION ( 'NONE',  ( 6.982962677686266711E-15, 0.000000000000000000, -1.000000000000000000 ) ) ;
#5198 = DIRECTION ( 'NONE',  ( -1.000000000000000000, 0.000000000000000000, -7.434529182757747170E-15 ) ) ;
#5199 = AXIS2_PLACEMENT_3D ( 'NONE', #1112, #5800, #7849 ) ;
#5200 = ORIENTED_EDGE ( 'NONE', *, *, #4727, .T. ) ;
#5201 = CARTESIAN_POINT ( 'NONE',  ( -4.142934761456452009, 11.05293476145639175, 8.660164152358237999 ) ) ;
#5202 = AXIS2_PLACEMENT_3D ( 'NONE', #2480, #8627, #2389 ) ;
#5203 = VECTOR ( 'NONE', #466, 1000.000000000000000 ) ;
#5204 =( BOUNDED_CURVE ( )  B_SPLINE_CURVE ( 2, ( #4509, #3229, #8780, #8644, #7975 ),
 .UNSPECIFIED., .F., .T. ) 
 B_SPLINE_CURVE_WITH_KNOTS ( ( 3, 2, 3 ),
 ( 0.7552335352048472616, 0.7613636363636363535, 0.7727272727272725961 ),
 .UNSPECIFIED. ) 
 CURVE ( )  GEOMETRIC_REPRESENTATION_ITEM ( )  RATIONAL_B_SPLINE_CURVE ( ( 0.9621766860142484390, 0.9589368973955085806, 1.000000000000000000, 0.9238795325112875156, 0.9999999999999992228 ) ) 
 REPRESENTATION_ITEM ( '' )  );
#5205 = CARTESIAN_POINT ( 'NONE',  ( -3.523501616404782322, 12.36675450466445270, 11.74900103649616945 ) ) ;
#5206 = CARTESIAN_POINT ( 'NONE',  ( 4.125000000000039968, 12.95000000000000107, -6.349999999999973888 ) ) ;
#5207 = DIRECTION ( 'NONE',  ( 1.000000000000000000, 0.000000000000000000, 6.865433986901930319E-15 ) ) ;
#5208 = CARTESIAN_POINT ( 'NONE',  ( -6.579999999999962768, 0.2000000000000000944, -5.450000000000049027 ) ) ;
#5209 = AXIS2_PLACEMENT_3D ( 'NONE', #3770, #327, #3088 ) ;
#5210 = DIRECTION ( 'NONE',  ( -8.673617379884051249E-15, 0.000000000000000000, 1.000000000000000000 ) ) ;
#5211 = UNCERTAINTY_MEASURE_WITH_UNIT (LENGTH_MEASURE( 1.000000000000000082E-05 ), #2368, 'distance_accuracy_value', 'NONE');
#5212 = ORIENTED_EDGE ( 'NONE', *, *, #687, .F. ) ;
#5213 = PLANE ( 'NONE',  #8887 ) ;
#5214 = LINE ( 'NONE', #3835, #1882 ) ;
#5215 = ORIENTED_EDGE ( 'NONE', *, *, #6824, .T. ) ;
#5216 = CARTESIAN_POINT ( 'NONE',  ( -0.7430714330484039509, 12.85000000000000142, 11.91951781362982565 ) ) ;
#5217 = EDGE_CURVE ( 'NONE', #8730, #5938, #5586, .T. ) ;
#5218 = CARTESIAN_POINT ( 'NONE',  ( 4.490128060534520849, 11.40012806053457695, 7.923110582168515492 ) ) ;
#5219 = CARTESIAN_POINT ( 'NONE',  ( 5.858994527678471620, 4.483125004765792454, 14.38650343807259446 ) ) ;
#5220 = EDGE_LOOP ( 'NONE', ( #2980, #6977, #654, #7253 ) ) ;
#5221 = CARTESIAN_POINT ( 'NONE',  ( -5.530794436051589713, 4.967201809410267010, 7.749999999999963585 ) ) ;
#5222 = ORIENTED_EDGE ( 'NONE', *, *, #7491, .T. ) ;
#5223 = ADVANCED_FACE ( 'NONE', ( #629 ), #6901, .T. ) ;
#5224 = ORIENTED_EDGE ( 'NONE', *, *, #473, .T. ) ;
#5225 = DIRECTION ( 'NONE',  ( -1.000000000000000000, 0.000000000000000000, -7.434529182757734548E-15 ) ) ;
#5226 = DIRECTION ( 'NONE',  ( -0.000000000000000000, 1.000000000000000000, 0.000000000000000000 ) ) ;
#5227 = ORIENTED_EDGE ( 'NONE', *, *, #3245, .T. ) ;
#5228 = ORIENTED_EDGE ( 'NONE', *, *, #4895, .F. ) ;
#5229 = DIRECTION ( 'NONE',  ( -6.982962677686266711E-15, 0.000000000000000000, 1.000000000000000000 ) ) ;
#5230 = CARTESIAN_POINT ( 'NONE',  ( 2.630256121069054487, 13.25999999999999979, 14.21641415111949591 ) ) ;
#5231 = EDGE_CURVE ( 'NONE', #8380, #4644, #1229, .T. ) ;
#5232 = CARTESIAN_POINT ( 'NONE',  ( 5.780000000000043769, 11.65000000000000036, -6.149999999999963052 ) ) ;
#5233 = CARTESIAN_POINT ( 'NONE',  ( -4.142934761456450232, 11.05293476145639175, 8.433378438072525185 ) ) ;
#5234 = EDGE_CURVE ( 'NONE', #2574, #8850, #880, .T. ) ;
#5235 = CARTESIAN_POINT ( 'NONE',  ( -1.152887138086002546E-13, 6.910000000000000142, 16.51000000000000156 ) ) ;
#5236 = EDGE_LOOP ( 'NONE', ( #2083, #658, #4372, #2470 ) ) ;
#5237 = ORIENTED_EDGE ( 'NONE', *, *, #1877, .T. ) ;
#5238 = CARTESIAN_POINT ( 'NONE',  ( -1.249999999999976907, 6.910000000000000142, -3.350000000000010303 ) ) ;
#5239 = DIRECTION ( 'NONE',  ( -1.000000000000000000, -0.000000000000000000, -6.982962677686266711E-15 ) ) ;
#5240 = CARTESIAN_POINT ( 'NONE',  ( -6.350000000000093792, 9.540256121069157658, 13.53605700826229175 ) ) ;
#5241 = CARTESIAN_POINT ( 'NONE',  ( -1.810649017333000099, 12.84999999999999609, 7.877090390059328762 ) ) ;
#5242 = VERTEX_POINT ( 'NONE', #2254 ) ;
#5243 = DIRECTION ( 'NONE',  ( 8.673617379884030739E-15, 0.000000000000000000, -1.000000000000000000 ) ) ;
#5244 = AXIS2_PLACEMENT_3D ( 'NONE', #3700, #7169, #120 ) ;
#5245 = CARTESIAN_POINT ( 'NONE',  ( -2.426874995234312049, 1.051005472321430156, 14.38650343807253584 ) ) ;
#5246 =( NAMED_UNIT ( * ) SI_UNIT ( $, .STERADIAN. ) SOLID_ANGLE_UNIT ( ) );
#5247 = CONICAL_SURFACE ( 'NONE', #297, 0.9999999999999997780, 0.7853981633974465026 ) ;
#5248 = ORIENTED_EDGE ( 'NONE', *, *, #6560, .T. ) ;
#5249 = DIRECTION ( 'NONE',  ( 7.434529182757710882E-15, 0.000000000000000000, -1.000000000000000000 ) ) ;
#5250 = EDGE_CURVE ( 'NONE', #8622, #7922, #5189, .T. ) ;
#5251 = CARTESIAN_POINT ( 'NONE',  ( 4.142934761456328552, 2.767065238543610306, 9.113735580929725799 ) ) ;
#5252 = CIRCLE ( 'NONE', #3924, 4.000000000000000000 ) ;
#5253 = EDGE_CURVE ( 'NONE', #6032, #1091, #7767, .T. ) ;
#5254 = CARTESIAN_POINT ( 'NONE',  ( 5.780000000000038440, 2.240000000000000657, -5.649999999999962164 ) ) ;
#5255 = CYLINDRICAL_SURFACE ( 'NONE', #3400, 1.599999999999999867 ) ;
#5256 = CARTESIAN_POINT ( 'NONE',  ( -4.142934761456456449, 11.05293476145639175, 9.340521295215379993 ) ) ;
#5257 =( BOUNDED_CURVE ( )  B_SPLINE_CURVE ( 3, ( #1746, #8750, #5845, #4565 ),
 .UNSPECIFIED., .F., .T. ) 
 B_SPLINE_CURVE_WITH_KNOTS ( ( 4, 4 ),
 ( 7.155700759573558123E-15, 1.570796326794898112 ),
 .UNSPECIFIED. ) 
 CURVE ( )  GEOMETRIC_REPRESENTATION_ITEM ( )  RATIONAL_B_SPLINE_CURVE ( ( 1.000000000000000000, 0.8047378541243662697, 0.8047378541243662697, 1.000000000000000000 ) ) 
 REPRESENTATION_ITEM ( '' )  );
#5258 = SURFACE_SIDE_STYLE ('',( #385 ) ) ;
#5259 = CARTESIAN_POINT ( 'NONE',  ( -6.630454743716651222, 0.8834894138116223816, -5.650000000000049205 ) ) ;
#5260 = VECTOR ( 'NONE', #1311, 1000.000000000000000 ) ;
#5261 = CARTESIAN_POINT ( 'NONE',  ( -6.350000000000076028, 6.910000000000000142, 10.98471772502558252 ) ) ;
#5262 = CARTESIAN_POINT ( 'NONE',  ( 5.780000000000045546, 12.94999999999999929, -6.349999999999962341 ) ) ;
#5263 = ORIENTED_EDGE ( 'NONE', *, *, #6160, .T. ) ;
#5264 = CARTESIAN_POINT ( 'NONE',  ( 3.725000000000024514, 1.740000000000001545, -3.549999999999975397 ) ) ;
#5265 = ORIENTED_EDGE ( 'NONE', *, *, #6769, .T. ) ;
#5266 = CARTESIAN_POINT ( 'NONE',  ( 2.540000000000038227, 6.409999999999999254, -5.429999999999984617 ) ) ;
#5267 = CARTESIAN_POINT ( 'NONE',  ( 3.523501616404624226, 12.36675450466444914, 11.46775583964893741 ) ) ;
#5268 = ORIENTED_EDGE ( 'NONE', *, *, #1734, .T. ) ;
#5269 = ORIENTED_EDGE ( 'NONE', *, *, #3587, .T. ) ;
#5270 = CARTESIAN_POINT ( 'NONE',  ( -2.630256121069253883, 13.25999999999999979, 14.32980700826231590 ) ) ;
#5271 = UNCERTAINTY_MEASURE_WITH_UNIT (LENGTH_MEASURE( 1.000000000000000082E-05 ), #3598, 'distance_accuracy_value', 'NONE');
#5272 = CARTESIAN_POINT ( 'NONE',  ( 4.142934761456284143, 2.767065238543610306, 15.46373558092972367 ) ) ;
#5273 = EDGE_LOOP ( 'NONE', ( #7135, #5154, #3977, #8182 ) ) ;
#5274 = CARTESIAN_POINT ( 'NONE',  ( -6.079999999999975202, 11.34999999999999964, -3.550000000000043787 ) ) ;
#5275 = EDGE_LOOP ( 'NONE', ( #6762, #45, #1164, #5169 ) ) ;
#5276 = VERTEX_POINT ( 'NONE', #7227 ) ;
#5277 = DIRECTION ( 'NONE',  ( -1.000000000000000000, 0.000000000000000000, -6.982962677686266711E-15 ) ) ;
#5278 = DIRECTION ( 'NONE',  ( 0.000000000000000000, -1.000000000000000000, -0.000000000000000000 ) ) ;
#5279 = MECHANICAL_DESIGN_GEOMETRIC_PRESENTATION_REPRESENTATION (  '', ( #479 ), #1061 ) ;
#5280 = CARTESIAN_POINT ( 'NONE',  ( -2.630256121069260544, 13.25999999999999979, 15.23694986540517249 ) ) ;
#5281 = VECTOR ( 'NONE', #7618, 1000.000000000000000 ) ;
#5282 = ORIENTED_EDGE ( 'NONE', *, *, #4063, .T. ) ;
#5283 = ADVANCED_FACE ( 'NONE', ( #3806 ), #1040, .T. ) ;
#5284 = DIRECTION ( 'NONE',  ( 0.000000000000000000, 1.000000000000000000, 0.000000000000000000 ) ) ;
#5285 = CARTESIAN_POINT ( 'NONE',  ( 5.858994527678458297, 4.483125004765792454, 16.42757486664402222 ) ) ;
#5286 = CARTESIAN_POINT ( 'NONE',  ( 5.779999999999924754, 2.240000000000000657, 7.750000000000039968 ) ) ;
#5287 = VECTOR ( 'NONE', #975, 999.9999999999998863 ) ;
#5288 = CARTESIAN_POINT ( 'NONE',  ( 6.779999999999986926, 0.2000000000000000944, 2.000000000000047518 ) ) ;
#5289 = CARTESIAN_POINT ( 'NONE',  ( -4.000000000000036415, 6.910000000000001030, 5.196291501015211090 ) ) ;
#5290 = CARTESIAN_POINT ( 'NONE',  ( 1.501160829117854423, 12.85000000000000497, 13.17837810129251785 ) ) ;
#5291 = CARTESIAN_POINT ( 'NONE',  ( 5.858994527678516029, 4.483125004765792454, 8.263289152358307632 ) ) ;
#5292 = AXIS2_PLACEMENT_3D ( 'NONE', #4136, #4182, #1413 ) ;
#5293 = DIRECTION ( 'NONE',  ( -1.000000000000000000, 0.000000000000000000, -6.747905296117593928E-15 ) ) ;
#5294 = LINE ( 'NONE', #6697, #1820 ) ;
#5295 = EDGE_CURVE ( 'NONE', #6390, #3128, #6646, .T. ) ;
#5296 = CARTESIAN_POINT ( 'NONE',  ( -4.124999999999976019, 11.44999999999999751, -3.550000000000030020 ) ) ;
#5297 = DIRECTION ( 'NONE',  ( -1.000000000000000000, 7.921111762451173970E-17, -6.982962677686266711E-15 ) ) ;
#5298 = EDGE_CURVE ( 'NONE', #7441, #7758, #7131, .T. ) ;
#5299 = CARTESIAN_POINT ( 'NONE',  ( 4.142934761456323223, 2.767065238543610306, 9.794092723786867793 ) ) ;
#5300 = AXIS2_PLACEMENT_3D ( 'NONE', #7570, #12, #4099 ) ;
#5301 = CARTESIAN_POINT ( 'NONE',  ( 5.080000000000006288, -3.430000000000002380, -0.9999999999999642508 ) ) ;
#5302 = DIRECTION ( 'NONE',  ( -1.000000000000000000, 0.000000000000000000, -6.505213034913037648E-15 ) ) ;
#5303 = AXIS2_PLACEMENT_3D ( 'NONE', #5772, #6491, #3027 ) ;
#5304 = CARTESIAN_POINT ( 'NONE',  ( -6.579999999999962768, 0.2000000000000000111, -5.450000000000049027 ) ) ;
#5305 = CARTESIAN_POINT ( 'NONE',  ( -6.350000000000076028, 9.540256121069157658, 10.92802129645415121 ) ) ;
#5306 = VERTEX_POINT ( 'NONE', #5238 ) ;
#5307 = AXIS2_PLACEMENT_3D ( 'NONE', #3321, #1312, #6826 ) ;
#5308 = VERTEX_POINT ( 'NONE', #5047 ) ;
#5309 = CARTESIAN_POINT ( 'NONE',  ( -2.244749429223780179, 12.84999999999999787, 15.34569365820562048 ) ) ;
#5310 = EDGE_CURVE ( 'NONE', #7504, #3818, #6025, .T. ) ;
#5311 = CARTESIAN_POINT ( 'NONE',  ( 6.349999999999880629, 9.540256121069194961, 11.38159272254809551 ) ) ;
#5312 = ORIENTED_EDGE ( 'NONE', *, *, #1698, .F. ) ;
#5313 = VERTEX_POINT ( 'NONE', #7085 ) ;
#5314 = CARTESIAN_POINT ( 'NONE',  ( -4.490128060534670951, 2.419871939465422450, 13.70614629397658923 ) ) ;
#5315 = CARTESIAN_POINT ( 'NONE',  ( -2.244749429223745985, 12.84999999999999076, 7.975157941442328813 ) ) ;
#5316 = AXIS2_PLACEMENT_3D ( 'NONE', #2676, #2006, #4785 ) ;
#5317 = CARTESIAN_POINT ( 'NONE',  ( -4.142934761456476878, 11.05293476145639175, 12.28873558092966611 ) ) ;
#5318 = EDGE_CURVE ( 'NONE', #5938, #4495, #8913, .T. ) ;
#5319 = CARTESIAN_POINT ( 'NONE',  ( 3.787462470186627220E-14, -4.540000000000000036, -5.429999999999999716 ) ) ;
#5320 = VERTEX_POINT ( 'NONE', #851 ) ;
#5321 = CARTESIAN_POINT ( 'NONE',  ( -3.580000000000042704, 2.000000000000000000, 6.299999999999974953 ) ) ;
#5322 = CARTESIAN_POINT ( 'NONE',  ( 2.630256121069098008, 0.5600000000000023848, 8.546771296454219069 ) ) ;
#5323 = CARTESIAN_POINT ( 'NONE',  ( -2.630256121069257436, 0.5600000000000013856, 14.66998557969088601 ) ) ;
#5324 = CYLINDRICAL_SURFACE ( 'NONE', #2597, 6.349999999999999645 ) ;
#5325 = ORIENTED_EDGE ( 'NONE', *, *, #5015, .T. ) ;
#5326 = DIRECTION ( 'NONE',  ( -1.000000000000000000, 0.000000000000000000, -6.505213034913037648E-15 ) ) ;
#5327 = CARTESIAN_POINT ( 'NONE',  ( -6.350000000000083134, 6.910000000000000142, 11.89186058216843911 ) ) ;
#5328 = CARTESIAN_POINT ( 'NONE',  ( 5.858994527678457409, 6.910000000000001030, 16.25748558092973539 ) ) ;
#5329 = ORIENTED_EDGE ( 'NONE', *, *, #1222, .T. ) ;
#5330 = CARTESIAN_POINT ( 'NONE',  ( -6.350000000000095568, 6.910000000000000142, 13.70614629645415405 ) ) ;
#5331 = EDGE_CURVE ( 'NONE', #810, #2070, #4440, .T. ) ;
#5332 = CARTESIAN_POINT ( 'NONE',  ( -6.350000000000092903, 4.279743878930850620, 11.94855701073986687 ) ) ;
#5333 = CARTESIAN_POINT ( 'NONE',  ( 5.858994527678513364, 9.336874995234211383, 8.376682009501164927 ) ) ;
#5334 = EDGE_CURVE ( 'NONE', #2305, #5858, #7827, .T. ) ;
#5335 = CARTESIAN_POINT ( 'NONE',  ( 4.125000000000037303, 0.6399999999999999023, -5.649999999999974598 ) ) ;
#5336 = AXIS2_PLACEMENT_3D ( 'NONE', #4550, #7236, #3767 ) ;
#5337 = VECTOR ( 'NONE', #5664, 1000.000000000000000 ) ;
#5338 = EDGE_CURVE ( 'NONE', #8281, #6345, #7475, .T. ) ;
#5339 = CARTESIAN_POINT ( 'NONE',  ( -1.511834264964514229, 12.71106881236845965, 7.749999999999993783 ) ) ;
#5340 = CARTESIAN_POINT ( 'NONE',  ( 2.244749429223573234, 12.84999999999999964, 13.42731322041706044 ) ) ;
#5341 = CARTESIAN_POINT ( 'NONE',  ( -5.858994527678623498, 4.483125004765785349, 7.696324866643940332 ) ) ;
#5342 = AXIS2_PLACEMENT_3D ( 'NONE', #4629, #8680, #3073 ) ;
#5343 = AXIS2_PLACEMENT_3D ( 'NONE', #5727, #1575, #6442 ) ;
#5344 = EDGE_CURVE ( 'NONE', #2449, #8617, #785, .T. ) ;
#5345 = CARTESIAN_POINT ( 'NONE',  ( 3.386383287779292317, 1.955792404045826327, 16.42471806259930744 ) ) ;
#5346 =( GEOMETRIC_REPRESENTATION_CONTEXT ( 3 ) GLOBAL_UNCERTAINTY_ASSIGNED_CONTEXT ( ( #5211 ) ) GLOBAL_UNIT_ASSIGNED_CONTEXT ( ( #2368, #236, #382 ) ) REPRESENTATION_CONTEXT ( 'NONE', 'WORKASPACE' ) );
#5347 = CARTESIAN_POINT ( 'NONE',  ( -4.124999999999974243, 1.740000000000000213, -3.550000000000030020 ) ) ;
#5348 = B_SPLINE_CURVE_WITH_KNOTS ( 'NONE', 3,
 ( #2118, #3357, #8905, #4859, #3396, #8275 ),
 .UNSPECIFIED., .F., .F.,
 ( 4, 2, 4 ),
 ( 1.301042606982605128E-18, 0.002265709294126708098, 0.004531418588253414460 ),
 .UNSPECIFIED. ) ;
#5349 = CIRCLE ( 'NONE', #2430, 1.000000000000000888 ) ;
#5350 = AXIS2_PLACEMENT_3D ( 'NONE', #7328, #3859, #7372 ) ;
#5351 = CARTESIAN_POINT ( 'NONE',  ( -4.142934761456489312, 2.767065238543608530, 14.10302129521538106 ) ) ;
#5352 = CARTESIAN_POINT ( 'NONE',  ( 3.523501616404594916, 12.36675450466445625, 14.18918441107750894 ) ) ;
#5353 = CARTESIAN_POINT ( 'NONE',  ( -6.445394457175794245E-14, 0.5600000000000006084, 9.397217725025626578 ) ) ;
#5354 = ORIENTED_EDGE ( 'NONE', *, *, #4961, .T. ) ;
#5355 = ORIENTED_EDGE ( 'NONE', *, *, #6111, .F. ) ;
#5356 = CARTESIAN_POINT ( 'NONE',  ( 2.444036937190202815E-15, 6.910000000000000142, -0.3500000000000013656 ) ) ;
#5357 = AXIS2_PLACEMENT_3D ( 'NONE', #8138, #494, #8809 ) ;
#5358 = CARTESIAN_POINT ( 'NONE',  ( -5.080000000000000959, 0.000000000000000000, -3.671769155057995258E-14 ) ) ;
#5359 = ORIENTED_EDGE ( 'NONE', *, *, #6108, .T. ) ;
#5360 = ORIENTED_EDGE ( 'NONE', *, *, #1380, .T. ) ;
#5361 = CARTESIAN_POINT ( 'NONE',  ( -1.000574238311998859E-13, 13.26000000000000156, 14.27311057969090591 ) ) ;
#5362 = DIRECTION ( 'NONE',  ( 0.000000000000000000, 1.000000000000000000, 0.000000000000000000 ) ) ;
#5363 = CARTESIAN_POINT ( 'NONE',  ( 5.858994527678487607, 6.910000000000001030, 11.94855700950116528 ) ) ;
#5364 = DIRECTION ( 'NONE',  ( -6.982962677686266711E-15, -0.000000000000000000, 1.000000000000000000 ) ) ;
#5365 = VERTEX_POINT ( 'NONE', #3077 ) ;
#5366 = DIRECTION ( 'NONE',  ( -1.000000000000000000, 0.000000000000000000, -7.228014483236677820E-15 ) ) ;
#5367 = DIRECTION ( 'NONE',  ( -0.000000000000000000, -1.000000000000000000, -0.000000000000000000 ) ) ;
#5368 = AXIS2_PLACEMENT_3D ( 'NONE', #1110, #6659, #433 ) ;
#5369 = CARTESIAN_POINT ( 'NONE',  ( -6.350000000000106226, 9.540256121069157658, 15.35034272254800314 ) ) ;
#5370 = CARTESIAN_POINT ( 'NONE',  ( 0.1325010143858250389, 2.109999999999999876, 25.17999999999999261 ) ) ;
#5371 = ORIENTED_EDGE ( 'NONE', *, *, #7511, .F. ) ;
#5372 = DIRECTION ( 'NONE',  ( -8.673617379884051249E-15, 0.000000000000000000, 1.000000000000000000 ) ) ;
#5373 = LINE ( 'NONE', #5456, #8385 ) ;
#5374 = CARTESIAN_POINT ( 'NONE',  ( 5.858994527678476949, 4.483125004765792454, 13.70614629521545069 ) ) ;
#5375 = DIRECTION ( 'NONE',  ( -1.000000000000000000, 0.000000000000000000, -6.982962677686266711E-15 ) ) ;
#5376 = CARTESIAN_POINT ( 'NONE',  ( 5.858994527678478725, 4.483125004765792454, 13.47936058092973788 ) ) ;
#5377 = VERTEX_POINT ( 'NONE', #2394 ) ;
#5378 = DIRECTION ( 'NONE',  ( 0.000000000000000000, 1.000000000000000000, -0.000000000000000000 ) ) ;
#5379 = CARTESIAN_POINT ( 'NONE',  ( -6.279999999999956728, 11.34999999999999964, -6.150000000000044764 ) ) ;
#5380 = DIRECTION ( 'NONE',  ( -1.000000000000000000, 0.000000000000000000, -8.520838099651520869E-15 ) ) ;
#5381 = VECTOR ( 'NONE', #2362, 1000.000000000000000 ) ;
#5382 = AXIS2_PLACEMENT_3D ( 'NONE', #5168, #6606, #4615 ) ;
#5383 = LINE ( 'NONE', #4603, #8295 ) ;
#5384 = CARTESIAN_POINT ( 'NONE',  ( 3.547345040264623994E-14, -4.540000000000000036, -5.080000000000000071 ) ) ;
#5385 = CARTESIAN_POINT ( 'NONE',  ( 5.012175115936419623, 10.18369440697631134, 7.497516986951109352 ) ) ;
#5386 = EDGE_CURVE ( 'NONE', #1200, #4810, #1086, .T. ) ;
#5387 = CARTESIAN_POINT ( 'NONE',  ( 5.012174646328695360, 10.18369487658403472, 7.270731288180636298 ) ) ;
#5388 = AXIS2_PLACEMENT_3D ( 'NONE', #5876, #7973, #7239 ) ;
#5389 = CARTESIAN_POINT ( 'NONE',  ( -3.853707428390917400, 2.102580301658056428, 16.33209867146583960 ) ) ;
#5390 = DIRECTION ( 'NONE',  ( -6.982962677686266711E-15, 0.000000000000000000, 1.000000000000000000 ) ) ;
#5391 = LINE ( 'NONE', #2632, #2646 ) ;
#5392 = CARTESIAN_POINT ( 'NONE',  ( 5.858994527678483166, 9.336874995234211383, 12.68561058092974037 ) ) ;
#5393 = CARTESIAN_POINT ( 'NONE',  ( 7.380000000000044302, 12.94999999999999929, -6.349999999999951683 ) ) ;
#5394 = CARTESIAN_POINT ( 'NONE',  ( -6.350000000000069811, 9.540256121069157658, 10.02087843931129640 ) ) ;
#5395 = ADVANCED_FACE ( 'NONE', ( #7280 ), #2926, .T. ) ;
#5396 = ORIENTED_EDGE ( 'NONE', *, *, #1583, .F. ) ;
#5397 = DIRECTION ( 'NONE',  ( -6.982962677686266711E-15, -0.000000000000000000, 1.000000000000000000 ) ) ;
#5398 = CYLINDRICAL_SURFACE ( 'NONE', #8061, 0.3499999999999996447 ) ;
#5399 = ORIENTED_EDGE ( 'NONE', *, *, #7040, .T. ) ;
#5400 = VERTEX_POINT ( 'NONE', #4351 ) ;
#5401 = B_SPLINE_CURVE_WITH_KNOTS ( 'NONE', 3,
 ( #7122, #4293, #8528, #5627, #3697, #841, #3608, #8392, #6388, #5086, #4946, #5036, #889, #5130, #4244, #933, #7901, #5672 ),
 .UNSPECIFIED., .F., .F.,
 ( 4, 2, 2, 2, 2, 2, 2, 2, 4 ),
 ( 7.166551576079009737E-19, 0.0003918822340149873736, 0.0007837644680299738799, 0.001175646702044960169, 0.001567528936059946676, 0.001959411170074933182, 0.002351293404089919905, 0.002743175638104906628, 0.003135057872119893351 ),
 .UNSPECIFIED. ) ;
#5402 = CARTESIAN_POINT ( 'NONE',  ( 6.349999999999914380, 9.540256121069157658, 12.28873557969095209 ) ) ;
#5403 = FILL_AREA_STYLE ('',( #532 ) ) ;
#5404 = CARTESIAN_POINT ( 'NONE',  ( -2.426874995234312049, 1.051005472321430156, 14.38650343807253584 ) ) ;
#5405 = CYLINDRICAL_SURFACE ( 'NONE', #5357, 6.349999999999999645 ) ;
#5406 = ORIENTED_EDGE ( 'NONE', *, *, #8114, .T. ) ;
#5407 = AXIS2_PLACEMENT_3D ( 'NONE', #276, #8451, #4263 ) ;
#5408 = CARTESIAN_POINT ( 'NONE',  ( -2.244749429223773962, 12.84999999999999964, 14.43855080106276212 ) ) ;
#5409 = FACE_OUTER_BOUND ( 'NONE', #3100, .T. ) ;
#5410 = EDGE_CURVE ( 'NONE', #3187, #4665, #6200, .T. ) ;
#5411 = CARTESIAN_POINT ( 'NONE',  ( -4.490128060534645194, 2.419871939465422450, 10.07757486540516112 ) ) ;
#5412 = CARTESIAN_POINT ( 'NONE',  ( -5.858994527678689224, 6.910000000000000142, 16.93784272378679745 ) ) ;
#5413 = EDGE_LOOP ( 'NONE', ( #2420, #4626, #3790, #1520, #2150 ) ) ;
#5414 = DIRECTION ( 'NONE',  ( 6.505213034913023449E-15, 0.000000000000000000, -1.000000000000000000 ) ) ;
#5415 = CARTESIAN_POINT ( 'NONE',  ( -3.523501616404761450, 12.36675450466444914, 8.120429607924739557 ) ) ;
#5416 = CARTESIAN_POINT ( 'NONE',  ( -5.858994527678689224, 6.910000000000000142, 16.93784272378679745 ) ) ;
#5417 = CARTESIAN_POINT ( 'NONE',  ( 0.7430714330482561802, 12.85000000000000142, 9.482953348229568036 ) ) ;
#5418 = CARTESIAN_POINT ( 'NONE',  ( -2.426874995234308052, 12.76899452767857390, 13.81953915235824937 ) ) ;
#5419 = ORIENTED_EDGE ( 'NONE', *, *, #8426, .F. ) ;
#5420 = CARTESIAN_POINT ( 'NONE',  ( -1.890986293117441076E-13, 2.110000000000000764, 27.07999999999999829 ) ) ;
#5421 = CARTESIAN_POINT ( 'NONE',  ( 2.199633243471174960E-14, 0.2000000000000000111, -3.150000000000001243 ) ) ;
#5422 = VECTOR ( 'NONE', #2100, 1000.000000000000000 ) ;
#5423 = LINE ( 'NONE', #553, #7746 ) ;
#5424 = EDGE_CURVE ( 'NONE', #7741, #4495, #5733, .T. ) ;
#5425 = CIRCLE ( 'NONE', #8752, 0.1999999999999996503 ) ;
#5426 = CARTESIAN_POINT ( 'NONE',  ( -2.630256121069257436, 0.5600000000000016076, 14.66998557969088601 ) ) ;
#5427 = DIRECTION ( 'NONE',  ( 1.000000000000000000, 0.000000000000000000, 9.251858538542970644E-15 ) ) ;
#5428 = DIRECTION ( 'NONE',  ( 0.000000000000000000, -1.000000000000000000, 0.000000000000000000 ) ) ;
#5429 = CARTESIAN_POINT ( 'NONE',  ( 5.796545349162977701, 7.763158186072878664, 16.50480700702359016 ) ) ;
#5430 = AXIS2_PLACEMENT_3D ( 'NONE', #6238, #5, #729 ) ;
#5431 = ADVANCED_FACE ( 'NONE', ( #5818 ), #1252, .F. ) ;
#5432 = CARTESIAN_POINT ( 'NONE',  ( 2.540000000000032454, 6.910000000000000142, -4.579999999999984084 ) ) ;
#5433 = DIRECTION ( 'NONE',  ( -8.673617379884051249E-15, 0.000000000000000000, 1.000000000000000000 ) ) ;
#5434 = DIRECTION ( 'NONE',  ( 0.000000000000000000, -1.000000000000000000, 0.000000000000000000 ) ) ;
#5435 = CARTESIAN_POINT ( 'NONE',  ( -2.426874995234300947, 12.76899452767857390, 12.91239629521539456 ) ) ;
#5436 = CARTESIAN_POINT ( 'NONE',  ( 4.799999999999884359, 6.910000000000001030, 16.51000000000003354 ) ) ;
#5437 = CARTESIAN_POINT ( 'NONE',  ( -5.858994527678675013, 6.910000000000000142, 14.89677129521536791 ) ) ;
#5438 = EDGE_CURVE ( 'NONE', #1091, #5140, #4717, .T. ) ;
#5439 = ADVANCED_FACE ( 'NONE', ( #6682 ), #5886, .T. ) ;
#5440 = ADVANCED_FACE ( 'NONE', ( #8183 ), #3218, .F. ) ;
#5441 = ORIENTED_EDGE ( 'NONE', *, *, #2158, .F. ) ;
#5442 = DIRECTION ( 'NONE',  ( -8.673617379884049672E-15, 0.000000000000000000, 1.000000000000000000 ) ) ;
#5443 = ORIENTED_EDGE ( 'NONE', *, *, #987, .T. ) ;
#5444 = AXIS2_PLACEMENT_3D ( 'NONE', #2897, #4225, #1496 ) ;
#5445 = CARTESIAN_POINT ( 'NONE',  ( -2.164718430082742996E-14, 0.6400000000000000133, 3.100000000000000533 ) ) ;
#5446 = ORIENTED_EDGE ( 'NONE', *, *, #7001, .T. ) ;
#5447 = AXIS2_PLACEMENT_3D ( 'NONE', #6107, #8910, #2588 ) ;
#5448 = LINE ( 'NONE', #2775, #177 ) ;
#5449 = CARTESIAN_POINT ( 'NONE',  ( -3.888183078856725761, 2.492671679801216289, 7.749999999999974243 ) ) ;
#5450 = ADVANCED_FACE ( 'NONE', ( #4589 ), #3987, .T. ) ;
#5451 = CARTESIAN_POINT ( 'NONE',  ( 2.630256121069086017, 0.5600000000000022737, 10.24766415111949769 ) ) ;
#5452 = CARTESIAN_POINT ( 'NONE',  ( -5.858994527678689224, 9.336874995234211383, 16.88114629521536614 ) ) ;
#5453 = ORIENTED_EDGE ( 'NONE', *, *, #3281, .T. ) ;
#5454 = EDGE_CURVE ( 'NONE', #4439, #8467, #247, .T. ) ;
#5455 = CARTESIAN_POINT ( 'NONE',  ( 2.244749429223566572, 12.84999999999999964, 14.33445607755991702 ) ) ;
#5456 = CARTESIAN_POINT ( 'NONE',  ( 2.244749429223739767, 12.84999999999999964, -9.851725008082809154 ) ) ;
#5457 = CARTESIAN_POINT ( 'NONE',  ( -5.858994527678664355, 6.910000000000000142, 13.30927129521536756 ) ) ;
#5458 = DIRECTION ( 'NONE',  ( 1.000000000000000000, 0.000000000000000000, 6.982962677686266711E-15 ) ) ;
#5459 = CARTESIAN_POINT ( 'NONE',  ( 4.142934761456301018, 11.05293476145639175, 12.74230700950115214 ) ) ;
#5460 = EDGE_LOOP ( 'NONE', ( #4360, #6996, #1641, #3343 ) ) ;
#5461 = CARTESIAN_POINT ( 'NONE',  ( -2.164718430082742996E-14, 0.6400000000000000133, 3.100000000000000533 ) ) ;
#5462 = CIRCLE ( 'NONE', #1518, 0.1999999999999996503 ) ;
#5463 = CARTESIAN_POINT ( 'NONE',  ( -3.380000000000011440, 0.2000000000000000944, 1.799999999999976286 ) ) ;
#5464 = CARTESIAN_POINT ( 'NONE',  ( 4.142934761456309900, 2.767065238543610306, 11.83516415235829733 ) ) ;
#5465 = CARTESIAN_POINT ( 'NONE',  ( -5.890476973395251115, 9.213786305096869356, 16.24087605776358600 ) ) ;
#5466 = DIRECTION ( 'NONE',  ( -1.000000000000000000, 0.000000000000000000, -6.505213034913023449E-15 ) ) ;
#5467 = CARTESIAN_POINT ( 'NONE',  ( 3.523501616404636660, 12.36675450466444914, 9.653470125363224241 ) ) ;
#5468 = CARTESIAN_POINT ( 'NONE',  ( -2.426874995234312049, 1.051005472321430156, 14.38650343807253584 ) ) ;
#5469 = CARTESIAN_POINT ( 'NONE',  ( -4.161652992599154999, 2.355854588476312017, 16.32754275275720701 ) ) ;
#5470 = DIRECTION ( 'NONE',  ( 6.982962677686266711E-15, 0.000000000000000000, -1.000000000000000000 ) ) ;
#5471 = LINE ( 'NONE', #2803, #4101 ) ;
#5472 = AXIS2_PLACEMENT_3D ( 'NONE', #8778, #6639, #5875 ) ;
#5473 = CARTESIAN_POINT ( 'NONE',  ( -2.426874995234304055, 1.051005472321430156, 13.25257486664396467 ) ) ;
#5474 = MECHANICAL_DESIGN_GEOMETRIC_PRESENTATION_REPRESENTATION (  '', ( #6483 ), #2553 ) ;
#5475 = DIRECTION ( 'NONE',  ( 6.982962677686266711E-15, 0.000000000000000000, -1.000000000000000000 ) ) ;
#5476 = CARTESIAN_POINT ( 'NONE',  ( 5.858994527678470732, 6.910000000000001030, 14.44319986664402222 ) ) ;
#5477 = AXIS2_PLACEMENT_3D ( 'NONE', #1131, #4590, #3759 ) ;
#5478 = ORIENTED_EDGE ( 'NONE', *, *, #8517, .F. ) ;
#5479 = EDGE_LOOP ( 'NONE', ( #4687, #5549, #7696, #8429 ) ) ;
#5480 = CARTESIAN_POINT ( 'NONE',  ( 2.244749429223613646, 12.85000000000000142, 7.871063217939485490 ) ) ;
#5481 = DIRECTION ( 'NONE',  ( -1.000000000000000000, 0.000000000000000000, -6.982962677686265922E-15 ) ) ;
#5482 = ORIENTED_EDGE ( 'NONE', *, *, #4261, .F. ) ;
#5483 = PRESENTATION_LAYER_ASSIGNMENT (  '', '', ( #7229 ) ) ;
#5484 =( BOUNDED_SURFACE ( )  B_SPLINE_SURFACE ( 1, 2, ( 
 ( #5412, #5452, #3431, #8186, #7536, #4801, #8302, #618, #5495, #2063, #6807, #7579, #8895, #8861, #6214, #6942, #4898, #5579, #4762, #583, #1257, #1433, #3385, #4109, #8976, #8348, #1382, #4065, #4155, #6253, #1946, #4847, #745, #2653, #6984, #3347, #2615, #6091, #8221, #4721, #4205, #1983, #704, #7629, #7495, #2108, #2691, #6847, #6171, #8936, #8261, #3474, #2020, #21, #2779, #8314, #2791, #2163, #4912, #1995, #7691, #2076, #7594, #4077, #4123, #2667, #1444, #8948, #760, #4215, #78, #4860, #1394, #3359, #4777, #7508, #1309, #2837, #5639, #4041, #8402, #2119, #3532, #6862, #6308, #4817, #6187, #2704, #8989, #670, #5464, #6993, #594, #7644, #5508, #6227, #8277, #4171, #2032, #2750, #3399, #1349, #1271, #5548, #3445, #6955, #632, #6904, #6820, #6144, #8907, #8358, #717, #3487, #5592, #8232, #7549, #6268, #37, #805, #2887, #4958, #318, #3760, #3573, #173, #6354, #2929, #2211, #3623, #270, #5003, #7785, #3031, #221, #127, #4353, #1576, #7133, #6539, #8541, #3079, #4307, #3714, #5820, #5684, #2977, #4259, #7086, #5774, #7038, #6398, #3667, #4399, #8494, #901, #948, #8448, #6445, #1531, #7737, #5097, #8587, #5869, #4442, #5729, #853, #2256, #8633 ),
 ( #7231, #2301, #5051, #7867, #1482, #5143, #7829, #1621, #7179, #6494, #2346, #7914, #1668, #996, #1216, #3303, #2491, #3856, #3989, #6090, #8051, #7282, #539, #2572, #6633, #8689, #6006, #3902, #3221, #6722, #2397, #8814, #5918, #5369, #8773, #5280, #8011, #1813, #6587, #8143, #415, #4679, #1903, #6765, #2530, #5323, #1042, #2444, #454, #1771, #5963, #7456, #5191, #7963, #3260, #6684, #3179, #500, #6046, #3808, #1723, #1134, #364, #3126, #4498, #5240, #4542, #7325, #8733, #1089, #4593, #7369, #8093, #1860, #4636, #7413, #1174, #3944, #1255, #8260, #5494, #2019, #1432, #3430, #6983, #8220, #7628, #4154, #6806, #4108, #8185, #1981, #657, #1945, #1294, #7578, #8301, #3384, #4800, #4845, #582, #1336, #2652, #2614, #8975, #703, #7678, #8347, #7535, #3346, #4031, #4204, #6170, #6889, #6213, #2107, #6941, #4064, #3473, #20, #4720, #2734, #3520, #5451, #744, #6132, #5411, #8860, #8894, #7494, #4761, #6846, #6252, #5533, #617, #4896, #2062, #8935, #2690, #1381, #2778, #5577, #931, #6429, #253, #7022, #3696, #7854, #2149, #2959, #5084, #3607, #2822, #5034, #5756, #839, #8476, #5805, #1607, #5625, #6474, #2239, #5671, #887, #8391, #204, #7816, #7769, #3649 ) ),
 .UNSPECIFIED., .F., .F., .F. ) 
 B_SPLINE_SURFACE_WITH_KNOTS ( ( 2, 2 ),
 ( 3, 2, 2, 2, 2, 2, 2, 2, 2, 2, 2, 2, 2, 2, 2, 2, 2, 2, 2, 2, 2, 2, 2, 2, 2, 2, 2, 2, 2, 2, 2, 2, 2, 2, 2, 2, 2, 2, 2, 2, 2, 2, 2, 2, 2, 2, 2, 2, 2, 2, 2, 2, 2, 2, 2, 2, 2, 2, 2, 2, 2, 2, 2, 2, 2, 2, 2, 2, 2, 2, 2, 2, 2, 2, 2, 2, 2, 2, 2, 2, 2, 2, 2, 2, 3 ),
 ( 0.000000000000000000, 1.000000000000000000 ),
 ( 0.000000000000000000, 0.01136363636363636395, 0.02272727272727272790, 0.03409090909090908839, 0.04545454545454545581, 0.05681818181818181629, 0.06818181818181817677, 0.07954545454545454419, 0.09090909090909091161, 0.1022727272727272790, 0.1136363636363636326, 0.1250000000000000000, 0.1363636363636363535, 0.1477272727272727348, 0.1590909090909090884, 0.1704545454545454419, 0.1818181818181818232, 0.1931818181818181768, 0.2045454545454545581, 0.2159090909090909116, 0.2272727272727272652, 0.2386363636363636465, 0.2500000000000000000, 0.2613636363636363535, 0.2727272727272727071, 0.2840909090909091161, 0.2954545454545454697, 0.3068181818181818232, 0.3181818181818181768, 0.3295454545454545303, 0.3409090909090908839, 0.3522727272727272929, 0.3636363636363636465, 0.3750000000000000000, 0.3863636363636363535, 0.3977272727272727071, 0.4090909090909091161, 0.4204545454545454697, 0.4318181818181818232, 0.4431818181818181768, 0.4545454545454545303, 0.4659090909090908839, 0.4772727272727272929, 0.4886363636363636465, 0.5000000000000000000, 0.5113636363636363535, 0.5227272727272727071, 0.5340909090909090606, 0.5454545454545454142, 0.5568181818181817677, 0.5681818181818182323, 0.5795454545454545858, 0.5909090909090909394, 0.6022727272727272929, 0.6136363636363636465, 0.6250000000000000000, 0.6363636363636363535, 0.6477272727272727071, 0.6590909090909090606, 0.6704545454545454142, 0.6818181818181817677, 0.6931818181818182323, 0.7045454545454545858, 0.7159090909090909394, 0.7272727272727272929, 0.7386363636363636465, 0.7500000000000000000, 0.7613636363636363535, 0.7727272727272727071, 0.7840909090909090606, 0.7954545454545454142, 0.8068181818181817677, 0.8181818181818182323, 0.8295454545454545858, 0.8409090909090909394, 0.8522727272727272929, 0.8636363636363636465, 0.8750000000000000000, 0.8863636363636363535, 0.8977272727272727071, 0.9090909090909090606, 0.9204545454545454142, 0.9318181818181817677, 0.9431818181818182323, 0.9491625207815661547 ),
 .UNSPECIFIED. ) 
 GEOMETRIC_REPRESENTATION_ITEM ( )  RATIONAL_B_SPLINE_SURFACE ( (
 ( 1.000000000000000000, 0.9238795325112867385, 1.000000000000000000, 0.9238795325112867385, 1.000000000000000000, 0.9238795325112867385, 1.000000000000000000, 0.9238795325112867385, 1.000000000000000000, 0.9238795325112867385, 1.000000000000000000, 0.9238795325112867385, 1.000000000000000000, 0.9238795325112867385, 1.000000000000000000, 0.9238795325112867385, 1.000000000000000000, 0.9238795325112867385, 1.000000000000000000, 0.9238795325112867385, 1.000000000000000000, 0.9238795325112867385, 1.000000000000000000, 0.9238795325112867385, 1.000000000000000000, 0.9238795325112867385, 1.000000000000000000, 0.9238795325112867385, 1.000000000000000000, 0.9238795325112867385, 1.000000000000000000, 0.9238795325112867385, 1.000000000000000000, 0.9238795325112867385, 1.000000000000000000, 0.9238795325112867385, 1.000000000000000000, 0.9238795325112867385, 1.000000000000000000, 0.9238795325112867385, 1.000000000000000000, 0.9238795325112867385, 1.000000000000000000, 0.9238795325112867385, 1.000000000000000000, 0.9238795325112867385, 1.000000000000000000, 0.9238795325112867385, 1.000000000000000000, 0.9238795325112867385, 1.000000000000000000, 0.9238795325112867385, 1.000000000000000000, 0.9238795325112867385, 1.000000000000000000, 0.9238795325112867385, 1.000000000000000000, 0.9238795325112867385, 1.000000000000000000, 0.9238795325112867385, 1.000000000000000000, 0.9238795325112867385, 1.000000000000000000, 0.9238795325112867385, 1.000000000000000000, 0.9238795325112867385, 1.000000000000000000, 0.9238795325112867385, 1.000000000000000000, 0.9238795325112867385, 1.000000000000000000, 0.9238795325112867385, 1.000000000000000000, 0.9238795325112867385, 1.000000000000000000, 0.9238795325112867385, 1.000000000000000000, 0.9238795325112867385, 1.000000000000000000, 0.9238795325112867385, 1.000000000000000000, 0.9238795325112867385, 1.000000000000000000, 0.9238795325112867385, 1.000000000000000000, 0.9238795325112867385, 1.000000000000000000, 0.9238795325112867385, 1.000000000000000000, 0.9238795325112867385, 1.000000000000000000, 0.9238795325112867385, 1.000000000000000000, 0.9238795325112867385, 1.000000000000000000, 0.9238795325112867385, 1.000000000000000000, 0.9238795325112867385, 1.000000000000000000, 0.9238795325112867385, 1.000000000000000000, 0.9238795325112867385, 1.000000000000000000, 0.9238795325112867385, 1.000000000000000000, 0.9238795325112867385, 1.000000000000000000, 0.9238795325112867385, 1.000000000000000000, 0.9238795325112867385, 1.000000000000000000, 0.9238795325112867385, 1.000000000000000000, 0.9238795325112867385, 1.000000000000000000, 0.9238795325112867385, 1.000000000000000000, 0.9238795325112867385, 1.000000000000000000, 0.9238795325112867385, 1.000000000000000000, 0.9238795325112867385, 1.000000000000000000, 0.9238795325112867385, 1.000000000000000000, 0.9238795325112867385, 1.000000000000000000, 0.9238795325112867385, 1.000000000000000000, 0.9238795325112867385, 1.000000000000000000, 0.9238795325112867385, 1.000000000000000000, 0.9238795325112867385, 1.000000000000000000, 0.9238795325112867385, 1.000000000000000000, 0.9238795325112867385, 1.000000000000000000, 0.9238795325112867385, 1.000000000000000000, 0.9238795325112867385, 1.000000000000000000, 0.9238795325112867385, 1.000000000000000000, 0.9238795325112867385, 1.000000000000000000, 0.9238795325112867385, 1.000000000000000000, 0.9238795325112867385, 1.000000000000000000, 0.9238795325112867385, 1.000000000000000000, 0.9238795325112867385, 1.000000000000000000, 0.9238795325112867385, 1.000000000000000000, 0.9238795325112867385, 1.000000000000000000, 0.9238795325112867385, 1.000000000000000000, 0.9238795325112867385, 1.000000000000000000, 0.9238795325112867385, 1.000000000000000000, 0.9238795325112867385, 1.000000000000000000, 0.9599376587532677529, 0.9620450844330878937),
 ( 1.000000000000000000, 0.9238795325112867385, 1.000000000000000000, 0.9238795325112867385, 1.000000000000000000, 0.9238795325112867385, 1.000000000000000000, 0.9238795325112867385, 1.000000000000000000, 0.9238795325112867385, 1.000000000000000000, 0.9238795325112867385, 1.000000000000000000, 0.9238795325112867385, 1.000000000000000000, 0.9238795325112867385, 1.000000000000000000, 0.9238795325112867385, 1.000000000000000000, 0.9238795325112867385, 1.000000000000000000, 0.9238795325112867385, 1.000000000000000000, 0.9238795325112867385, 1.000000000000000000, 0.9238795325112867385, 1.000000000000000000, 0.9238795325112867385, 1.000000000000000000, 0.9238795325112867385, 1.000000000000000000, 0.9238795325112867385, 1.000000000000000000, 0.9238795325112867385, 1.000000000000000000, 0.9238795325112867385, 1.000000000000000000, 0.9238795325112867385, 1.000000000000000000, 0.9238795325112867385, 1.000000000000000000, 0.9238795325112867385, 1.000000000000000000, 0.9238795325112867385, 1.000000000000000000, 0.9238795325112867385, 1.000000000000000000, 0.9238795325112867385, 1.000000000000000000, 0.9238795325112867385, 1.000000000000000000, 0.9238795325112867385, 1.000000000000000000, 0.9238795325112867385, 1.000000000000000000, 0.9238795325112867385, 1.000000000000000000, 0.9238795325112867385, 1.000000000000000000, 0.9238795325112867385, 1.000000000000000000, 0.9238795325112867385, 1.000000000000000000, 0.9238795325112867385, 1.000000000000000000, 0.9238795325112867385, 1.000000000000000000, 0.9238795325112867385, 1.000000000000000000, 0.9238795325112867385, 1.000000000000000000, 0.9238795325112867385, 1.000000000000000000, 0.9238795325112867385, 1.000000000000000000, 0.9238795325112867385, 1.000000000000000000, 0.9238795325112867385, 1.000000000000000000, 0.9238795325112867385, 1.000000000000000000, 0.9238795325112867385, 1.000000000000000000, 0.9238795325112867385, 1.000000000000000000, 0.9238795325112867385, 1.000000000000000000, 0.9238795325112867385, 1.000000000000000000, 0.9238795325112867385, 1.000000000000000000, 0.9238795325112867385, 1.000000000000000000, 0.9238795325112867385, 1.000000000000000000, 0.9238795325112867385, 1.000000000000000000, 0.9238795325112867385, 1.000000000000000000, 0.9238795325112867385, 1.000000000000000000, 0.9238795325112867385, 1.000000000000000000, 0.9238795325112867385, 1.000000000000000000, 0.9238795325112867385, 1.000000000000000000, 0.9238795325112867385, 1.000000000000000000, 0.9238795325112867385, 1.000000000000000000, 0.9238795325112867385, 1.000000000000000000, 0.9238795325112867385, 1.000000000000000000, 0.9238795325112867385, 1.000000000000000000, 0.9238795325112867385, 1.000000000000000000, 0.9238795325112867385, 1.000000000000000000, 0.9238795325112867385, 1.000000000000000000, 0.9238795325112867385, 1.000000000000000000, 0.9238795325112867385, 1.000000000000000000, 0.9238795325112867385, 1.000000000000000000, 0.9238795325112867385, 1.000000000000000000, 0.9238795325112867385, 1.000000000000000000, 0.9238795325112867385, 1.000000000000000000, 0.9238795325112867385, 1.000000000000000000, 0.9238795325112867385, 1.000000000000000000, 0.9238795325112867385, 1.000000000000000000, 0.9238795325112867385, 1.000000000000000000, 0.9238795325112867385, 1.000000000000000000, 0.9238795325112867385, 1.000000000000000000, 0.9238795325112867385, 1.000000000000000000, 0.9238795325112867385, 1.000000000000000000, 0.9238795325112867385, 1.000000000000000000, 0.9238795325112867385, 1.000000000000000000, 0.9238795325112867385, 1.000000000000000000, 0.9238795325112867385, 1.000000000000000000, 0.9238795325112867385, 1.000000000000000000, 0.9238795325112867385, 1.000000000000000000, 0.9238795325112867385, 1.000000000000000000, 0.9238795325112867385, 1.000000000000000000, 0.9599376587532677529, 0.9620450844330878937) ) ) 
 REPRESENTATION_ITEM ( '' )  SURFACE ( )  );
#5485 = SURFACE_SIDE_STYLE ('',( #3340 ) ) ;
#5486 = EDGE_CURVE ( 'NONE', #2557, #8337, #515, .T. ) ;
#5487 = CARTESIAN_POINT ( 'NONE',  ( -1.619875393596103539E-13, 2.110000000000001208, 23.17999999999999972 ) ) ;
#5488 = ORIENTED_EDGE ( 'NONE', *, *, #5966, .T. ) ;
#5489 = EDGE_CURVE ( 'NONE', #1374, #3065, #2528, .T. ) ;
#5490 = CARTESIAN_POINT ( 'NONE',  ( 2.630256121069040720, 13.25999999999999979, 16.14409272502564363 ) ) ;
#5491 = PLANE ( 'NONE',  #968 ) ;
#5492 = CIRCLE ( 'NONE', #5635, 0.5000000000000004441 ) ;
#5493 = AXIS2_PLACEMENT_3D ( 'NONE', #5089, #5762, #8351 ) ;
#5494 = CARTESIAN_POINT ( 'NONE',  ( -6.350000000000088463, 6.910000000000000142, 12.68561057969086114 ) ) ;
#5495 = CARTESIAN_POINT ( 'NONE',  ( 5.858994527678455633, 6.910000000000001030, 16.48427129521544998 ) ) ;
#5496 = VERTEX_POINT ( 'NONE', #3300 ) ;
#5497 = DIRECTION ( 'NONE',  ( -0.000000000000000000, 1.000000000000000000, 0.000000000000000000 ) ) ;
#5498 = FACE_OUTER_BOUND ( 'NONE', #855, .T. ) ;
#5499 = CARTESIAN_POINT ( 'NONE',  ( -2.426874995234296950, 12.76899452767857390, 12.23203915235824901 ) ) ;
#5500 = DIRECTION ( 'NONE',  ( 1.000000000000000000, 0.000000000000000000, 6.938893903907228378E-15 ) ) ;
#5501 = ADVANCED_FACE ( 'NONE', ( #8009 ), #579, .T. ) ;
#5502 = CARTESIAN_POINT ( 'NONE',  ( 4.142934761456304571, 2.767065238543610306, 12.51552129521543932 ) ) ;
#5503 = CIRCLE ( 'NONE', #3454, 0.3500000000000004774 ) ;
#5504 = EDGE_LOOP ( 'NONE', ( #7664, #8578, #4145, #5228 ) ) ;
#5505 = FACE_BOUND ( 'NONE', #4356, .T. ) ;
#5506 = CARTESIAN_POINT ( 'NONE',  ( 1.501160829117885953, 12.84999999999998543, 11.36409238700679758 ) ) ;
#5507 = CARTESIAN_POINT ( 'NONE',  ( -3.523501616404804970, 12.36675450466445625, 15.26417960544716124 ) ) ;
#5508 = CARTESIAN_POINT ( 'NONE',  ( -4.142934761456470660, 2.767065238543608530, 11.60837843807252412 ) ) ;
#5509 = CARTESIAN_POINT ( 'NONE',  ( -1.249999999999976907, 6.910000000000000142, -3.350000000000010303 ) ) ;
#5510 = EDGE_CURVE ( 'NONE', #3119, #8171, #1184, .T. ) ;
#5511 = CARTESIAN_POINT ( 'NONE',  ( 6.579999999999976978, 0.2000000000000000111, 3.300000000000046452 ) ) ;
#5512 = ORIENTED_EDGE ( 'NONE', *, *, #3011, .F. ) ;
#5513 = CARTESIAN_POINT ( 'NONE',  ( -6.350000000000062705, 6.910000000000000142, 9.057039151119434806 ) ) ;
#5514 = EDGE_LOOP ( 'NONE', ( #7298, #7200, #6121, #7396 ) ) ;
#5515 =( BOUNDED_CURVE ( )  B_SPLINE_CURVE ( 2, ( #7642, #4815, #4910, #7593, #4169 ),
 .UNSPECIFIED., .F., .T. ) 
 B_SPLINE_CURVE_WITH_KNOTS ( ( 3, 2, 3 ),
 ( 0.6363636363636363535, 0.6477272727272727071, 0.6538573738860617990 ),
 .UNSPECIFIED. ) 
 CURVE ( )  GEOMETRIC_REPRESENTATION_ITEM ( )  RATIONAL_B_SPLINE_CURVE ( ( 1.000000000000000000, 0.9238795325112867385, 1.000000000000000000, 0.9589368973955085806, 0.9621766860142485500 ) ) 
 REPRESENTATION_ITEM ( '' )  );
#5516 = CARTESIAN_POINT ( 'NONE',  ( 2.426874995234106880, 12.76899452767857390, 14.84007486664399700 ) ) ;
#5517 = CARTESIAN_POINT ( 'NONE',  ( -6.579999999999962768, 0.2000000000000000944, -5.450000000000049027 ) ) ;
#5518 = DIRECTION ( 'NONE',  ( -1.000000000000000000, 0.000000000000000000, -7.434529182757734548E-15 ) ) ;
#5519 = LINE ( 'NONE', #3457, #1794 ) ;
#5520 = VECTOR ( 'NONE', #5008, 1000.000000000000000 ) ;
#5521 = CARTESIAN_POINT ( 'NONE',  ( 2.426874995234127752, 12.76899452767857390, 11.89186058092971265 ) ) ;
#5522 = LINE ( 'NONE', #2096, #4452 ) ;
#5523 = CARTESIAN_POINT ( 'NONE',  ( 4.142934761456285031, 2.767065238543610306, 15.23694986664400908 ) ) ;
#5524 =( LENGTH_UNIT ( ) NAMED_UNIT ( * ) SI_UNIT ( .MILLI., .METRE. ) );
#5525 = CARTESIAN_POINT ( 'NONE',  ( -6.350000000000062705, 6.910000000000000142, 9.057039151119434806 ) ) ;
#5526 = EDGE_LOOP ( 'NONE', ( #2477, #5718, #3846, #7856, #4376, #1952, #807, #2015, #5212, #6604, #3802, #619, #5355, #2582, #2811, #6123 ) ) ;
#5527 = LINE ( 'NONE', #7530, #7959 ) ;
#5528 = LINE ( 'NONE', #2610, #2280 ) ;
#5529 = EDGE_CURVE ( 'NONE', #8850, #1296, #4718, .T. ) ;
#5530 = ORIENTED_EDGE ( 'NONE', *, *, #8430, .F. ) ;
#5531 = SURFACE_STYLE_USAGE ( .BOTH. , #2966 ) ;
#5532 = CYLINDRICAL_SURFACE ( 'NONE', #1988, 0.1999999999999996503 ) ;
#5533 = CARTESIAN_POINT ( 'NONE',  ( 2.630256121069085573, 13.25999999999999979, 9.680699865405211213 ) ) ;
#5534 = CARTESIAN_POINT ( 'NONE',  ( -6.579999999999961879, 0.8543593539448983698, -5.650000000000049205 ) ) ;
#5535 = ORIENTED_EDGE ( 'NONE', *, *, #2952, .F. ) ;
#5536 =( BOUNDED_CURVE ( )  B_SPLINE_CURVE ( 2, ( #1325, #7527, #8172, #1243, #2769 ),
 .UNSPECIFIED., .F., .F. ) 
 B_SPLINE_CURVE_WITH_KNOTS ( ( 3, 2, 3 ),
 ( 0.02796080793211994792, 0.03409090909090901900, 0.04545454545454526846 ),
 .UNSPECIFIED. ) 
 CURVE ( )  GEOMETRIC_REPRESENTATION_ITEM ( )  RATIONAL_B_SPLINE_CURVE ( ( 0.9621766860142484390, 0.9589368973955083586, 1.000000000000000000, 0.9238795325112879597, 0.9999999999999987788 ) ) 
 REPRESENTATION_ITEM ( '' )  );
#5537 = CYLINDRICAL_SURFACE ( 'NONE', #5637, 0.2000000000000005107 ) ;
#5538 = CARTESIAN_POINT ( 'NONE',  ( -4.142934761456477766, 2.767065238543608530, 12.51552129521538070 ) ) ;
#5539 = CARTESIAN_POINT ( 'NONE',  ( -0.7595038909412316075, 12.85000000000000675, 9.518797346811091131 ) ) ;
#5540 = CARTESIAN_POINT ( 'NONE',  ( 2.426874995234114873, 12.76899452767857390, 13.70614629521542582 ) ) ;
#5541 = AXIS2_PLACEMENT_3D ( 'NONE', #8950, #1352, #3491 ) ;
#5542 = EDGE_CURVE ( 'NONE', #4388, #6452, #8890, .T. ) ;
#5543 = VERTEX_POINT ( 'NONE', #497 ) ;
#5544 = LINE ( 'NONE', #6952, #831 ) ;
#5545 = DIRECTION ( 'NONE',  ( 1.000000000000000000, 0.000000000000000000, 6.505213034913037648E-15 ) ) ;
#5546 = ADVANCED_FACE ( 'NONE', ( #8811 ), #7322, .F. ) ;
#5547 = ADVANCED_FACE ( 'NONE', ( #411, #3176 ), #8343, .T. ) ;
#5548 = CARTESIAN_POINT ( 'NONE',  ( 5.858994527678492936, 9.336874995234211383, 11.09811058092973646 ) ) ;
#5549 = ORIENTED_EDGE ( 'NONE', *, *, #8993, .F. ) ;
#5550 = ORIENTED_EDGE ( 'NONE', *, *, #600, .F. ) ;
#5551 = CARTESIAN_POINT ( 'NONE',  ( -5.465892034083736029, 10.13351836788788418, 16.22903824673067419 ) ) ;
#5552 = FACE_OUTER_BOUND ( 'NONE', #3131, .T. ) ;
#5553 = ORIENTED_EDGE ( 'NONE', *, *, #7787, .T. ) ;
#5554 = DIRECTION ( 'NONE',  ( 6.982962677686266711E-15, 0.000000000000000000, -1.000000000000000000 ) ) ;
#5555 = ORIENTED_EDGE ( 'NONE', *, *, #7403, .T. ) ;
#5556 = CARTESIAN_POINT ( 'NONE',  ( -4.142934761456501747, 11.05293476145639175, 15.91730700950109600 ) ) ;
#5557 = DIRECTION ( 'NONE',  ( -8.673617379884051249E-15, 0.000000000000000000, 1.000000000000000000 ) ) ;
#5558 = CARTESIAN_POINT ( 'NONE',  ( -6.350000000000082245, 6.910000000000000142, 11.77846772254800456 ) ) ;
#5559 = CARTESIAN_POINT ( 'NONE',  ( -3.580000000000021831, 2.000000000000000000, 3.299999999999975397 ) ) ;
#5560 = EDGE_CURVE ( 'NONE', #483, #5912, #8784, .T. ) ;
#5561 = CARTESIAN_POINT ( 'NONE',  ( -4.142934761456483095, 11.05293476145639175, 13.19587843807252270 ) ) ;
#5562 = CARTESIAN_POINT ( 'NONE',  ( -5.845690873524714042E-14, 12.76899452767857213, 8.319985580929696312 ) ) ;
#5563 = CARTESIAN_POINT ( 'NONE',  ( 2.444036937190202815E-15, 6.910000000000000142, -0.3500000000000013656 ) ) ;
#5564 = CARTESIAN_POINT ( 'NONE',  ( -2.630256121069204145, 13.25999999999999979, 7.186057010739894224 ) ) ;
#5565 = ORIENTED_EDGE ( 'NONE', *, *, #7095, .F. ) ;
#5566 = LINE ( 'NONE', #4883, #5422 ) ;
#5567 = CARTESIAN_POINT ( 'NONE',  ( -6.350000000000060929, 4.279743878930841738, 9.113735579690862565 ) ) ;
#5568 = ORIENTED_EDGE ( 'NONE', *, *, #338, .T. ) ;
#5569 = VECTOR ( 'NONE', #6966, 1000.000000000000000 ) ;
#5570 = AXIS2_PLACEMENT_3D ( 'NONE', #3798, #6576, #5953 ) ;
#5571 = DIRECTION ( 'NONE',  ( 7.039652987358711629E-15, 0.000000000000000000, -1.000000000000000000 ) ) ;
#5572 = SURFACE_SIDE_STYLE ('',( #6293 ) ) ;
#5573 = ORIENTED_EDGE ( 'NONE', *, *, #8233, .T. ) ;
#5574 =( LENGTH_UNIT ( ) NAMED_UNIT ( * ) SI_UNIT ( .MILLI., .METRE. ) );
#5575 = DIRECTION ( 'NONE',  ( 6.982962677686266711E-15, 0.000000000000000000, -1.000000000000000000 ) ) ;
#5576 = ADVANCED_FACE ( 'NONE', ( #1635 ), #6411, .T. ) ;
#5577 = CARTESIAN_POINT ( 'NONE',  ( -2.630256121069219244, 0.5600000000000013856, 9.227128436833744729 ) ) ;
#5578 = AXIS2_PLACEMENT_3D ( 'NONE', #2770, #6122, #8885 ) ;
#5579 = CARTESIAN_POINT ( 'NONE',  ( -5.858994527678683895, 9.336874995234211383, 15.97400343807250778 ) ) ;
#5580 = VERTEX_POINT ( 'NONE', #8373 ) ;
#5581 = LINE ( 'NONE', #7728, #6819 ) ;
#5582 = LINE ( 'NONE', #6946, #6656 ) ;
#5583 = CARTESIAN_POINT ( 'NONE',  ( 4.142934761456315229, 2.767065238543610306, 10.92802129521544074 ) ) ;
#5584 = CARTESIAN_POINT ( 'NONE',  ( 6.780000000000039329, 0.2000000000000000944, -5.649999999999955058 ) ) ;
#5585 = CARTESIAN_POINT ( 'NONE',  ( 5.858994527678494713, 9.336874995234211383, 10.87132486664402009 ) ) ;
#5586 = CIRCLE ( 'NONE', #6303, 0.2000000000000000944 ) ;
#5587 = ORIENTED_EDGE ( 'NONE', *, *, #5106, .F. ) ;
#5588 = LINE ( 'NONE', #8355, #4465 ) ;
#5589 = CYLINDRICAL_SURFACE ( 'NONE', #761, 6.349999999999999645 ) ;
#5590 = CARTESIAN_POINT ( 'NONE',  ( 2.630256121069085573, 0.5600000000000023848, 10.36105701073993224 ) ) ;
#5591 = AXIS2_PLACEMENT_3D ( 'NONE', #8338, #8848, #4143 ) ;
#5592 = CARTESIAN_POINT ( 'NONE',  ( -4.142934761456463555, 11.05293476145639175, 10.47444986664395294 ) ) ;
#5593 = CARTESIAN_POINT ( 'NONE',  ( -6.160906162540939590, 8.249430746646993384, 16.25258152097545405 ) ) ;
#5594 = CARTESIAN_POINT ( 'NONE',  ( 3.579999999999986304, 0.6399999999999999023, 1.800000000000024913 ) ) ;
#5595 = EDGE_CURVE ( 'NONE', #8479, #5912, #4412, .T. ) ;
#5596 = ORIENTED_EDGE ( 'NONE', *, *, #753, .T. ) ;
#5597 = CARTESIAN_POINT ( 'NONE',  ( -6.350000000000074252, 4.279743878930841738, 10.92802129397657573 ) ) ;
#5598 = EDGE_LOOP ( 'NONE', ( #5248, #245, #8564, #8475, #2057 ) ) ;
#5599 = ADVANCED_FACE ( 'NONE', ( #1548 ), #774, .T. ) ;
#5600 = CARTESIAN_POINT ( 'NONE',  ( -4.142934761456470660, 2.767065238543608530, 11.60837843807252412 ) ) ;
#5601 = DIRECTION ( 'NONE',  ( 6.982962677686266711E-15, 0.000000000000000000, -1.000000000000000000 ) ) ;
#5602 = CARTESIAN_POINT ( 'NONE',  ( 6.879422804227080120E-14, 6.910000000000000142, -9.851725008082825141 ) ) ;
#5603 = EDGE_CURVE ( 'NONE', #7360, #6032, #2089, .T. ) ;
#5604 = CARTESIAN_POINT ( 'NONE',  ( 3.380000000000020766, 0.6399999999999999023, -3.149999999999978151 ) ) ;
#5606 = CARTESIAN_POINT ( 'NONE',  ( -5.858994527678664355, 6.910000000000000142, 13.30927129521536756 ) ) ;
#5605 = PRESENTATION_LAYER_ASSIGNMENT (  '', '', ( #4614 ) ) ;
#5607 = CARTESIAN_POINT ( 'NONE',  ( -5.858994527678643038, 4.483125004765786237, 10.41775343807251097 ) ) ;
#5608 = DIRECTION ( 'NONE',  ( -6.505213034913037648E-15, 0.000000000000000000, 1.000000000000000000 ) ) ;
#5609 = ADVANCED_FACE ( 'NONE', ( #6510 ), #6366, .F. ) ;
#5610 = CARTESIAN_POINT ( 'NONE',  ( 5.858994527678465403, 4.483125004765792454, 15.29364629521545105 ) ) ;
#5611 = ORIENTED_EDGE ( 'NONE', *, *, #280, .F. ) ;
#5612 = ORIENTED_EDGE ( 'NONE', *, *, #5166, .F. ) ;
#5613 = DIRECTION ( 'NONE',  ( 6.982962677686266711E-15, 0.000000000000000000, -1.000000000000000000 ) ) ;
#5614 = CARTESIAN_POINT ( 'NONE',  ( -0.9999375345941766691, 11.60469114329947082, 24.04750438461808315 ) ) ;
#5615 = ORIENTED_EDGE ( 'NONE', *, *, #6156, .F. ) ;
#5616 = VECTOR ( 'NONE', #262, 1000.000000000000000 ) ;
#5617 = CIRCLE ( 'NONE', #1982, 0.1999999999999996503 ) ;
#5618 = PRESENTATION_STYLE_ASSIGNMENT (( #62 ) ) ;
#5619 = VECTOR ( 'NONE', #5239, 1000.000000000000000 ) ;
#5620 = ORIENTED_EDGE ( 'NONE', *, *, #4624, .F. ) ;
#5621 = CARTESIAN_POINT ( 'NONE',  ( 2.630256121069046937, 13.25999999999999979, 15.23694986788278705 ) ) ;
#5622 = DIRECTION ( 'NONE',  ( 6.982962677686266711E-15, 0.000000000000000000, -1.000000000000000000 ) ) ;
#5623 = LINE ( 'NONE', #8830, #2635 ) ;
#5624 = AXIS2_PLACEMENT_3D ( 'NONE', #5185, #6623, #3116 ) ;
#5625 = CARTESIAN_POINT ( 'NONE',  ( -6.350000000000055600, 4.279743878930841738, 8.206592722548005980 ) ) ;
#5626 =( GEOMETRIC_REPRESENTATION_CONTEXT ( 3 ) GLOBAL_UNCERTAINTY_ASSIGNED_CONTEXT ( ( #1192 ) ) GLOBAL_UNIT_ASSIGNED_CONTEXT ( ( #5773, #2255, #2345 ) ) REPRESENTATION_CONTEXT ( 'NONE', 'WORKASPACE' ) );
#5627 = CARTESIAN_POINT ( 'NONE',  ( -0.5046205066298934394, 2.135054960802841961, 25.05323144881550590 ) ) ;
#5628 = VERTEX_POINT ( 'NONE', #285 ) ;
#5629 = EDGE_CURVE ( 'NONE', #3372, #8623, #1498, .T. ) ;
#5630 = FACE_OUTER_BOUND ( 'NONE', #8589, .T. ) ;
#5631 = CARTESIAN_POINT ( 'NONE',  ( 2.339292497024900295E-14, 6.910000000000000142, -3.350000000000001421 ) ) ;
#5632 = CARTESIAN_POINT ( 'NONE',  ( -5.858994527678651920, 9.336874995234211383, 11.43828915235822308 ) ) ;
#5633 = FILL_AREA_STYLE_COLOUR ( '', #6781 ) ;
#5634 = CARTESIAN_POINT ( 'NONE',  ( -5.858994527678643038, 6.910000000000000142, 10.36105700950108321 ) ) ;
#5635 = AXIS2_PLACEMENT_3D ( 'NONE', #8903, #2663, #6264 ) ;
#5636 = DIRECTION ( 'NONE',  ( 6.982962677686266711E-15, 0.000000000000000000, -1.000000000000000000 ) ) ;
#5637 = AXIS2_PLACEMENT_3D ( 'NONE', #1385, #8979, #4112 ) ;
#5638 = CARTESIAN_POINT ( 'NONE',  ( 4.125000000000025757, 2.140000000000001013, -3.549999999999972733 ) ) ;
#5639 = CARTESIAN_POINT ( 'NONE',  ( -4.142934761456477766, 2.767065238543608530, 12.51552129521538070 ) ) ;
#5640 = EDGE_CURVE ( 'NONE', #1066, #7855, #3049, .T. ) ;
#5641 = EDGE_LOOP ( 'NONE', ( #2013, #6980, #6838, #6417 ) ) ;
#5642 = CARTESIAN_POINT ( 'NONE',  ( 6.579999999999976978, 0.000000000000000000, 3.300000000000046452 ) ) ;
#5643 = DIRECTION ( 'NONE',  ( 0.000000000000000000, 1.000000000000000000, 0.000000000000000000 ) ) ;
#5644 = ORIENTED_EDGE ( 'NONE', *, *, #4092, .T. ) ;
#5645 = DIRECTION ( 'NONE',  ( 1.000000000000000000, 0.000000000000000000, 6.982962677686266711E-15 ) ) ;
#5646 = VERTEX_POINT ( 'NONE', #3545 ) ;
#5647 = CARTESIAN_POINT ( 'NONE',  ( 4.142934761456306347, 11.05293476145639175, 12.06194986664401014 ) ) ;
#5648 = VECTOR ( 'NONE', #2760, 1000.000000000000000 ) ;
#5649 = CARTESIAN_POINT ( 'NONE',  ( -4.490128060534658516, 2.419871939465422450, 11.89186057969087607 ) ) ;
#5650 = DIRECTION ( 'NONE',  ( 1.000000000000000000, 0.000000000000000000, 9.251858538542970644E-15 ) ) ;
#5651 = CARTESIAN_POINT ( 'NONE',  ( 6.350000000000068034, 6.910000000000001030, -9.851725008082778956 ) ) ;
#5652 = EDGE_CURVE ( 'NONE', #2520, #3465, #7101, .T. ) ;
#5653 = CARTESIAN_POINT ( 'NONE',  ( -5.096099796562570283, 10.69843857855397751, 16.22132486540515472 ) ) ;
#5654 = CARTESIAN_POINT ( 'NONE',  ( 4.142934761456311676, 11.05293476145639175, 11.15480700950115356 ) ) ;
#5655 = CARTESIAN_POINT ( 'NONE',  ( 2.426874995234146848, 12.76899452767857390, 9.170432009501142900 ) ) ;
#5656 = DIRECTION ( 'NONE',  ( 0.000000000000000000, 1.000000000000000000, 0.000000000000000000 ) ) ;
#5657 = CARTESIAN_POINT ( 'NONE',  ( -5.858994527678643038, 4.483125004765785349, 10.41775343807251097 ) ) ;
#5658 = EDGE_LOOP ( 'NONE', ( #2289, #3723, #1072, #7692 ) ) ;
#5659 = ORIENTED_EDGE ( 'NONE', *, *, #201, .T. ) ;
#5660 = MECHANICAL_DESIGN_GEOMETRIC_PRESENTATION_REPRESENTATION (  '', ( #2724 ), #4649 ) ;
#5661 = LINE ( 'NONE', #8423, #7448 ) ;
#5662 = DIRECTION ( 'NONE',  ( 0.000000000000000000, 1.000000000000000000, 0.000000000000000000 ) ) ;
#5663 = ORIENTED_EDGE ( 'NONE', *, *, #4475, .F. ) ;
#5664 = DIRECTION ( 'NONE',  ( 6.982962677686266711E-15, 0.000000000000000000, -1.000000000000000000 ) ) ;
#5665 = ORIENTED_EDGE ( 'NONE', *, *, #1158, .T. ) ;
#5666 = CARTESIAN_POINT ( 'NONE',  ( -8.345757871603271024E-14, 0.5600000000000006084, 12.11864629645419811 ) ) ;
#5667 = DIRECTION ( 'NONE',  ( -6.982962677686266711E-15, 0.000000000000000000, 1.000000000000000000 ) ) ;
#5668 = CARTESIAN_POINT ( 'NONE',  ( -7.379999999999956373, 12.94999999999999929, -6.350000000000051159 ) ) ;
#5669 = AXIS2_PLACEMENT_3D ( 'NONE', #3908, #8018, #1731 ) ;
#5670 = EDGE_LOOP ( 'NONE', ( #3018, #6584, #8610, #7011 ) ) ;
#5671 = CARTESIAN_POINT ( 'NONE',  ( -4.490128060534633647, 11.40012806053457695, 8.036503436833733360 ) ) ;
#5672 = CARTESIAN_POINT ( 'NONE',  ( -1.619875393596103539E-13, 2.110000000000001208, 23.17999999999999972 ) ) ;
#5673 = VERTEX_POINT ( 'NONE', #3634 ) ;
#5674 = ORIENTED_EDGE ( 'NONE', *, *, #2637, .T. ) ;
#5675 = CARTESIAN_POINT ( 'NONE',  ( -6.350000000000075140, 4.279743878930841738, 11.04141415359701206 ) ) ;
#5676 = CARTESIAN_POINT ( 'NONE',  ( 2.199633243471174960E-14, 0.2000000000000000111, -3.150000000000001243 ) ) ;
#5677 = CARTESIAN_POINT ( 'NONE',  ( 4.142934761456331216, 11.05293476145639175, 8.433378438072582028 ) ) ;
#5678 = CARTESIAN_POINT ( 'NONE',  ( -7.112599816476365649E-14, 12.76899452767857213, 10.13427129521541126 ) ) ;
#5679 = EDGE_CURVE ( 'NONE', #8456, #1776, #3029, .T. ) ;
#5680 = DIRECTION ( 'NONE',  ( -1.000000000000000000, 0.000000000000000000, -6.865433986901930319E-15 ) ) ;
#5681 = EDGE_LOOP ( 'NONE', ( #3037, #7602, #7630, #3112 ) ) ;
#5682 = CARTESIAN_POINT ( 'NONE',  ( 3.787462470186627220E-14, 6.409999999999999254, -5.430000000000000604 ) ) ;
#5683 = CARTESIAN_POINT ( 'NONE',  ( 0.5039702427108690985, 11.68500946858531542, 23.30642425252115757 ) ) ;
#5684 = CARTESIAN_POINT ( 'NONE',  ( -5.858994527678632380, 9.336874995234211383, 8.716860580929653324 ) ) ;
#5685 = CARTESIAN_POINT ( 'NONE',  ( 6.349999999999918820, 9.540256121069157658, 11.38159272254809196 ) ) ;
#5686 = ORIENTED_EDGE ( 'NONE', *, *, #461, .F. ) ;
#5687 = CARTESIAN_POINT ( 'NONE',  ( -5.080000000000008065, -3.430000000000002380, 0.9999999999999631406 ) ) ;
#5688 = ORIENTED_EDGE ( 'NONE', *, *, #1152, .F. ) ;
#5689 = DIRECTION ( 'NONE',  ( 1.000000000000000000, 0.000000000000000000, 6.926272368013821792E-15 ) ) ;
#5690 = VERTEX_POINT ( 'NONE', #7751 ) ;
#5691 = CARTESIAN_POINT ( 'NONE',  ( 5.858994527678475173, 9.336874995234211383, 13.81953915235830799 ) ) ;
#5692 = EDGE_CURVE ( 'NONE', #7355, #8053, #1460, .T. ) ;
#5693 = CARTESIAN_POINT ( 'NONE',  ( 2.540000000000032454, 6.410000000000001030, -4.579999999999983196 ) ) ;
#5694 = CARTESIAN_POINT ( 'NONE',  ( -3.523501616404783654, 12.36675450466445625, 12.65614389363902248 ) ) ;
#5695 = DIRECTION ( 'NONE',  ( -6.982962677686266711E-15, 0.000000000000000000, 1.000000000000000000 ) ) ;
#5696 = CARTESIAN_POINT ( 'NONE',  ( -4.142934761456444903, 11.05293476145639175, 7.753021295215381414 ) ) ;
#5697 = CARTESIAN_POINT ( 'NONE',  ( -4.232967275877915547, 2.859098258817600602, 7.749999999999954703 ) ) ;
#5698 = CARTESIAN_POINT ( 'NONE',  ( 3.379999999999975913, 0.2000000000000000944, 3.300000000000023803 ) ) ;
#5699 = CARTESIAN_POINT ( 'NONE',  ( -5.858994527678649256, 4.483125004765785349, 11.32489629521536934 ) ) ;
#5700 = ORIENTED_EDGE ( 'NONE', *, *, #2207, .F. ) ;
#5701 = ORIENTED_EDGE ( 'NONE', *, *, #3352, .T. ) ;
#5702 = DIRECTION ( 'NONE',  ( 0.000000000000000000, 1.000000000000000000, 0.000000000000000000 ) ) ;
#5703 = CARTESIAN_POINT ( 'NONE',  ( 6.349999999999913491, 6.910000000000001030, 12.34543201073995711 ) ) ;
#5704 = ORIENTED_EDGE ( 'NONE', *, *, #6560, .F. ) ;
#5705 = STYLED_ITEM ( 'NONE', ( #8218 ), #4567 ) ;
#5706 = EDGE_CURVE ( 'NONE', #6390, #7843, #2942, .T. ) ;
#5707 = EDGE_CURVE ( 'NONE', #8869, #4192, #215, .T. ) ;
#5708 =( NAMED_UNIT ( * ) SI_UNIT ( $, .STERADIAN. ) SOLID_ANGLE_UNIT ( ) );
#5709 = CARTESIAN_POINT ( 'NONE',  ( -6.350000000000089351, 9.540256121069157658, 12.74230701073986793 ) ) ;
#5710 = DIRECTION ( 'NONE',  ( 0.000000000000000000, -1.000000000000000000, 0.000000000000000000 ) ) ;
#5711 = CARTESIAN_POINT ( 'NONE',  ( -4.232967275877915547, 2.859098258817600602, 7.749999999999954703 ) ) ;
#5712 = EDGE_CURVE ( 'NONE', #8694, #6667, #5791, .T. ) ;
#5713 = VERTEX_POINT ( 'NONE', #3139 ) ;
#5714 = VECTOR ( 'NONE', #2337, 1000.000000000000000 ) ;
#5715 = CARTESIAN_POINT ( 'NONE',  ( 5.780000000000024230, 11.34999999999999964, -3.349999999999961009 ) ) ;
#5716 = FACE_OUTER_BOUND ( 'NONE', #3108, .T. ) ;
#5717 = ORIENTED_EDGE ( 'NONE', *, *, #5424, .T. ) ;
#5718 = ORIENTED_EDGE ( 'NONE', *, *, #1152, .T. ) ;
#5719 = CARTESIAN_POINT ( 'NONE',  ( -7.712303400127445852E-14, 0.5600000000000006084, 11.21150343931134152 ) ) ;
#5720 = CARTESIAN_POINT ( 'NONE',  ( -2.630256121069272979, 13.25999999999999979, 17.05123557969088566 ) ) ;
#5721 = ADVANCED_FACE ( 'NONE', ( #8652 ), #1189, .F. ) ;
#5722 = CARTESIAN_POINT ( 'NONE',  ( 4.142934761456329440, 2.767065238543610306, 8.886949866644011209 ) ) ;
#5723 = LINE ( 'NONE', #5044, #1408 ) ;
#5724 = ORIENTED_EDGE ( 'NONE', *, *, #8160, .T. ) ;
#5725 = ADVANCED_FACE ( 'NONE', ( #2364 ), #6599, .T. ) ;
#5726 = DIRECTION ( 'NONE',  ( 8.673617379884051249E-15, 0.000000000000000000, -1.000000000000000000 ) ) ;
#5727 = CARTESIAN_POINT ( 'NONE',  ( 2.540000000000023572, 6.910000000000000142, -3.349999999999983658 ) ) ;
#5728 = EDGE_CURVE ( 'NONE', #3181, #3940, #7930, .T. ) ;
#5729 = CARTESIAN_POINT ( 'NONE',  ( 2.426874995234157506, 12.76899452767857390, 7.582932009501141657 ) ) ;
#5730 = CARTESIAN_POINT ( 'NONE',  ( -7.471924497216687898E-14, 13.26000000000000156, 10.64453915111947957 ) ) ;
#5731 = ORIENTED_EDGE ( 'NONE', *, *, #197, .F. ) ;
#5732 = DIRECTION ( 'NONE',  ( 6.938893903907229955E-15, 0.000000000000000000, -1.000000000000000000 ) ) ;
#5733 = CIRCLE ( 'NONE', #5303, 0.2000000000000000944 ) ;
#5734 = CARTESIAN_POINT ( 'NONE',  ( -2.244749429223766857, 12.84999999999999609, 12.51087222715661262 ) ) ;
#5735 = EDGE_LOOP ( 'NONE', ( #7853, #2472, #3336, #3299 ) ) ;
#5736 = CARTESIAN_POINT ( 'NONE',  ( 2.340754435152997637, 12.28451214214304521, 16.50480700702355108 ) ) ;
#5737 = VECTOR ( 'NONE', #4658, 1000.000000000000000 ) ;
#5738 = CARTESIAN_POINT ( 'NONE',  ( -5.858994527678664355, 6.910000000000000142, 13.30927129521536756 ) ) ;
#5739 = AXIS2_PLACEMENT_3D ( 'NONE', #5068, #912, #3680 ) ;
#5740 = CARTESIAN_POINT ( 'NONE',  ( 6.349999999999925926, 6.910000000000001030, 10.53114629645424394 ) ) ;
#5741 = DIRECTION ( 'NONE',  ( 6.982962677686266711E-15, 0.000000000000000000, -1.000000000000000000 ) ) ;
#5742 = CARTESIAN_POINT ( 'NONE',  ( 2.244749429223739767, 12.84999999999999964, -9.851725008082809154 ) ) ;
#5743 = CARTESIAN_POINT ( 'NONE',  ( 4.142934761456317894, 11.05293476145639175, 10.24766415235829697 ) ) ;
#5744 = CARTESIAN_POINT ( 'NONE',  ( 4.142934761456336545, 2.767065238543610306, 7.979807009501153736 ) ) ;
#5745 = DIRECTION ( 'NONE',  ( 0.000000000000000000, 1.000000000000000000, 0.000000000000000000 ) ) ;
#5746 = CARTESIAN_POINT ( 'NONE',  ( 5.858994527678489384, 6.910000000000001030, 11.72177129521545247 ) ) ;
#5747 = CIRCLE ( 'NONE', #1375, 0.3500000000000004774 ) ;
#5748 = EDGE_LOOP ( 'NONE', ( #5674, #4539, #5530, #4485 ) ) ;
#5749 = LINE ( 'NONE', #7060, #8307 ) ;
#5750 = FACE_OUTER_BOUND ( 'NONE', #3163, .T. ) ;
#5751 = ORIENTED_EDGE ( 'NONE', *, *, #7204, .F. ) ;
#5752 = CARTESIAN_POINT ( 'NONE',  ( 4.490128060534492427, 2.419871939465424227, 12.23203915359708738 ) ) ;
#5753 = CARTESIAN_POINT ( 'NONE',  ( 5.594954431092361347, 3.907547320636278076, 7.750000000000040856 ) ) ;
#5754 = DIRECTION ( 'NONE',  ( -8.673617379884051249E-15, 0.000000000000000000, 1.000000000000000000 ) ) ;
#5755 = ORIENTED_EDGE ( 'NONE', *, *, #7981, .T. ) ;
#5756 = CARTESIAN_POINT ( 'NONE',  ( 4.490128060534519072, 2.419871939465424227, 8.490074865405222937 ) ) ;
#5757 = CARTESIAN_POINT ( 'NONE',  ( 6.349999999999914380, 6.910000000000001030, 12.23203915111952256 ) ) ;
#5758 = ORIENTED_EDGE ( 'NONE', *, *, #2098, .F. ) ;
#5759 = VERTEX_POINT ( 'NONE', #7385 ) ;
#5760 = CARTESIAN_POINT ( 'NONE',  ( -6.580000000000012506, 0.2000000000000000111, 1.799999999999954081 ) ) ;
#5761 = VECTOR ( 'NONE', #4448, 1000.000000000000000 ) ;
#5762 = DIRECTION ( 'NONE',  ( 6.982962677686266711E-15, 0.000000000000000000, -1.000000000000000000 ) ) ;
#5763 = CARTESIAN_POINT ( 'NONE',  ( 4.142934761456328552, 2.767065238543610306, 9.113735580929725799 ) ) ;
#5764 = VECTOR ( 'NONE', #4789, 1000.000000000000000 ) ;
#5765 = CARTESIAN_POINT ( 'NONE',  ( 6.349999999999926814, 6.910000000000001030, 10.41775343683380939 ) ) ;
#5766 = ADVANCED_FACE ( 'NONE', ( #1832 ), #4462, .T. ) ;
#5767 = VECTOR ( 'NONE', #7912, 1000.000000000000000 ) ;
#5768 = CARTESIAN_POINT ( 'NONE',  ( 4.142934761456319670, 11.05293476145639175, 10.02087843807258238 ) ) ;
#5769 = DIRECTION ( 'NONE',  ( -6.982962677686254089E-15, 0.000000000000000000, 1.000000000000000000 ) ) ;
#5770 = ORIENTED_EDGE ( 'NONE', *, *, #5728, .F. ) ;
#5771 = VECTOR ( 'NONE', #7362, 1000.000000000000000 ) ;
#5772 = CARTESIAN_POINT ( 'NONE',  ( 3.725000000000023626, 1.740000000000000213, -3.549999999999975397 ) ) ;
#5773 =( LENGTH_UNIT ( ) NAMED_UNIT ( * ) SI_UNIT ( .MILLI., .METRE. ) );
#5774 = CARTESIAN_POINT ( 'NONE',  ( 2.426874995234151289, 12.76899452767857390, 8.490074866643999130 ) ) ;
#5775 = CARTESIAN_POINT ( 'NONE',  ( -6.999667117987059023E-14, 0.5600000000000006084, 10.19096772254805039 ) ) ;
#5776 = ORIENTED_EDGE ( 'NONE', *, *, #7787, .F. ) ;
#5777 = ADVANCED_FACE ( 'NONE', ( #2545 ), #5255, .T. ) ;
#5778 = ORIENTED_EDGE ( 'NONE', *, *, #5338, .F. ) ;
#5779 = CARTESIAN_POINT ( 'NONE',  ( -6.779999999999962057, 0.9910004003203195522, -5.450000000000049027 ) ) ;
#5780 = AXIS2_PLACEMENT_3D ( 'NONE', #5072, #5745, #3684 ) ;
#5781 = VECTOR ( 'NONE', #6217, 1000.000000000000000 ) ;
#5782 =( BOUNDED_CURVE ( )  B_SPLINE_CURVE ( 2, ( #2702, #630, #2748, #5507, #4039 ),
 .UNSPECIFIED., .F., .T. ) 
 B_SPLINE_CURVE_WITH_KNOTS ( ( 3, 2, 3 ),
 ( 0.1818181818181818510, 0.1931818181818181768, 0.1993119193406073242 ),
 .UNSPECIFIED. ) 
 CURVE ( )  GEOMETRIC_REPRESENTATION_ITEM ( )  RATIONAL_B_SPLINE_CURVE ( ( 0.9999999999999997780, 0.9238795325112869605, 1.000000000000000000, 0.9589368973955083586, 0.9621766860142484390 ) ) 
 REPRESENTATION_ITEM ( '' )  );
#5783 = EDGE_LOOP ( 'NONE', ( #5758, #3600, #3470, #7168 ) ) ;
#5784 = DIRECTION ( 'NONE',  ( -1.000000000000000000, 0.000000000000000000, -7.434529182757747170E-15 ) ) ;
#5785 = MECHANICAL_DESIGN_GEOMETRIC_PRESENTATION_REPRESENTATION (  '', ( #3003 ), #3736 ) ;
#5786 = CARTESIAN_POINT ( 'NONE',  ( -5.858994527678644815, 6.910000000000000142, 10.58784272378679781 ) ) ;
#5787 = AXIS2_PLACEMENT_3D ( 'NONE', #2623, #7545, #8152 ) ;
#5788 = CARTESIAN_POINT ( 'NONE',  ( -1.152887138086002546E-13, 6.910000000000000142, 16.51000000000000156 ) ) ;
#5789 = EDGE_CURVE ( 'NONE', #8810, #8175, #7401, .T. ) ;
#5790 = CARTESIAN_POINT ( 'NONE',  ( -6.780000000000120153, 0.9910004003200292289, 6.158594783807687989 ) ) ;
#5791 = LINE ( 'NONE', #8556, #8070 ) ;
#5792 = CARTESIAN_POINT ( 'NONE',  ( -2.426874995234273857, 1.051005472321430156, 8.943646295215394559 ) ) ;
#5793 = EDGE_CURVE ( 'NONE', #1028, #7496, #3917, .T. ) ;
#5794 = AXIS2_PLACEMENT_3D ( 'NONE', #4512, #5835, #8189 ) ;
#5795 = CARTESIAN_POINT ( 'NONE',  ( -2.244749429223773962, 12.84999999999999964, 14.43855080106276212 ) ) ;
#5796 = CARTESIAN_POINT ( 'NONE',  ( -2.426874995234304055, 1.051005472321430156, 13.25257486664396289 ) ) ;
#5797 = ORIENTED_EDGE ( 'NONE', *, *, #8673, .T. ) ;
#5798 = CARTESIAN_POINT ( 'NONE',  ( -0.3499999999999764966, 6.910000000000000142, -3.350000000000004086 ) ) ;
#5799 = ORIENTED_EDGE ( 'NONE', *, *, #6111, .T. ) ;
#5800 = DIRECTION ( 'NONE',  ( 0.000000000000000000, -1.000000000000000000, -0.000000000000000000 ) ) ;
#5801 = CARTESIAN_POINT ( 'NONE',  ( -2.630256121069258324, 0.5600000000000013856, 14.78337843931132056 ) ) ;
#5802 = CARTESIAN_POINT ( 'NONE',  ( 5.858994527678465403, 4.483125004765792454, 15.29364629521545105 ) ) ;
#5803 = CARTESIAN_POINT ( 'NONE',  ( -5.591252004080044635, 5.148562785236682871, 7.749999999999964473 ) ) ;
#5804 = EDGE_LOOP ( 'NONE', ( #5615, #4341, #1398 ) ) ;
#5805 = CARTESIAN_POINT ( 'NONE',  ( -2.630256121069213471, 0.5600000000000013856, 8.319985579690888144 ) ) ;
#5806 = DIRECTION ( 'NONE',  ( 0.000000000000000000, 1.000000000000000000, 0.000000000000000000 ) ) ;
#5807 = ORIENTED_EDGE ( 'NONE', *, *, #4063, .F. ) ;
#5808 = ORIENTED_EDGE ( 'NONE', *, *, #2592, .T. ) ;
#5809 = CARTESIAN_POINT ( 'NONE',  ( 6.349999999999919709, 6.910000000000001030, 11.43828915359710052 ) ) ;
#5810 = DIRECTION ( 'NONE',  ( 8.673617379884030739E-15, 0.000000000000000000, -1.000000000000000000 ) ) ;
#5811 = CARTESIAN_POINT ( 'NONE',  ( -5.858994527678632380, 4.483125004765785349, 8.830253438072512395 ) ) ;
#5812 = DIRECTION ( 'NONE',  ( 6.982962677686266711E-15, 0.000000000000000000, -1.000000000000000000 ) ) ;
#5813 = ADVANCED_FACE ( 'NONE', ( #517 ), #335, .T. ) ;
#5814 = CARTESIAN_POINT ( 'NONE',  ( -4.142934761456444015, 2.767065238543608530, 7.753021295215381414 ) ) ;
#5815 = DIRECTION ( 'NONE',  ( -6.505213034913030548E-15, 0.000000000000000000, 1.000000000000000000 ) ) ;
#5816 = ORIENTED_EDGE ( 'NONE', *, *, #7880, .F. ) ;
#5818 = FACE_OUTER_BOUND ( 'NONE', #1351, .T. ) ;
#5817 = CIRCLE ( 'NONE', #721, 0.2000000000000000944 ) ;
#5819 = DIRECTION ( 'NONE',  ( -1.000000000000000000, 0.000000000000000000, -6.982962677686266711E-15 ) ) ;
#5820 = CARTESIAN_POINT ( 'NONE',  ( -5.858994527678632380, 6.910000000000000142, 8.773557009501082860 ) ) ;
#5821 = CARTESIAN_POINT ( 'NONE',  ( -6.350000000000062705, 4.279743878930841738, 9.113735579690862565 ) ) ;
#5822 = ORIENTED_EDGE ( 'NONE', *, *, #6676, .F. ) ;
#5823 = CYLINDRICAL_SURFACE ( 'NONE', #6072, 0.2000000000000000944 ) ;
#5824 = DIRECTION ( 'NONE',  ( -6.982962677686266711E-15, -0.000000000000000000, 1.000000000000000000 ) ) ;
#5825 = EDGE_LOOP ( 'NONE', ( #738, #7580, #7139, #672 ) ) ;
#5826 = CARTESIAN_POINT ( 'NONE',  ( 3.547345040264623994E-14, 6.409999999999999254, -5.080000000000000959 ) ) ;
#5827 = AXIS2_PLACEMENT_3D ( 'NONE', #3094, #6020, #3778 ) ;
#5828 = EDGE_CURVE ( 'NONE', #3814, #2253, #3777, .T. ) ;
#5829 = CARTESIAN_POINT ( 'NONE',  ( -2.426874995234323151, 1.051005472321430156, 15.97400343807253265 ) ) ;
#5830 = ORIENTED_EDGE ( 'NONE', *, *, #832, .F. ) ;
#5831 = EDGE_CURVE ( 'NONE', #343, #5308, #1097, .T. ) ;
#5832 = EDGE_CURVE ( 'NONE', #4401, #6477, #4862, .T. ) ;
#5833 = EDGE_CURVE ( 'NONE', #4262, #451, #7780, .T. ) ;
#5834 = DIRECTION ( 'NONE',  ( -8.673617379884030739E-15, 0.000000000000000000, 1.000000000000000000 ) ) ;
#5835 = DIRECTION ( 'NONE',  ( -1.000000000000000000, 0.000000000000000000, -6.982962677686266711E-15 ) ) ;
#5836 =( BOUNDED_CURVE ( )  B_SPLINE_CURVE ( 2, ( #6908, #675, #1580, #2261, #5734 ),
 .UNSPECIFIED., .F., .T. ) 
 B_SPLINE_CURVE_WITH_KNOTS ( ( 3, 2, 3 ),
 ( 0.4545454545454545858, 0.4659090909090908839, 0.4720391920678800313 ),
 .UNSPECIFIED. ) 
 CURVE ( )  GEOMETRIC_REPRESENTATION_ITEM ( )  RATIONAL_B_SPLINE_CURVE ( ( 0.9999999999999996669, 0.9238795325112870716, 1.000000000000000000, 0.9589368973955084696, 0.9621766860142484390 ) ) 
 REPRESENTATION_ITEM ( '' )  );
#5837 = CARTESIAN_POINT ( 'NONE',  ( -5.779999999999977156, 11.34999999999999964, -3.350000000000041833 ) ) ;
#5838 = DIRECTION ( 'NONE',  ( 6.982962677686266711E-15, 0.000000000000000000, -1.000000000000000000 ) ) ;
#5839 = CARTESIAN_POINT ( 'NONE',  ( -7.270963434345321627E-14, 12.76899452767857213, 10.36105700950112585 ) ) ;
#5840 = VECTOR ( 'NONE', #5932, 1000.000000000000000 ) ;
#5841 = CARTESIAN_POINT ( 'NONE',  ( -7.379999999999956373, 11.34999999999999964, -6.350000000000051159 ) ) ;
#5842 = EDGE_CURVE ( 'NONE', #4508, #3475, #429, .T. ) ;
#5843 = CARTESIAN_POINT ( 'NONE',  ( -5.858994527678649256, 9.336874995234211383, 11.21150343807251382 ) ) ;
#5844 = ORIENTED_EDGE ( 'NONE', *, *, #8714, .F. ) ;
#5845 = CARTESIAN_POINT ( 'NONE',  ( 3.925000000000042899, 0.7228427124746199528, -6.267157287525356502 ) ) ;
#5846 = CARTESIAN_POINT ( 'NONE',  ( 1.501160829117905493, 12.84999999999998543, 8.642663815578226050 ) ) ;
#5847 = ORIENTED_EDGE ( 'NONE', *, *, #220, .T. ) ;
#5848 = VECTOR ( 'NONE', #194, 1000.000000000000000 ) ;
#5849 = CARTESIAN_POINT ( 'NONE',  ( 6.349999999999901057, 6.910000000000001030, 14.15971772502567205 ) ) ;
#5850 = CARTESIAN_POINT ( 'NONE',  ( 2.426874995234108656, 12.76899452767857390, 14.61328915235828418 ) ) ;
#5851 = LINE ( 'NONE', #7898, #3237 ) ;
#5852 = ORIENTED_EDGE ( 'NONE', *, *, #3523, .F. ) ;
#5853 = ORIENTED_EDGE ( 'NONE', *, *, #8072, .F. ) ;
#5854 = CARTESIAN_POINT ( 'NONE',  ( -2.244749429223785953, 12.84999999999999787, 16.13944365572804074 ) ) ;
#5855 = VECTOR ( 'NONE', #3316, 1000.000000000000000 ) ;
#5856 = DIRECTION ( 'NONE',  ( -1.000000000000000000, 0.000000000000000000, -7.228014483236698330E-15 ) ) ;
#5857 = ORIENTED_EDGE ( 'NONE', *, *, #6369, .T. ) ;
#5858 = VERTEX_POINT ( 'NONE', #2507 ) ;
#5859 = CARTESIAN_POINT ( 'NONE',  ( 3.999999999999857003, 6.910000000000001030, 20.51000000000002643 ) ) ;
#5860 = LINE ( 'NONE', #7905, #8771 ) ;
#5861 = CARTESIAN_POINT ( 'NONE',  ( 2.426874995234157062, 1.051005472321430156, 8.149896295215427244 ) ) ;
#5862 = CARTESIAN_POINT ( 'NONE',  ( 1.507889285407810531, 12.84999999999999787, 10.87234860072951825 ) ) ;
#5863 = CARTESIAN_POINT ( 'NONE',  ( -5.858994527678630604, 9.336874995234211383, 8.490074866643940510 ) ) ;
#5864 = CARTESIAN_POINT ( 'NONE',  ( 6.349999999999901057, 6.910000000000001030, 14.15971772502567205 ) ) ;
#5865 = ORIENTED_EDGE ( 'NONE', *, *, #7455, .T. ) ;
#5866 = CARTESIAN_POINT ( 'NONE',  ( -5.779999999999955840, 11.34999999999999964, -6.350000000000040501 ) ) ;
#5867 = CARTESIAN_POINT ( 'NONE',  ( -6.350000000000068923, 6.910000000000000142, 9.964182008262289614 ) ) ;
#5868 = VECTOR ( 'NONE', #6154, 1000.000000000000000 ) ;
#5869 = CARTESIAN_POINT ( 'NONE',  ( -2.426874995234264532, 12.76899452767857390, 7.696324866643965201 ) ) ;
#5870 = CARTESIAN_POINT ( 'NONE',  ( -8.105378968692511808E-14, 13.26000000000000156, 11.55168200826233615 ) ) ;
#5871 = ORIENTED_EDGE ( 'NONE', *, *, #2855, .T. ) ;
#5872 = DIRECTION ( 'NONE',  ( 6.982962677686266711E-15, 0.000000000000000000, -1.000000000000000000 ) ) ;
#5873 = CARTESIAN_POINT ( 'NONE',  ( 6.349999999999908162, 6.910000000000001030, 13.13918200826237914 ) ) ;
#5874 = ORIENTED_EDGE ( 'NONE', *, *, #5234, .T. ) ;
#5875 = DIRECTION ( 'NONE',  ( 1.000000000000000000, 0.000000000000000000, 6.938893903907234689E-15 ) ) ;
#5876 = CARTESIAN_POINT ( 'NONE',  ( 5.779999999999924754, 11.34999999999999964, 7.750000000000039968 ) ) ;
#5877 = ORIENTED_EDGE ( 'NONE', *, *, #6821, .F. ) ;
#5878 = DIRECTION ( 'NONE',  ( -0.000000000000000000, 1.000000000000000000, -0.000000000000000000 ) ) ;
#5879 = CARTESIAN_POINT ( 'NONE',  ( 5.858994527678500042, 6.910000000000001030, 10.13427129521545211 ) ) ;
#5880 = DIRECTION ( 'NONE',  ( 6.747905296117594716E-15, -0.000000000000000000, -1.000000000000000000 ) ) ;
#5881 = LINE ( 'NONE', #3234, #7137 ) ;
#5882 = FACE_OUTER_BOUND ( 'NONE', #7616, .T. ) ;
#5883 = EDGE_CURVE ( 'NONE', #8039, #3432, #5294, .T. ) ;
#5884 = CARTESIAN_POINT ( 'NONE',  ( 5.458736720766578898, 9.038382082409414764, 7.466439010893840766 ) ) ;
#5885 = ADVANCED_FACE ( 'NONE', ( #5882 ), #8237, .T. ) ;
#5886 = CONICAL_SURFACE ( 'NONE', #3837, 6.349999999999999645, 1.047197551196602960 ) ;
#5887 = CYLINDRICAL_SURFACE ( 'NONE', #1783, 0.1999999999999996503 ) ;
#5888 = ORIENTED_EDGE ( 'NONE', *, *, #5603, .T. ) ;
#5889 = ADVANCED_FACE ( 'NONE', ( #8320 ), #8199, .T. ) ;
#5890 =( BOUNDED_CURVE ( )  B_SPLINE_CURVE ( 2, ( #1970, #8252, #4751, #2052, #2012, #6080, #4793, #5567, #5525 ),
 .UNSPECIFIED., .F., .F. ) 
 B_SPLINE_CURVE_WITH_KNOTS ( ( 3, 2, 2, 2, 3 ),
 ( 0.7727272727272725961, 0.7840909090909089496, 0.7954545454545454142, 0.8068181818181817677, 0.8181818181818182323 ),
 .UNSPECIFIED. ) 
 CURVE ( )  GEOMETRIC_REPRESENTATION_ITEM ( )  RATIONAL_B_SPLINE_CURVE ( ( 1.000000000000000666, 0.9238795325112859613, 1.000000000000000000, 0.9238795325112867385, 1.000000000000000000, 0.9238795325112867385, 1.000000000000000000, 0.9238795325112867385, 1.000000000000000000 ) ) 
 REPRESENTATION_ITEM ( '' )  );
#5891 = AXIS2_PLACEMENT_3D ( 'NONE', #1075, #303, #2474 ) ;
#5892 = CARTESIAN_POINT ( 'NONE',  ( -4.124999999999955591, 1.740000000000000213, -6.150000000000029665 ) ) ;
#5893 = CARTESIAN_POINT ( 'NONE',  ( -1.507889285407944646, 12.84999999999999609, 8.715836846844155161 ) ) ;
#5894 = ORIENTED_EDGE ( 'NONE', *, *, #109, .T. ) ;
#5895 = EDGE_CURVE ( 'NONE', #8434, #5673, #1366, .T. ) ;
#5896 = AXIS2_PLACEMENT_3D ( 'NONE', #5903, #979, #3748 ) ;
#5897 = CARTESIAN_POINT ( 'NONE',  ( 6.349999999999953459, 4.279743878930868384, 9.567307010739959594 ) ) ;
#5898 = CARTESIAN_POINT ( 'NONE',  ( 4.490128060534511079, 2.419871939465424227, 9.510610582168515847 ) ) ;
#5899 = CARTESIAN_POINT ( 'NONE',  ( 5.858994527678463626, 6.910000000000001030, 15.35034272378688058 ) ) ;
#5900 = CARTESIAN_POINT ( 'NONE',  ( -5.737540733574081564, 5.707860897270704115, 7.749999999999960920 ) ) ;
#5901 = EDGE_LOOP ( 'NONE', ( #8985, #7595, #526, #29 ) ) ;
#5902 = VERTEX_POINT ( 'NONE', #6061 ) ;
#5903 = CARTESIAN_POINT ( 'NONE',  ( -3.579999999999976534, 0.6399999999999999023, -3.150000000000026557 ) ) ;
#5904 = VERTEX_POINT ( 'NONE', #597 ) ;
#5905 = ORIENTED_EDGE ( 'NONE', *, *, #1397, .T. ) ;
#5906 =( LENGTH_UNIT ( ) NAMED_UNIT ( * ) SI_UNIT ( .MILLI., .METRE. ) );
#5907 = LINE ( 'NONE', #8676, #4699 ) ;
#5908 = CARTESIAN_POINT ( 'NONE',  ( -8.900030532414534540E-14, 0.5600000000000006084, 12.91239629397662014 ) ) ;
#5909 = ADVANCED_FACE ( 'NONE', ( #4006 ), #2000, .T. ) ;
#5910 = CYLINDRICAL_SURFACE ( 'NONE', #2841, 6.349999999999999645 ) ;
#5911 = CARTESIAN_POINT ( 'NONE',  ( 5.858994527678464515, 4.483125004765792454, 15.52043200950116564 ) ) ;
#5912 = VERTEX_POINT ( 'NONE', #1276 ) ;
#5913 = DIRECTION ( 'NONE',  ( -1.000000000000000000, 0.000000000000000000, -8.673617379884032317E-15 ) ) ;
#5914 = ORIENTED_EDGE ( 'NONE', *, *, #6015, .F. ) ;
#5915 = DIRECTION ( 'NONE',  ( 6.982962677686266711E-15, -0.000000000000000000, -1.000000000000000000 ) ) ;
#5916 = CYLINDRICAL_SURFACE ( 'NONE', #243, 6.349999999999999645 ) ;
#5917 = EDGE_CURVE ( 'NONE', #2814, #8310, #2753, .T. ) ;
#5918 = CARTESIAN_POINT ( 'NONE',  ( -6.350000000000107114, 6.910000000000000142, 15.40703915111943267 ) ) ;
#5919 = CARTESIAN_POINT ( 'NONE',  ( -6.350000000000057376, 6.910000000000000142, 8.149896293976576445 ) ) ;
#5920 = VERTEX_POINT ( 'NONE', #6230 ) ;
#5921 = DIRECTION ( 'NONE',  ( 0.000000000000000000, -1.000000000000000000, 0.000000000000000000 ) ) ;
#5922 = CARTESIAN_POINT ( 'NONE',  ( -4.142934761456502635, 2.767065238543608530, 16.14409272378680882 ) ) ;
#5923 = ORIENTED_EDGE ( 'NONE', *, *, #1546, .T. ) ;
#5924 = CARTESIAN_POINT ( 'NONE',  ( -0.7430714330483809693, 12.85000000000000142, 8.290946385058397539 ) ) ;
#5925 = CARTESIAN_POINT ( 'NONE',  ( -4.142934761456507076, 11.05293476145639175, 16.59766415235823800 ) ) ;
#5926 = VECTOR ( 'NONE', #5197, 1000.000000000000000 ) ;
#5927 = VERTEX_POINT ( 'NONE', #4176 ) ;
#5928 = CARTESIAN_POINT ( 'NONE',  ( 6.879422804227080120E-14, 6.910000000000000142, -9.851725008082825141 ) ) ;
#5929 = ADVANCED_FACE ( 'NONE', ( #5552 ), #2034, .T. ) ;
#5930 = AXIS2_PLACEMENT_3D ( 'NONE', #927, #199, #4202 ) ;
#5931 = CARTESIAN_POINT ( 'NONE',  ( 6.579999999999976978, 0.2000000000000000944, 3.300000000000046452 ) ) ;
#5932 = DIRECTION ( 'NONE',  ( 7.039652987358711629E-15, -0.000000000000000000, -1.000000000000000000 ) ) ;
#5933 = CARTESIAN_POINT ( 'NONE',  ( -1.223359601363375848, 12.79148083642789402, 7.749999999999991118 ) ) ;
#5934 = FILL_AREA_STYLE ('',( #5161 ) ) ;
#5935 = VECTOR ( 'NONE', #6628, 1000.000000000000114 ) ;
#5936 = VECTOR ( 'NONE', #3905, 1000.000000000000227 ) ;
#5937 = CARTESIAN_POINT ( 'NONE',  ( 5.858994527678501818, 6.910000000000001030, 9.907485580929737523 ) ) ;
#5938 = VERTEX_POINT ( 'NONE', #4866 ) ;
#5939 = FACE_OUTER_BOUND ( 'NONE', #5236, .T. ) ;
#5940 = DIRECTION ( 'NONE',  ( -6.865433986901931108E-15, -0.000000000000000000, 1.000000000000000000 ) ) ;
#5941 = ORIENTED_EDGE ( 'NONE', *, *, #6825, .T. ) ;
#5942 = EDGE_CURVE ( 'NONE', #2915, #6620, #7749, .T. ) ;
#5943 = AXIS2_PLACEMENT_3D ( 'NONE', #8607, #1019, #3783 ) ;
#5944 = CARTESIAN_POINT ( 'NONE',  ( -2.630256121069220576, 0.5600000000000016076, 9.340521296454179279 ) ) ;
#5945 = CARTESIAN_POINT ( 'NONE',  ( -2.630256121069227238, 0.5600000000000013856, 10.24766415359703586 ) ) ;
#5946 = CARTESIAN_POINT ( 'NONE',  ( 5.858994527678470732, 6.910000000000001030, 14.44319986664402222 ) ) ;
#5947 = DIRECTION ( 'NONE',  ( -1.000000000000000000, 0.000000000000000000, -7.434529182757734548E-15 ) ) ;
#5948 = ORIENTED_EDGE ( 'NONE', *, *, #5438, .F. ) ;
#5949 = ORIENTED_EDGE ( 'NONE', *, *, #8064, .T. ) ;
#5950 = CARTESIAN_POINT ( 'NONE',  ( -4.490128060534684273, 11.40012806053457695, 15.40703915359702414 ) ) ;
#5951 = ORIENTED_EDGE ( 'NONE', *, *, #3420, .T. ) ;
#5952 = ORIENTED_EDGE ( 'NONE', *, *, #7096, .F. ) ;
#5953 = DIRECTION ( 'NONE',  ( -1.000000000000000000, 0.000000000000000000, -7.434529182757734548E-15 ) ) ;
#5954 = CARTESIAN_POINT ( 'NONE',  ( -4.490128060534677168, 2.419871939465422450, 14.61328915111944582 ) ) ;
#5955 = CARTESIAN_POINT ( 'NONE',  ( -3.580000000000041371, 0.2000000000000000944, 6.099999999999975664 ) ) ;
#5956 = CARTESIAN_POINT ( 'NONE',  ( -2.426874995234321819, 12.76899452767857390, 15.86061058092967713 ) ) ;
#5957 = VERTEX_POINT ( 'NONE', #8994 ) ;
#5958 = CARTESIAN_POINT ( 'NONE',  ( -0.7595038909412378247, 12.85000000000000675, 10.42594020395394772 ) ) ;
#5959 = ORIENTED_EDGE ( 'NONE', *, *, #2082, .F. ) ;
#5960 = EDGE_LOOP ( 'NONE', ( #3494, #1717, #464 ) ) ;
#5961 = DIRECTION ( 'NONE',  ( -8.673617379884030739E-15, 0.000000000000000000, 1.000000000000000000 ) ) ;
#5962 = FACE_OUTER_BOUND ( 'NONE', #4178, .T. ) ;
#5963 = CARTESIAN_POINT ( 'NONE',  ( -4.490128060534677168, 11.40012806053457695, 14.38650343683373301 ) ) ;
#5964 = CARTESIAN_POINT ( 'NONE',  ( -5.779999999999977156, 11.44999999999999751, -3.350000000000041833 ) ) ;
#5965 = VERTEX_POINT ( 'NONE', #3279 ) ;
#5966 = EDGE_CURVE ( 'NONE', #2709, #6581, #6031, .T. ) ;
#5967 = DIRECTION ( 'NONE',  ( -8.673617379884030739E-15, 0.000000000000000000, 1.000000000000000000 ) ) ;
#5968 = CARTESIAN_POINT ( 'NONE',  ( -9.804781320248623578E-14, 12.76899452767857213, 13.98962843807255219 ) ) ;
#5969 = ORIENTED_EDGE ( 'NONE', *, *, #8124, .T. ) ;
#5970 = CARTESIAN_POINT ( 'NONE',  ( 2.244749429223633630, 12.84999999999999076, 7.984456077559919152 ) ) ;
#5971 = EDGE_CURVE ( 'NONE', #4538, #8151, #371, .T. ) ;
#5972 = CARTESIAN_POINT ( 'NONE',  ( -5.858994527678687447, 9.336874995234211383, 16.65436058092965510 ) ) ;
#5973 = AXIS2_PLACEMENT_3D ( 'NONE', #5594, #4217, #764 ) ;
#5974 = ORIENTED_EDGE ( 'NONE', *, *, #2749, .T. ) ;
#5975 = DIRECTION ( 'NONE',  ( -0.000000000000000000, -1.000000000000000000, -0.000000000000000000 ) ) ;
#5976 = B_SPLINE_CURVE_WITH_KNOTS ( 'NONE', 3,
 ( #8600, #8460, #2222, #7192 ),
 .UNSPECIFIED., .F., .F.,
 ( 4, 4 ),
 ( 4.499060182240226896E-17, 0.0008304793183444362766 ),
 .UNSPECIFIED. ) ;
#5977 = CARTESIAN_POINT ( 'NONE',  ( -4.142934761456459114, 2.767065238543608530, 9.794092723786809174 ) ) ;
#5978 = AXIS2_PLACEMENT_3D ( 'NONE', #957, #1582, #5784 ) ;
#5979 = CARTESIAN_POINT ( 'NONE',  ( -2.244749429223761528, 12.84999999999999609, 11.71712222963419414 ) ) ;
#5980 = DIRECTION ( 'NONE',  ( -6.982962677686254089E-15, 0.000000000000000000, 1.000000000000000000 ) ) ;
#5981 = FACE_OUTER_BOUND ( 'NONE', #4336, .T. ) ;
#5982 = CARTESIAN_POINT ( 'NONE',  ( 4.125000000000023981, 0.000000000000000000, -3.549999999999972733 ) ) ;
#5983 = EDGE_CURVE ( 'NONE', #3853, #7059, #3774, .T. ) ;
#5984 = CARTESIAN_POINT ( 'NONE',  ( -7.112599816476365649E-14, 12.76899452767857213, 10.13427129521541126 ) ) ;
#5985 = FILL_AREA_STYLE_COLOUR ( '', #1924 ) ;
#5986 = CARTESIAN_POINT ( 'NONE',  ( -5.780000000000075744, 11.34999999999999964, 7.749999999999960032 ) ) ;
#5987 = B_SPLINE_CURVE_WITH_KNOTS ( 'NONE', 3,
 ( #2309, #7876, #180, #134, #5105, #6406, #7093, #83, #8550, #7188, #5010, #5736, #1451, #1489, #2937, #229, #4315, #2892, #4219, #6504 ),
 .UNSPECIFIED., .F., .F.,
 ( 4, 2, 2, 2, 2, 2, 2, 2, 2, 4 ),
 ( 4.208715869914585826E-16, 0.001158570211345542238, 0.002317140422690663372, 0.003475710634035784723, 0.004634280845380906073, 0.005792851056726025689, 0.006372136162398585497, 0.006951421268071145305, 0.008109991479416265789, 0.009268561690761383670 ),
 .UNSPECIFIED. ) ;
#5988 = AXIS2_PLACEMENT_3D ( 'NONE', #817, #5156, #911 ) ;
#5989 = DIRECTION ( 'NONE',  ( 6.982962677686266711E-15, 0.000000000000000000, -1.000000000000000000 ) ) ;
#5990 = CARTESIAN_POINT ( 'NONE',  ( 6.349999999999925926, 6.910000000000001030, 10.53114629645424394 ) ) ;
#5991 = ORIENTED_EDGE ( 'NONE', *, *, #8831, .F. ) ;
#5992 = ORIENTED_EDGE ( 'NONE', *, *, #4624, .T. ) ;
#5993 = CARTESIAN_POINT ( 'NONE',  ( -1.960815919894303238E-13, 6.910000000000000142, 28.07999999999999474 ) ) ;
#5994 = CYLINDRICAL_SURFACE ( 'NONE', #8498, 0.2999999999999999334 ) ;
#5995 = ORIENTED_EDGE ( 'NONE', *, *, #6350, .T. ) ;
#5996 = ORIENTED_EDGE ( 'NONE', *, *, #3110, .F. ) ;
#5997 = CARTESIAN_POINT ( 'NONE',  ( 6.349999999999895728, 6.910000000000001030, 14.95346772254809409 ) ) ;
#5998 = CARTESIAN_POINT ( 'NONE',  ( 3.380000000000038085, 0.2000000000000000944, -5.649999999999979927 ) ) ;
#5999 = EDGE_CURVE ( 'NONE', #8151, #5927, #7553, .T. ) ;
#6000 = CARTESIAN_POINT ( 'NONE',  ( 4.142934761456296577, 2.767065238543610306, 13.64944986664401050 ) ) ;
#6001 = DIRECTION ( 'NONE',  ( -1.000000000000000000, 0.000000000000000000, -6.982962677686266711E-15 ) ) ;
#6002 = VERTEX_POINT ( 'NONE', #3449 ) ;
#6003 = EDGE_CURVE ( 'NONE', #1506, #6250, #6691, .T. ) ;
#6004 = DIRECTION ( 'NONE',  ( 6.505213034913023449E-15, 0.000000000000000000, -1.000000000000000000 ) ) ;
#6005 = CARTESIAN_POINT ( 'NONE',  ( -6.350000000000057376, 4.279743878930841738, 8.319985582168442306 ) ) ;
#6006 = CARTESIAN_POINT ( 'NONE',  ( 4.490128060534467558, 2.419871939465424227, 15.74721772254808094 ) ) ;
#6007 = CARTESIAN_POINT ( 'NONE',  ( 0.6157331284505130897, 2.148751050883102920, 24.97859710151559653 ) ) ;
#6008 = ORIENTED_EDGE ( 'NONE', *, *, #4657, .T. ) ;
#6009 = ADVANCED_FACE ( 'NONE', ( #1354 ), #4127, .T. ) ;
#6010 = CARTESIAN_POINT ( 'NONE',  ( 3.523501616404589587, 12.36675450466445625, 15.09632726822036375 ) ) ;
#6011 = CARTESIAN_POINT ( 'NONE',  ( 2.426874995234100219, 1.051005472321430156, 16.31418200950113828 ) ) ;
#6012 = CARTESIAN_POINT ( 'NONE',  ( -4.799999999999931433, 6.910000000000000142, -9.851725008082857116 ) ) ;
#6013 = DIRECTION ( 'NONE',  ( -0.000000000000000000, -1.000000000000000000, 0.000000000000000000 ) ) ;
#6014 = CARTESIAN_POINT ( 'NONE',  ( 3.787462470186627851E-14, 6.409999999999999254, -5.430000000000000604 ) ) ;
#6015 = EDGE_CURVE ( 'NONE', #4750, #320, #5836, .T. ) ;
#6016 = DIRECTION ( 'NONE',  ( 0.000000000000000000, -1.000000000000000000, -0.000000000000000000 ) ) ;
#6017 = CARTESIAN_POINT ( 'NONE',  ( -5.858994527678626163, 6.910000000000000142, 7.866414152358225387 ) ) ;
#6018 = LINE ( 'NONE', #1103, #8166 ) ;
#6019 = CARTESIAN_POINT ( 'NONE',  ( -4.124999999999976019, 1.740000000000000213, -3.350000000000029843 ) ) ;
#6020 = DIRECTION ( 'NONE',  ( -1.000000000000000000, 0.000000000000000000, -6.982962677686266711E-15 ) ) ;
#6021 = CARTESIAN_POINT ( 'NONE',  ( -5.385459659895931391E-14, 1.051005472321429268, 7.866414152358267131 ) ) ;
#6022 = VECTOR ( 'NONE', #6466, 1000.000000000000000 ) ;
#6023 = DIRECTION ( 'NONE',  ( -1.000000000000000000, 0.000000000000000000, -7.102804783527084762E-15 ) ) ;
#6024 = CARTESIAN_POINT ( 'NONE',  ( -6.779999999999962057, 0.9910004003203195522, -5.450000000000049027 ) ) ;
#6025 = CIRCLE ( 'NONE', #7339, 1.250000000000000222 ) ;
#6026 = CARTESIAN_POINT ( 'NONE',  ( -4.142934761456469772, 2.767065238543608530, 11.38159272378680953 ) ) ;
#6027 = CARTESIAN_POINT ( 'NONE',  ( -1.152887138086002546E-13, 6.910000000000000142, 16.51000000000000156 ) ) ;
#6028 = AXIS2_PLACEMENT_3D ( 'NONE', #5347, #5470, #4701 ) ;
#6029 = CARTESIAN_POINT ( 'NONE',  ( 4.490128060534508414, 11.40012806053457695, 9.737396296454230438 ) ) ;
#6030 = ORIENTED_EDGE ( 'NONE', *, *, #6228, .T. ) ;
#6031 = CIRCLE ( 'NONE', #4270, 0.7500000000000000000 ) ;
#6032 = VERTEX_POINT ( 'NONE', #226 ) ;
#6033 = DIRECTION ( 'NONE',  ( -6.982962677686266711E-15, 0.000000000000000000, 1.000000000000000000 ) ) ;
#6034 = CARTESIAN_POINT ( 'NONE',  ( 3.380000000000038085, 2.000000000000000000, -5.649999999999979927 ) ) ;
#6035 = VERTEX_POINT ( 'NONE', #8548 ) ;
#6036 = ORIENTED_EDGE ( 'NONE', *, *, #8276, .F. ) ;
#6037 = CARTESIAN_POINT ( 'NONE',  ( -6.350000000000106226, 9.540256121069157658, 15.35034272254800314 ) ) ;
#6038 = DIRECTION ( 'NONE',  ( -1.000000000000000000, 0.000000000000000000, -7.102804783527084762E-15 ) ) ;
#6039 = VECTOR ( 'NONE', #4969, 1000.000000000000000 ) ;
#6040 = CARTESIAN_POINT ( 'NONE',  ( 4.142934761456306347, 11.05293476145639175, 12.06194986664401014 ) ) ;
#6041 = ORIENTED_EDGE ( 'NONE', *, *, #168, .T. ) ;
#6042 = CARTESIAN_POINT ( 'NONE',  ( 3.925000000000022027, 0.8400000000000000799, -3.349999999999973888 ) ) ;
#6043 = ORIENTED_EDGE ( 'NONE', *, *, #1703, .F. ) ;
#6044 = DIRECTION ( 'NONE',  ( -6.982962677686266711E-15, -0.000000000000000000, 1.000000000000000000 ) ) ;
#6045 = CARTESIAN_POINT ( 'NONE',  ( 6.349999999999913491, 6.910000000000001030, 12.34543201073995711 ) ) ;
#6046 = CARTESIAN_POINT ( 'NONE',  ( 4.490128060534480881, 2.419871939465424227, 13.93293200826236600 ) ) ;
#6047 = DIRECTION ( 'NONE',  ( -1.000000000000000000, 0.000000000000000000, -7.047314121155779610E-15 ) ) ;
#6048 = EDGE_LOOP ( 'NONE', ( #8007, #5148, #2567, #7974, #360, #5077, #4480, #2560, #296, #838, #2960, #3699, #7720, #217, #3076, #4864, #1031, #1657, #3686, #4809, #1561, #1467, #102, #7309, #3041, #6270, #8381, #4638, #7571, #373, #1533, #5175, #6269, #3698, #7480, #7888, #6927, #6476, #4574, #3550, #39 ) ) ;
#6049 = CARTESIAN_POINT ( 'NONE',  ( -1.751080447234265434E-13, 2.110000000000000320, 25.17999999999999972 ) ) ;
#6050 = LINE ( 'NONE', #7582, #4467 ) ;
#6051 = CARTESIAN_POINT ( 'NONE',  ( 2.426874995234113541, 12.76899452767857390, 13.93293200950114219 ) ) ;
#6052 = CARTESIAN_POINT ( 'NONE',  ( -5.858994527678675901, 4.483125004765785349, 14.95346772378679390 ) ) ;
#6053 = ORIENTED_EDGE ( 'NONE', *, *, #6108, .F. ) ;
#6054 = CARTESIAN_POINT ( 'NONE',  ( -0.8742724019237568811, 12.85000000000000497, 16.42109112450468444 ) ) ;
#6055 = CARTESIAN_POINT ( 'NONE',  ( 2.630256121069073139, 0.5600000000000023848, 12.17534272502564541 ) ) ;
#6056 = DIRECTION ( 'NONE',  ( 8.520838099651520869E-15, 0.000000000000000000, -1.000000000000000000 ) ) ;
#6057 = EDGE_CURVE ( 'NONE', #843, #1225, #7552, .T. ) ;
#6058 = DIRECTION ( 'NONE',  ( 0.000000000000000000, 1.000000000000000000, 0.000000000000000000 ) ) ;
#6059 = AXIS2_PLACEMENT_3D ( 'NONE', #1819, #5375, #6593 ) ;
#6060 = AXIS2_PLACEMENT_3D ( 'NONE', #4747, #4704, #7523 ) ;
#6061 = CARTESIAN_POINT ( 'NONE',  ( -3.580000000000020499, 0.6399999999999999023, 3.099999999999975220 ) ) ;
#6063 = LINE ( 'NONE', #1876, #7111 ) ;
#6062 = CIRCLE ( 'NONE', #818, 0.2000000000000000944 ) ;
#6064 = EDGE_CURVE ( 'NONE', #976, #8053, #2884, .T. ) ;
#6065 = CARTESIAN_POINT ( 'NONE',  ( 2.426874995234160171, 12.76899452767857390, 7.356146295215427067 ) ) ;
#6066 = AXIS2_PLACEMENT_3D ( 'NONE', #8928, #3979, #6038 ) ;
#6067 = CIRCLE ( 'NONE', #4460, 1.000000000000000888 ) ;
#6068 = CARTESIAN_POINT ( 'NONE',  ( 5.107424096117053836, 3.861888844088192663, 16.45545275983800337 ) ) ;
#6069 = CYLINDRICAL_SURFACE ( 'NONE', #8787, 4.000000000000000000 ) ;
#6070 = EDGE_CURVE ( 'NONE', #3202, #1225, #5058, .T. ) ;
#6071 = AXIS2_PLACEMENT_3D ( 'NONE', #313, #6001, #1719 ) ;
#6072 = AXIS2_PLACEMENT_3D ( 'NONE', #3224, #5921, #5967 ) ;
#6073 = CARTESIAN_POINT ( 'NONE',  ( 2.426874995234139742, 1.051005472321430156, 10.64453915235828418 ) ) ;
#6074 = CARTESIAN_POINT ( 'NONE',  ( 6.579999999999988525, 0.000000000000000000, 1.800000000000046008 ) ) ;
#6075 = CIRCLE ( 'NONE', #4618, 0.5500000000000000444 ) ;
#6076 = CARTESIAN_POINT ( 'NONE',  ( -2.630256121069216579, 13.25999999999999979, 9.000342725025612722 ) ) ;
#6077 = EDGE_LOOP ( 'NONE', ( #495, #1595, #3597, #8804 ) ) ;
#6078 = CYLINDRICAL_SURFACE ( 'NONE', #613, 0.1999999999999996503 ) ;
#6079 = AXIS2_PLACEMENT_3D ( 'NONE', #3342, #5364, #1331 ) ;
#6080 = CARTESIAN_POINT ( 'NONE',  ( -2.630256121069219244, 0.5600000000000016076, 9.227128436833746505 ) ) ;
#6081 = ORIENTED_EDGE ( 'NONE', *, *, #317, .T. ) ;
#6082 = VERTEX_POINT ( 'NONE', #4359 ) ;
#6083 = CARTESIAN_POINT ( 'NONE',  ( -6.350000000000100897, 4.279743878930841738, 14.55659272254800563 ) ) ;
#6084 = CARTESIAN_POINT ( 'NONE',  ( -2.426874995234296950, 12.76899452767857390, 12.23203915235824901 ) ) ;
#6085 = CARTESIAN_POINT ( 'NONE',  ( -5.780000000000075744, 12.94999999999999929, 7.749999999999962697 ) ) ;
#6086 = ORIENTED_EDGE ( 'NONE', *, *, #496, .F. ) ;
#6087 = DIRECTION ( 'NONE',  ( -8.673617379884030739E-15, 0.000000000000000000, 1.000000000000000000 ) ) ;
#6088 = DIRECTION ( 'NONE',  ( -1.000000000000000000, 0.000000000000000000, -6.982962677686266711E-15 ) ) ;
#6089 = CIRCLE ( 'NONE', #840, 0.4000000000000001887 ) ;
#6090 = CARTESIAN_POINT ( 'NONE',  ( -2.630256121069266317, 13.25999999999999979, 16.14409272254803085 ) ) ;
#6091 = CARTESIAN_POINT ( 'NONE',  ( 2.426874995234106880, 12.76899452767857390, 14.84007486664399700 ) ) ;
#6092 = ORIENTED_EDGE ( 'NONE', *, *, #4197, .T. ) ;
#6093 = CARTESIAN_POINT ( 'NONE',  ( -6.350000000000057376, 6.910000000000000142, 8.149896293976576445 ) ) ;
#6094 = DIRECTION ( 'NONE',  ( -1.000000000000000000, 0.000000000000000000, -7.228014483236677820E-15 ) ) ;
#6095 = CARTESIAN_POINT ( 'NONE',  ( 4.142934761456274373, 11.05293476145639175, 16.59766415235829484 ) ) ;
#6096 = EDGE_CURVE ( 'NONE', #898, #5400, #722, .T. ) ;
#6097 = SURFACE_SIDE_STYLE ('',( #8192 ) ) ;
#6098 = CARTESIAN_POINT ( 'NONE',  ( 4.142934761456292136, 2.767065238543610306, 14.32980700950115249 ) ) ;
#6099 = EDGE_LOOP ( 'NONE', ( #8362, #615, #2730, #6311 ) ) ;
#6100 = DIRECTION ( 'NONE',  ( -6.982962677686266711E-15, 0.000000000000000000, 1.000000000000000000 ) ) ;
#6101 = ADVANCED_FACE ( 'NONE', ( #7874 ), #5247, .T. ) ;
#6102 = LINE ( 'NONE', #4002, #3880 ) ;
#6103 = CARTESIAN_POINT ( 'NONE',  ( 6.080000000000024052, 11.34999999999999964, -3.349999999999958789 ) ) ;
#6104 = AXIS2_PLACEMENT_3D ( 'NONE', #5039, #7820, #1474 ) ;
#6105 = CIRCLE ( 'NONE', #8857, 0.9999999999999997780 ) ;
#6106 = LINE ( 'NONE', #1399, #5260 ) ;
#6107 = CARTESIAN_POINT ( 'NONE',  ( -3.580000000000021831, 0.2000000000000000111, 3.299999999999975397 ) ) ;
#6108 = EDGE_CURVE ( 'NONE', #6250, #3482, #4350, .T. ) ;
#6109 = EDGE_CURVE ( 'NONE', #7355, #1515, #42, .T. ) ;
#6110 = LINE ( 'NONE', #8874, #143 ) ;
#6111 = EDGE_CURVE ( 'NONE', #6535, #3113, #6404, .T. ) ;
#6112 = CARTESIAN_POINT ( 'NONE',  ( 3.725000000000022737, 0.000000000000000000, -3.149999999999975486 ) ) ;
#6113 = STYLED_ITEM ( 'NONE', ( #8779 ), #6243 ) ;
#6114 = UNCERTAINTY_MEASURE_WITH_UNIT (LENGTH_MEASURE( 1.000000000000000082E-05 ), #1004, 'distance_accuracy_value', 'NONE');
#6115 = CARTESIAN_POINT ( 'NONE',  ( 6.349999999999940137, 6.910000000000001030, 8.603467722548094443 ) ) ;
#6116 = DIRECTION ( 'NONE',  ( -1.000000000000000000, 0.000000000000000000, -6.938893903907228378E-15 ) ) ;
#6117 = CARTESIAN_POINT ( 'NONE',  ( -5.779999999999955840, 2.240000000000000657, -6.350000000000040501 ) ) ;
#6118 = EDGE_CURVE ( 'NONE', #59, #1810, #2935, .T. ) ;
#6119 = CARTESIAN_POINT ( 'NONE',  ( -5.858994527678650144, 6.910000000000000142, 11.26819986664393980 ) ) ;
#6120 = CARTESIAN_POINT ( 'NONE',  ( -5.858994527678668796, 9.336874995234211383, 13.93293200950108357 ) ) ;
#6121 = ORIENTED_EDGE ( 'NONE', *, *, #3011, .T. ) ;
#6122 = DIRECTION ( 'NONE',  ( 6.982962677686266711E-15, 0.000000000000000000, -1.000000000000000000 ) ) ;
#6123 = ORIENTED_EDGE ( 'NONE', *, *, #2961, .T. ) ;
#6124 = CARTESIAN_POINT ( 'NONE',  ( -2.630256121069241004, 13.25999999999999979, 12.51552129397660096 ) ) ;
#6125 =( BOUNDED_CURVE ( )  B_SPLINE_CURVE ( 2, ( #4873, #7654, #1177, #8598, #7927 ),
 .UNSPECIFIED., .F., .F. ) 
 B_SPLINE_CURVE_WITH_KNOTS ( ( 3, 2, 3 ),
 ( 0.6643244442957563223, 0.6704545454545454142, 0.6818181818181816567 ),
 .UNSPECIFIED. ) 
 CURVE ( )  GEOMETRIC_REPRESENTATION_ITEM ( )  RATIONAL_B_SPLINE_CURVE ( ( 0.9621766860142484390, 0.9589368973955085806, 1.000000000000000000, 0.9238795325112875156, 0.9999999999999992228 ) ) 
 REPRESENTATION_ITEM ( '' )  );
#6126 = CARTESIAN_POINT ( 'NONE',  ( 4.142934761456290360, 2.767065238543610306, 14.55659272378686708 ) ) ;
#6127 = CARTESIAN_POINT ( 'NONE',  ( -5.779999999999975380, 11.64999999999999858, -3.550000000000042011 ) ) ;
#6128 = ORIENTED_EDGE ( 'NONE', *, *, #4017, .T. ) ;
#6129 = CIRCLE ( 'NONE', #2488, 5.849999999999999645 ) ;
#6130 = CARTESIAN_POINT ( 'NONE',  ( 6.779999999999988702, 2.000000000000000000, 1.800000000000047118 ) ) ;
#6131 = CARTESIAN_POINT ( 'NONE',  ( 3.302941346545604659E-14, 6.410000000000001030, -4.730000000000001315 ) ) ;
#6132 = CARTESIAN_POINT ( 'NONE',  ( -2.630256121069226349, 0.5600000000000013856, 10.13427129397660309 ) ) ;
#6133 = DIRECTION ( 'NONE',  ( 6.982962677686266711E-15, 0.000000000000000000, -1.000000000000000000 ) ) ;
#6134 = EDGE_LOOP ( 'NONE', ( #827, #7934, #2433, #4585, #967, #5555 ) ) ;
#6135 = CARTESIAN_POINT ( 'NONE',  ( 4.125000000000044409, 1.740000000000000213, -6.349999999999973888 ) ) ;
#6136 = CARTESIAN_POINT ( 'NONE',  ( -4.232967275877915547, 2.859098258817600602, 7.749999999999954703 ) ) ;
#6137 = CARTESIAN_POINT ( 'NONE',  ( -4.142934761456470660, 11.05293476145639175, 11.38159272378680953 ) ) ;
#6138 = CYLINDRICAL_SURFACE ( 'NONE', #3721, 0.2000000000000000944 ) ;
#6139 = CARTESIAN_POINT ( 'NONE',  ( -5.858994527678663466, 9.336874995234211383, 13.02578915235822521 ) ) ;
#6140 = FACE_OUTER_BOUND ( 'NONE', #2974, .T. ) ;
#6141 = CARTESIAN_POINT ( 'NONE',  ( 6.349999999999907274, 9.540256121069173645, 10.47444986540523715 ) ) ;
#6142 =( GEOMETRIC_REPRESENTATION_CONTEXT ( 3 ) GLOBAL_UNCERTAINTY_ASSIGNED_CONTEXT ( ( #5271 ) ) GLOBAL_UNIT_ASSIGNED_CONTEXT ( ( #3598, #7013, #782 ) ) REPRESENTATION_CONTEXT ( 'NONE', 'WORKASPACE' ) );
#6143 = FACE_OUTER_BOUND ( 'NONE', #8527, .T. ) ;
#6144 = CARTESIAN_POINT ( 'NONE',  ( -2.426874995234286736, 1.051005472321430156, 10.75793200950110595 ) ) ;
#6145 = AXIS2_PLACEMENT_3D ( 'NONE', #790, #112, #2058 ) ;
#6146 = CARTESIAN_POINT ( 'NONE',  ( 6.349999999999922373, 4.279743878930872825, 14.89677129397666810 ) ) ;
#6147 = DIRECTION ( 'NONE',  ( -6.982962677686266711E-15, 0.000000000000000000, 1.000000000000000000 ) ) ;
#6148 = DIRECTION ( 'NONE',  ( -1.500625844270594406E-16, 1.000000000000000000, -1.047881426371300450E-30 ) ) ;
#6149 = B_SPLINE_CURVE_WITH_KNOTS ( 'NONE', 3,
 ( #3642, #4884, #244, #6420, #3006, #58, #7666, #6976, #5614, #8382, #2419, #7348, #3197, #8609, #7256, #4472, #3784, #342 ),
 .UNSPECIFIED., .F., .F.,
 ( 4, 2, 2, 2, 2, 2, 2, 2, 4 ),
 ( 0.003135057872119894219, 0.003526838013425610471, 0.003918618154731326290, 0.004310398296037042977, 0.004702178437342758796, 0.005093958578648475483, 0.005485738719954191302, 0.005877518861259907121, 0.006269299002565623807 ),
 .UNSPECIFIED. ) ;
#6150 = CARTESIAN_POINT ( 'NONE',  ( 6.080000000000025828, 11.34999999999999964, -3.549999999999958966 ) ) ;
#6151 = AXIS2_PLACEMENT_3D ( 'NONE', #5559, #93, #1318 ) ;
#6152 = CARTESIAN_POINT ( 'NONE',  ( -0.9500971680094071337, 0.8793095383793012587, 16.37018053236270632 ) ) ;
#6153 = DIRECTION ( 'NONE',  ( 6.982962677686266711E-15, 0.000000000000000000, -1.000000000000000000 ) ) ;
#6154 = DIRECTION ( 'NONE',  ( 6.982962677686266711E-15, -0.000000000000000000, -1.000000000000000000 ) ) ;
#6155 = EDGE_CURVE ( 'NONE', #5313, #5920, #3578, .T. ) ;
#6156 = EDGE_CURVE ( 'NONE', #6313, #8869, #2733, .T. ) ;
#6157 = CARTESIAN_POINT ( 'NONE',  ( 5.858994527678496489, 9.336874995234211383, 10.87132486664402187 ) ) ;
#6158 = LINE ( 'NONE', #1320, #240 ) ;
#6159 = CARTESIAN_POINT ( 'NONE',  ( -4.142934761456495529, 2.767065238543608530, 15.01016415235823587 ) ) ;
#6160 = EDGE_CURVE ( 'NONE', #3934, #3293, #5817, .T. ) ;
#6161 = CARTESIAN_POINT ( 'NONE',  ( -2.244749429223601656, 12.84999999999999964, -9.851725008082841128 ) ) ;
#6162 = CARTESIAN_POINT ( 'NONE',  ( -1.960815919894303238E-13, 6.910000000000000142, 28.07999999999999474 ) ) ;
#6163 = ORIENTED_EDGE ( 'NONE', *, *, #4200, .F. ) ;
#6164 = AXIS2_PLACEMENT_3D ( 'NONE', #7410, #3344, #5961 ) ;
#6165 = CIRCLE ( 'NONE', #6028, 0.1999999999999996503 ) ;
#6166 = PLANE ( 'NONE',  #6506 ) ;
#6167 = VERTEX_POINT ( 'NONE', #1536 ) ;
#6168 = VECTOR ( 'NONE', #5838, 1000.000000000000000 ) ;
#6169 = CARTESIAN_POINT ( 'NONE',  ( -3.580000000000021831, 0.6399999999999999023, 3.299999999999975397 ) ) ;
#6170 = CARTESIAN_POINT ( 'NONE',  ( -6.350000000000076028, 6.910000000000000142, 10.87132486540514797 ) ) ;
#6171 = CARTESIAN_POINT ( 'NONE',  ( -5.858994527678669684, 6.910000000000000142, 14.21641415235822592 ) ) ;
#6172 = ORIENTED_EDGE ( 'NONE', *, *, #3146, .F. ) ;
#6173 = EDGE_CURVE ( 'NONE', #5713, #7012, #4313, .T. ) ;
#6174 =( BOUNDED_CURVE ( )  B_SPLINE_CURVE ( 2, ( #2129, #7796, #4320, #1454, #4271, #7143, #5649, #7002, #2221 ),
 .UNSPECIFIED., .F., .F. ) 
 B_SPLINE_CURVE_WITH_KNOTS ( ( 3, 2, 2, 2, 3 ),
 ( 0.4999999999999998335, 0.5113636363636362425, 0.5227272727272725961, 0.5340909090909090606, 0.5454545454545454142 ),
 .UNSPECIFIED. ) 
 CURVE ( )  GEOMETRIC_REPRESENTATION_ITEM ( )  RATIONAL_B_SPLINE_CURVE ( ( 1.000000000000001110, 0.9238795325112856283, 1.000000000000000000, 0.9238795325112867385, 1.000000000000000000, 0.9238795325112867385, 1.000000000000000000, 0.9238795325112867385, 1.000000000000000000 ) ) 
 REPRESENTATION_ITEM ( '' )  );
#6175 = CARTESIAN_POINT ( 'NONE',  ( -1.501160829118054485, 12.85000000000000320, 14.57409306056687726 ) ) ;
#6176 = FACE_OUTER_BOUND ( 'NONE', #1429, .T. ) ;
#6177 = CARTESIAN_POINT ( 'NONE',  ( 2.426874995234144183, 1.051005472321430156, 9.964182009501142190 ) ) ;
#6178 = CYLINDRICAL_SURFACE ( 'NONE', #1687, 4.000000000000000000 ) ;
#6179 = CARTESIAN_POINT ( 'NONE',  ( 5.858994527678482278, 6.910000000000001030, 12.62891415235830728 ) ) ;
#6180 = ORIENTED_EDGE ( 'NONE', *, *, #329, .T. ) ;
#6181 = PLANE ( 'NONE',  #4623 ) ;
#6182 = CIRCLE ( 'NONE', #3125, 0.2000000000000000944 ) ;
#6183 = EDGE_CURVE ( 'NONE', #7157, #1182, #1750, .T. ) ;
#6184 = CARTESIAN_POINT ( 'NONE',  ( -4.490128060534646082, 2.419871939465422450, 10.19096772502559745 ) ) ;
#6185 = AXIS2_PLACEMENT_3D ( 'NONE', #5128, #4428, #4292 ) ;
#6186 = LINE ( 'NONE', #5668, #5855 ) ;
#6187 = CARTESIAN_POINT ( 'NONE',  ( 4.142934761456306347, 11.05293476145639175, 12.06194986664401014 ) ) ;
#6188 = LINE ( 'NONE', #1956, #468 ) ;
#6189 = CARTESIAN_POINT ( 'NONE',  ( -6.350000000000100897, 6.910000000000000142, 14.49989629397657609 ) ) ;
#6190 = CARTESIAN_POINT ( 'NONE',  ( -1.152887138086002546E-13, 6.910000000000000142, 16.51000000000000156 ) ) ;
#6191 = CARTESIAN_POINT ( 'NONE',  ( 6.349999999999885958, 9.540256121069194961, 10.58784272502567347 ) ) ;
#6192 = CARTESIAN_POINT ( 'NONE',  ( 5.293093937814691508, 4.215933310773295695, 16.46040594464475149 ) ) ;
#6193 = DIRECTION ( 'NONE',  ( -6.982962677686266711E-15, -0.000000000000000000, 1.000000000000000000 ) ) ;
#6194 = DIRECTION ( 'NONE',  ( -1.000000000000000000, 0.000000000000000000, -6.308085367188388861E-15 ) ) ;
#6195 = AXIS2_PLACEMENT_3D ( 'NONE', #7872, #6401, #1626 ) ;
#6196 = CARTESIAN_POINT ( 'NONE',  ( -5.858994527678656361, 9.336874995234211383, 12.11864629521536862 ) ) ;
#6197 = AXIS2_PLACEMENT_3D ( 'NONE', #7986, #2467, #8168 ) ;
#6198 = CYLINDRICAL_SURFACE ( 'NONE', #8519, 0.1999999999999998723 ) ;
#6199 = CARTESIAN_POINT ( 'NONE',  ( 5.858994527678470732, 9.336874995234211383, 14.49989629521545176 ) ) ;
#6200 = B_SPLINE_CURVE_WITH_KNOTS ( 'NONE', 3,
 ( #5095, #7865, #945, #3711 ),
 .UNSPECIFIED., .F., .F.,
 ( 4, 4 ),
 ( 0.02322127035914869561, 0.02408205901458538786 ),
 .UNSPECIFIED. ) ;
#6201 = ORIENTED_EDGE ( 'NONE', *, *, #4141, .T. ) ;
#6202 = ORIENTED_EDGE ( 'NONE', *, *, #1980, .F. ) ;
#6203 = SURFACE_STYLE_FILL_AREA ( #610 ) ;
#6204 = DIRECTION ( 'NONE',  ( 6.982962677686266711E-15, 0.000000000000000000, -1.000000000000000000 ) ) ;
#6205 = VERTEX_POINT ( 'NONE', #7921 ) ;
#6206 = CYLINDRICAL_SURFACE ( 'NONE', #2354, 0.1999999999999996503 ) ;
#6207 = ADVANCED_FACE ( 'NONE', ( #1098 ), #372, .F. ) ;
#6208 = CARTESIAN_POINT ( 'NONE',  ( -1.152887138086002546E-13, 6.910000000000000142, 16.51000000000000156 ) ) ;
#6209 = ORIENTED_EDGE ( 'NONE', *, *, #1115, .F. ) ;
#6210 = CARTESIAN_POINT ( 'NONE',  ( 6.349999999999887734, 6.910000000000001030, 15.97400343931138700 ) ) ;
#6211 = DIRECTION ( 'NONE',  ( 6.982962677686266711E-15, 0.000000000000000000, -1.000000000000000000 ) ) ;
#6212 = TOROIDAL_SURFACE ( 'NONE', #8962, 0.09999999999999990841, 0.2000000000000000111 ) ;
#6213 = CARTESIAN_POINT ( 'NONE',  ( -4.490128060534652299, 11.40012806053457695, 10.75793200826230489 ) ) ;
#6214 = CARTESIAN_POINT ( 'NONE',  ( -4.142934761456502635, 2.767065238543608530, 16.14409272378680882 ) ) ;
#6215 = ORIENTED_EDGE ( 'NONE', *, *, #7391, .F. ) ;
#6216 = CARTESIAN_POINT ( 'NONE',  ( -5.779999999999975380, 2.240000000000000657, -3.550000000000042011 ) ) ;
#6217 = DIRECTION ( 'NONE',  ( -8.520838099651520869E-15, 0.000000000000000000, 1.000000000000000000 ) ) ;
#6218 = CARTESIAN_POINT ( 'NONE',  ( -5.858994527678651920, 6.910000000000000142, 11.49498558092965439 ) ) ;
#6219 = DIRECTION ( 'NONE',  ( -1.000000000000000000, 0.000000000000000000, -7.047314121155779610E-15 ) ) ;
#6220 = CARTESIAN_POINT ( 'NONE',  ( 4.142934761456288584, 11.05293476145639175, 14.55659272378686708 ) ) ;
#6221 = CIRCLE ( 'NONE', #1873, 0.2000000000000000944 ) ;
#6222 = EDGE_LOOP ( 'NONE', ( #7315, #2452, #944 ) ) ;
#6223 = CARTESIAN_POINT ( 'NONE',  ( 6.280000000000044658, 11.34999999999999964, -6.349999999999958789 ) ) ;
#6224 = FACE_OUTER_BOUND ( 'NONE', #5220, .T. ) ;
#6225 = CARTESIAN_POINT ( 'NONE',  ( -2.630256121069227238, 0.5600000000000016076, 10.24766415359703586 ) ) ;
#6226 = EDGE_CURVE ( 'NONE', #3145, #7360, #1892, .T. ) ;
#6227 = CARTESIAN_POINT ( 'NONE',  ( -5.858994527678651920, 4.483125004765785349, 11.55168200950108215 ) ) ;
#6228 = EDGE_CURVE ( 'NONE', #340, #2931, #3817, .T. ) ;
#6229 = FACE_OUTER_BOUND ( 'NONE', #6515, .T. ) ;
#6230 = CARTESIAN_POINT ( 'NONE',  ( -3.924999999999961631, 0.2000000000000000944, -5.450000000000031264 ) ) ;
#6231 = VERTEX_POINT ( 'NONE', #1676 ) ;
#6232 = CARTESIAN_POINT ( 'NONE',  ( -3.724999999999974776, 0.000000000000000000, -3.550000000000027356 ) ) ;
#6233 = ORIENTED_EDGE ( 'NONE', *, *, #3821, .F. ) ;
#6234 = AXIS2_PLACEMENT_3D ( 'NONE', #3349, #8897, #2656 ) ;
#6235 = CARTESIAN_POINT ( 'NONE',  ( 5.858994527678462738, 6.910000000000001030, 15.57712843807259517 ) ) ;
#6236 = CARTESIAN_POINT ( 'NONE',  ( 2.542041011992467237, 1.439825025692430094, 16.41262845706691209 ) ) ;
#6237 = DIRECTION ( 'NONE',  ( -1.000000000000000000, 0.000000000000000000, -7.102804783527084762E-15 ) ) ;
#6238 = CARTESIAN_POINT ( 'NONE',  ( -2.143861741147670973E-13, 6.910000000000000142, 30.70132034355964379 ) ) ;
#6239 = EDGE_CURVE ( 'NONE', #5713, #1749, #1293, .T. ) ;
#6240 = CARTESIAN_POINT ( 'NONE',  ( 5.858994527678504483, 4.483125004765792454, 9.850789152358307987 ) ) ;
#6241 = LINE ( 'NONE', #8, #7377 ) ;
#6242 = CARTESIAN_POINT ( 'NONE',  ( -2.426874995234313825, 12.76899452767857390, 14.72668200950110595 ) ) ;
#6243 = ADVANCED_FACE ( 'NONE', ( #463 ), #1142, .T. ) ;
#6244 = VERTEX_POINT ( 'NONE', #1778 ) ;
#6245 = FACE_OUTER_BOUND ( 'NONE', #1704, .T. ) ;
#6246 = ORIENTED_EDGE ( 'NONE', *, *, #4280, .T. ) ;
#6247 = VECTOR ( 'NONE', #7980, 1000.000000000000000 ) ;
#6248 = DIRECTION ( 'NONE',  ( 0.000000000000000000, 1.000000000000000000, 0.000000000000000000 ) ) ;
#6249 = PRESENTATION_STYLE_ASSIGNMENT (( #8428 ) ) ;
#6250 = VERTEX_POINT ( 'NONE', #8642 ) ;
#6251 = LINE ( 'NONE', #8142, #405 ) ;
#6252 = CARTESIAN_POINT ( 'NONE',  ( -6.838470025740861464E-14, 13.26000000000000156, 9.737396293976621209 ) ) ;
#6253 = CARTESIAN_POINT ( 'NONE',  ( -2.426874995234318710, 1.051005472321430156, 15.29364629521539065 ) ) ;
#6254 = ORIENTED_EDGE ( 'NONE', *, *, #759, .T. ) ;
#6255 = CARTESIAN_POINT ( 'NONE',  ( 3.379999999999956373, 0.2000000000000000944, 6.100000000000023626 ) ) ;
#6256 = EDGE_CURVE ( 'NONE', #2303, #1506, #2606, .T. ) ;
#6257 = FACE_OUTER_BOUND ( 'NONE', #2906, .T. ) ;
#6258 = CARTESIAN_POINT ( 'NONE',  ( -5.858994527678664355, 4.483125004765785349, 13.36596772378679887 ) ) ;
#6259 = DIRECTION ( 'NONE',  ( 0.000000000000000000, 1.000000000000000000, 0.000000000000000000 ) ) ;
#6260 = ADVANCED_FACE ( 'NONE', ( #7289 ), #7044, .T. ) ;
#6261 = CARTESIAN_POINT ( 'NONE',  ( -5.858994527678637709, 9.336874995234211383, 9.397217723786798871 ) ) ;
#6262 = AXIS2_PLACEMENT_3D ( 'NONE', #6780, #8833, #4005 ) ;
#6263 = ORIENTED_EDGE ( 'NONE', *, *, #3583, .T. ) ;
#6264 = DIRECTION ( 'NONE',  ( 1.000000000000000000, 0.000000000000000000, 6.938893903907222067E-15 ) ) ;
#6265 = DIRECTION ( 'NONE',  ( 0.000000000000000000, -1.000000000000000000, -0.000000000000000000 ) ) ;
#6266 = DIRECTION ( 'NONE',  ( 6.982962677686257244E-15, 0.000000000000000000, -1.000000000000000000 ) ) ;
#6267 = EDGE_CURVE ( 'NONE', #7290, #3749, #7708, .T. ) ;
#6268 = CARTESIAN_POINT ( 'NONE',  ( 2.426874995234138854, 12.76899452767857390, 10.30436058092971230 ) ) ;
#6269 = ORIENTED_EDGE ( 'NONE', *, *, #5510, .F. ) ;
#6270 = ORIENTED_EDGE ( 'NONE', *, *, #5454, .F. ) ;
#6271 = DIRECTION ( 'NONE',  ( 1.000000000000000000, 0.000000000000000000, 6.982962677686266711E-15 ) ) ;
#6272 = PRESENTATION_STYLE_ASSIGNMENT (( #6310 ) ) ;
#6273 = EDGE_CURVE ( 'NONE', #2303, #8488, #1788, .T. ) ;
#6274 = EDGE_LOOP ( 'NONE', ( #2416, #1564, #4421, #7620 ) ) ;
#6275 = CARTESIAN_POINT ( 'NONE',  ( 6.080000000000043592, 11.34999999999999964, -6.149999999999960387 ) ) ;
#6276 = AXIS2_PLACEMENT_3D ( 'NONE', #6289, #8565, #4374 ) ;
#6277 = ORIENTED_EDGE ( 'NONE', *, *, #5486, .F. ) ;
#6278 = CARTESIAN_POINT ( 'NONE',  ( -2.426874995234318266, 1.051005472321430156, 15.29364629521539065 ) ) ;
#6279 = AXIS2_PLACEMENT_3D ( 'NONE', #8906, #1470, #2148 ) ;
#6280 = FACE_OUTER_BOUND ( 'NONE', #7024, .T. ) ;
#6281 = CARTESIAN_POINT ( 'NONE',  ( 4.503250400362703409, 11.27369219116010335, 7.750000000000030198 ) ) ;
#6282 = AXIS2_PLACEMENT_3D ( 'NONE', #7852, #1026, #1603 ) ;
#6283 = CARTESIAN_POINT ( 'NONE',  ( 5.858994527678468955, 6.910000000000001030, 14.66998558092973681 ) ) ;
#6284 = CARTESIAN_POINT ( 'NONE',  ( 4.142934761456332993, 11.05293476145639175, 8.206592723786867438 ) ) ;
#6285 = DIRECTION ( 'NONE',  ( -1.000000000000000000, 0.000000000000000000, -6.982962677686266711E-15 ) ) ;
#6286 = CARTESIAN_POINT ( 'NONE',  ( -4.142934761456499970, 11.05293476145639175, 15.69052129521538319 ) ) ;
#6287 = ORIENTED_EDGE ( 'NONE', *, *, #2637, .F. ) ;
#6288 = ORIENTED_EDGE ( 'NONE', *, *, #2590, .F. ) ;
#6289 = CARTESIAN_POINT ( 'NONE',  ( -5.779999999999956728, 2.240000000000000657, -6.150000000000042100 ) ) ;
#6290 = PLANE ( 'NONE',  #8409 ) ;
#6291 = ORIENTED_EDGE ( 'NONE', *, *, #7844, .T. ) ;
#6292 = VECTOR ( 'NONE', #5824, 1000.000000000000000 ) ;
#6293 = SURFACE_STYLE_FILL_AREA ( #2773 ) ;
#6294 = ORIENTED_EDGE ( 'NONE', *, *, #759, .F. ) ;
#6295 = CYLINDRICAL_SURFACE ( 'NONE', #5930, 6.349999999999999645 ) ;
#6296 = DIRECTION ( 'NONE',  ( 1.000000000000000000, 0.000000000000000000, 6.505213034913037648E-15 ) ) ;
#6297 =( NAMED_UNIT ( * ) PLANE_ANGLE_UNIT ( ) SI_UNIT ( $, .RADIAN. ) );
#6298 = VERTEX_POINT ( 'NONE', #2459 ) ;
#6299 = LINE ( 'NONE', #2292, #3586 ) ;
#6300 = CARTESIAN_POINT ( 'NONE',  ( -2.426874995234305832, 1.051005472321430156, 13.47936058092968103 ) ) ;
#6301 = CARTESIAN_POINT ( 'NONE',  ( -6.079999999999976978, 11.34999999999999964, -3.350000000000044054 ) ) ;
#6302 = CARTESIAN_POINT ( 'NONE',  ( -5.858994527678637709, 4.483125004765785349, 9.510610580929656166 ) ) ;
#6303 = AXIS2_PLACEMENT_3D ( 'NONE', #5638, #3570, #7689 ) ;
#6304 = DIRECTION ( 'NONE',  ( -6.982962677686266711E-15, 0.000000000000000000, 1.000000000000000000 ) ) ;
#6305 = DIRECTION ( 'NONE',  ( -1.000000000000000000, 0.000000000000000000, -6.982962677686266711E-15 ) ) ;
#6306 = CARTESIAN_POINT ( 'NONE',  ( -4.124999999999974243, 1.940000000000000391, -3.550000000000030020 ) ) ;
#6307 = CIRCLE ( 'NONE', #5591, 0.1999999999999996503 ) ;
#6308 = CARTESIAN_POINT ( 'NONE',  ( -8.537872377296971971E-14, 12.76899452767857213, 12.17534272378683902 ) ) ;
#6309 = CARTESIAN_POINT ( 'NONE',  ( -6.580000000000024052, 0.000000000000000000, 3.299999999999954525 ) ) ;
#6310 = SURFACE_STYLE_USAGE ( .BOTH. , #5103 ) ;
#6311 = ORIENTED_EDGE ( 'NONE', *, *, #1647, .F. ) ;
#6312 = CARTESIAN_POINT ( 'NONE',  ( 6.349999999999927702, 4.279743878930872825, 14.10302129645424607 ) ) ;
#6313 = VERTEX_POINT ( 'NONE', #3280 ) ;
#6314 = CARTESIAN_POINT ( 'NONE',  ( -5.858994527678664355, 4.483125004765786237, 13.36596772378679887 ) ) ;
#6315 = DIRECTION ( 'NONE',  ( -6.938893903907229955E-15, 0.000000000000000000, 1.000000000000000000 ) ) ;
#6316 = DIRECTION ( 'NONE',  ( 0.000000000000000000, -1.000000000000000000, 0.000000000000000000 ) ) ;
#6317 = DIRECTION ( 'NONE',  ( -1.000000000000000000, 0.000000000000000000, -6.938893903907226800E-15 ) ) ;
#6318 = EDGE_CURVE ( 'NONE', #2323, #1932, #6063, .T. ) ;
#6319 = CARTESIAN_POINT ( 'NONE',  ( -3.523501616404810299, 12.36675450466445625, 16.17132246259001604 ) ) ;
#6320 = CARTESIAN_POINT ( 'NONE',  ( -4.142934761456464443, 2.767065238543608530, 10.70123558092966753 ) ) ;
#6321 = CARTESIAN_POINT ( 'NONE',  ( -5.858994527678636821, 4.483125004765786237, 9.510610580929656166 ) ) ;
#6322 = FACE_OUTER_BOUND ( 'NONE', #4730, .T. ) ;
#6323 = CARTESIAN_POINT ( 'NONE',  ( 2.426874995234120647, 1.051005472321430156, 13.36596772378685571 ) ) ;
#6324 = ORIENTED_EDGE ( 'NONE', *, *, #4734, .T. ) ;
#6325 = ORIENTED_EDGE ( 'NONE', *, *, #3048, .F. ) ;
#6326 = CARTESIAN_POINT ( 'NONE',  ( -3.579999999999975202, 0.6400000000000000133, -3.350000000000026734 ) ) ;
#6327 = FACE_BOUND ( 'NONE', #1971, .T. ) ;
#6328 = ORIENTED_EDGE ( 'NONE', *, *, #3531, .F. ) ;
#6329 = ADVANCED_FACE ( 'NONE', ( #6653 ), #7428, .T. ) ;
#6330 = ADVANCED_FACE ( 'NONE', ( #6739 ), #3236, .F. ) ;
#6331 = VECTOR ( 'NONE', #2536, 1000.000000000000000 ) ;
#6332 = AXIS2_PLACEMENT_3D ( 'NONE', #6027, #2554, #8797 ) ;
#6333 = CARTESIAN_POINT ( 'NONE',  ( -6.350000000000104450, 4.279743878930850620, 13.64944986540514726 ) ) ;
#6334 = AXIS2_PLACEMENT_3D ( 'NONE', #1016, #431, #4369 ) ;
#6335 = VERTEX_POINT ( 'NONE', #1833 ) ;
#6336 = LINE ( 'NONE', #2016, #4551 ) ;
#6337 = FACE_OUTER_BOUND ( 'NONE', #1403, .T. ) ;
#6338 = CARTESIAN_POINT ( 'NONE',  ( -5.780000000000010019, 11.34999999999999964, -4.925044421598588175E-14 ) ) ;
#6339 = VECTOR ( 'NONE', #4952, 1000.000000000000000 ) ;
#6340 = ORIENTED_EDGE ( 'NONE', *, *, #8111, .T. ) ;
#6341 = CARTESIAN_POINT ( 'NONE',  ( 5.780000000000042881, 1.940000000000000391, -6.149999999999962164 ) ) ;
#6342 = TOROIDAL_SURFACE ( 'NONE', #5057, 0.4000000000000000222, 0.2000000000000000111 ) ;
#6343 = PRESENTATION_STYLE_ASSIGNMENT (( #254 ) ) ;
#6344 = ORIENTED_EDGE ( 'NONE', *, *, #4183, .T. ) ;
#6345 = VERTEX_POINT ( 'NONE', #1060 ) ;
#6346 = LINE ( 'NONE', #5182, #8557 ) ;
#6347 = CARTESIAN_POINT ( 'NONE',  ( -5.370600019917843585E-14, 12.76899452767857213, 7.639628438072552541 ) ) ;
#6348 = CARTESIAN_POINT ( 'NONE',  ( 5.858994527678495601, 6.910000000000001030, 10.81462843807259588 ) ) ;
#6349 = AXIS2_PLACEMENT_3D ( 'NONE', #5420, #8195, #1953 ) ;
#6350 = EDGE_CURVE ( 'NONE', #4285, #8862, #2412, .T. ) ;
#6351 = PLANE ( 'NONE',  #4759 ) ;
#6352 =( GEOMETRIC_REPRESENTATION_CONTEXT ( 3 ) GLOBAL_UNCERTAINTY_ASSIGNED_CONTEXT ( ( #1109 ) ) GLOBAL_UNIT_ASSIGNED_CONTEXT ( ( #2920, #4902, #8482 ) ) REPRESENTATION_CONTEXT ( 'NONE', 'WORKASPACE' ) );
#6353 = CARTESIAN_POINT ( 'NONE',  ( 5.780000000000026006, 2.240000000000000657, -3.549999999999961187 ) ) ;
#6354 = CARTESIAN_POINT ( 'NONE',  ( -4.142934761456459114, 2.767065238543608530, 9.794092723786809174 ) ) ;
#6355 = CARTESIAN_POINT ( 'NONE',  ( -2.630256121069235231, 13.25999999999999979, 11.60837843683374437 ) ) ;
#6356 = VERTEX_POINT ( 'NONE', #1918 ) ;
#6357 = FACE_OUTER_BOUND ( 'NONE', #3097, .T. ) ;
#6358 = FILL_AREA_STYLE_COLOUR ( '', #1166 ) ;
#6359 = EDGE_LOOP ( 'NONE', ( #3811, #4340, #5033, #2605 ) ) ;
#6360 = PLANE ( 'NONE',  #4358 ) ;
#6361 = ORIENTED_EDGE ( 'NONE', *, *, #3694, .F. ) ;
#6362 = CARTESIAN_POINT ( 'NONE',  ( -8.077641163668189319E-14, 1.051005472321429268, 11.72177129521540984 ) ) ;
#6363 = FACE_OUTER_BOUND ( 'NONE', #1935, .T. ) ;
#6364 = DIRECTION ( 'NONE',  ( 1.000000000000000000, 0.000000000000000000, 6.505213034913023449E-15 ) ) ;
#6365 = ADVANCED_FACE ( 'NONE', ( #8703 ), #445, .T. ) ;
#6366 = PLANE ( 'NONE',  #3101 ) ;
#6367 = ADVANCED_FACE ( 'NONE', ( #7342 ), #4696, .F. ) ;
#6368 = CARTESIAN_POINT ( 'NONE',  ( -2.426874995234280963, 1.051005472321430156, 9.850789152358249368 ) ) ;
#6369 = EDGE_CURVE ( 'NONE', #2196, #8694, #8789, .T. ) ;
#6370 = CARTESIAN_POINT ( 'NONE',  ( -2.426874995234284960, 1.051005472321430156, 10.53114629521539314 ) ) ;
#6371 = DIRECTION ( 'NONE',  ( -1.000000000000000000, 0.000000000000000000, -7.102804783527084762E-15 ) ) ;
#6372 = CARTESIAN_POINT ( 'NONE',  ( 2.426874995234121535, 12.76899452767857390, 12.79900343807257279 ) ) ;
#6373 = EDGE_LOOP ( 'NONE', ( #3251, #2343 ) ) ;
#6374 = ORIENTED_EDGE ( 'NONE', *, *, #2854, .T. ) ;
#6375 = FACE_OUTER_BOUND ( 'NONE', #8662, .T. ) ;
#6376 = DIRECTION ( 'NONE',  ( 6.938893903907229955E-15, 0.000000000000000000, -1.000000000000000000 ) ) ;
#6377 = ORIENTED_EDGE ( 'NONE', *, *, #8264, .T. ) ;
#6378 = EDGE_CURVE ( 'NONE', #3669, #4439, #824, .T. ) ;
#6379 = ADVANCED_FACE ( 'NONE', ( #430 ), #336, .T. ) ;
#6380 = LINE ( 'NONE', #2423, #8678 ) ;
#6381 = CARTESIAN_POINT ( 'NONE',  ( -2.630256121069245889, 0.5600000000000013856, 12.96909272502561272 ) ) ;
#6382 = CARTESIAN_POINT ( 'NONE',  ( -4.124999999999976019, 0.2000000000000000944, -3.350000000000029843 ) ) ;
#6383 = FACE_OUTER_BOUND ( 'NONE', #3393, .T. ) ;
#6384 = AXIS2_PLACEMENT_3D ( 'NONE', #6232, #8996, #6961 ) ;
#6385 = ORIENTED_EDGE ( 'NONE', *, *, #7673, .F. ) ;
#6386 = DIRECTION ( 'NONE',  ( -6.982962677686266711E-15, -0.000000000000000000, 1.000000000000000000 ) ) ;
#6387 = ORIENTED_EDGE ( 'NONE', *, *, #2367, .F. ) ;
#6388 = CARTESIAN_POINT ( 'NONE',  ( -0.9999480695254742146, 2.215311100715701809, 24.31124541303857711 ) ) ;
#6389 = ORIENTED_EDGE ( 'NONE', *, *, #4474, .T. ) ;
#6390 = VERTEX_POINT ( 'NONE', #380 ) ;
#6391 = FACE_OUTER_BOUND ( 'NONE', #4235, .T. ) ;
#6392 = CARTESIAN_POINT ( 'NONE',  ( 3.547345040264623994E-14, -4.540000000000000036, -5.080000000000000071 ) ) ;
#6393 = CARTESIAN_POINT ( 'NONE',  ( 2.426874995234144627, 12.76899452767857390, 9.397217723786855714 ) ) ;
#6394 = CARTESIAN_POINT ( 'NONE',  ( -5.858994527678649256, 9.336874995234211383, 11.21150343807251382 ) ) ;
#6395 = DIRECTION ( 'NONE',  ( 6.982962677686266711E-15, -0.000000000000000000, -1.000000000000000000 ) ) ;
#6396 = VERTEX_POINT ( 'NONE', #3192 ) ;
#6397 = CARTESIAN_POINT ( 'NONE',  ( 5.079999999999992077, -10.28842712474619248, 1.000000000000035305 ) ) ;
#6398 = CARTESIAN_POINT ( 'NONE',  ( 5.858994527678513364, 9.336874995234211383, 8.376682009501164927 ) ) ;
#6399 = CARTESIAN_POINT ( 'NONE',  ( -6.350000000000062705, 9.540256121069157658, 9.000342722548005270 ) ) ;
#6400 = ORIENTED_EDGE ( 'NONE', *, *, #7862, .F. ) ;
#6401 = DIRECTION ( 'NONE',  ( -7.921111762451229436E-17, -1.000000000000000000, 7.921111762451118503E-17 ) ) ;
#6402 = CIRCLE ( 'NONE', #4676, 1.250000000000000222 ) ;
#6403 =( BOUNDED_CURVE ( )  B_SPLINE_CURVE ( 2, ( #4073, #4038, #8986, #1305, #4774, #4000, #3442, #1226, #2073 ),
 .UNSPECIFIED., .F., .T. ) 
 B_SPLINE_CURVE_WITH_KNOTS ( ( 3, 2, 2, 2, 3 ),
 ( 0.8636363636363635354, 0.8750000000000000000, 0.8863636363636363535, 0.8977272727272727071, 0.9090909090909091717 ),
 .UNSPECIFIED. ) 
 CURVE ( )  GEOMETRIC_REPRESENTATION_ITEM ( )  RATIONAL_B_SPLINE_CURVE ( ( 1.000000000000000666, 0.9238795325112859613, 1.000000000000000000, 0.9238795325112867385, 1.000000000000000000, 0.9238795325112867385, 1.000000000000000000, 0.9238795325112859613, 1.000000000000000666 ) ) 
 REPRESENTATION_ITEM ( '' )  );
#6404 = LINE ( 'NONE', #2124, #8568 ) ;
#6405 = EDGE_LOOP ( 'NONE', ( #69, #264, #5704, #323 ) ) ;
#6406 = CARTESIAN_POINT ( 'NONE',  ( 4.829136339663476107, 10.25014799220457817, 16.50480700702356884 ) ) ;
#6407 = ORIENTED_EDGE ( 'NONE', *, *, #168, .F. ) ;
#6408 = CARTESIAN_POINT ( 'NONE',  ( 4.142934761456302795, 2.767065238543610306, 12.74230700950115214 ) ) ;
#6409 = DIRECTION ( 'NONE',  ( -1.000000000000000000, 0.000000000000000000, -7.047314121155779610E-15 ) ) ;
#6410 = CARTESIAN_POINT ( 'NONE',  ( 3.579999999999976090, 0.2000000000000000944, 3.300000000000025580 ) ) ;
#6411 = SPHERICAL_SURFACE ( 'NONE', #5444, 0.2000000000000000111 ) ;
#6412 = CARTESIAN_POINT ( 'NONE',  ( 2.426874995234144627, 12.76899452767857390, 9.397217723786855714 ) ) ;
#6413 = CARTESIAN_POINT ( 'NONE',  ( 2.426874995234145960, 1.051005472321430156, 9.737396295215427600 ) ) ;
#6414 = DIRECTION ( 'NONE',  ( 8.520838099651520869E-15, -0.000000000000000000, -1.000000000000000000 ) ) ;
#6415 = AXIS2_PLACEMENT_3D ( 'NONE', #7020, #4290, #2585 ) ;
#6416 = CARTESIAN_POINT ( 'NONE',  ( 5.858994527678490272, 4.483125004765792454, 11.66507486664402293 ) ) ;
#6417 = ORIENTED_EDGE ( 'NONE', *, *, #1834, .T. ) ;
#6418 = ADVANCED_FACE ( 'NONE', ( #5981 ), #2508, .F. ) ;
#6419 = CARTESIAN_POINT ( 'NONE',  ( -3.380000000000041194, 2.000000000000000000, 6.099999999999976552 ) ) ;
#6420 = CARTESIAN_POINT ( 'NONE',  ( -0.5033959320149625771, 11.68505806105578237, 23.30617032704802938 ) ) ;
#6421 = ORIENTED_EDGE ( 'NONE', *, *, #7148, .T. ) ;
#6422 = LINE ( 'NONE', #5028, #5337 ) ;
#6423 = EDGE_CURVE ( 'NONE', #7843, #2493, #1770, .T. ) ;
#6424 = CARTESIAN_POINT ( 'NONE',  ( -4.490128060534670951, 2.419871939465422450, 13.81953915359702378 ) ) ;
#6425 = CARTESIAN_POINT ( 'NONE',  ( 3.725000000000024070, 0.2000000000000000111, -3.349999999999975220 ) ) ;
#6426 = CARTESIAN_POINT ( 'NONE',  ( 6.779999999999957616, 0.2000000000000000944, 6.100000000000048495 ) ) ;
#6427 = VERTEX_POINT ( 'NONE', #5513 ) ;
#6428 = AXIS2_PLACEMENT_3D ( 'NONE', #4090, #4786, #6871 ) ;
#6429 = CARTESIAN_POINT ( 'NONE',  ( -6.350000000000062705, 4.279743878930841738, 9.113735579690862565 ) ) ;
#6430 = DIRECTION ( 'NONE',  ( 6.938893903907229955E-15, 0.000000000000000000, -1.000000000000000000 ) ) ;
#6431 = ORIENTED_EDGE ( 'NONE', *, *, #3587, .F. ) ;
#6432 = ORIENTED_EDGE ( 'NONE', *, *, #8658, .F. ) ;
#6433 = PRODUCT_DEFINITION ( 'UNKNOWN', '', #3709, #7199 ) ;
#6434 = CARTESIAN_POINT ( 'NONE',  ( 5.780000000000038440, 0.6400000000000000133, -5.649999999999962164 ) ) ;
#6435 = CARTESIAN_POINT ( 'NONE',  ( -3.724999999999977440, 0.000000000000000000, -3.150000000000027445 ) ) ;
#6436 = CARTESIAN_POINT ( 'NONE',  ( -4.142934761456459114, 2.767065238543608530, 9.794092723786809174 ) ) ;
#6437 = PLANE ( 'NONE',  #7226 ) ;
#6438 = CARTESIAN_POINT ( 'NONE',  ( -7.285823074323409432E-14, 1.051005472321429268, 10.58784272378684044 ) ) ;
#6439 = DIRECTION ( 'NONE',  ( 1.000000000000000000, 0.000000000000000000, 6.505213034913037648E-15 ) ) ;
#6440 = ORIENTED_EDGE ( 'NONE', *, *, #7954, .F. ) ;
#6441 = CARTESIAN_POINT ( 'NONE',  ( 6.879422804227080120E-14, 6.910000000000000142, -9.851725008082825141 ) ) ;
#6442 = DIRECTION ( 'NONE',  ( -1.000000000000000000, 0.000000000000000000, -7.434529182757734548E-15 ) ) ;
#6443 = AXIS2_PLACEMENT_3D ( 'NONE', #1326, #3292, #4709 ) ;
#6444 = EDGE_CURVE ( 'NONE', #6244, #8869, #4782, .T. ) ;
#6445 = CARTESIAN_POINT ( 'NONE',  ( -4.142934761456445791, 2.767065238543608530, 7.979807009501094228 ) ) ;
#6446 = CARTESIAN_POINT ( 'NONE',  ( -2.630256121069222353, 13.25999999999999979, 9.794092722548031205 ) ) ;
#6447 = ORIENTED_EDGE ( 'NONE', *, *, #6256, .T. ) ;
#6448 = ORIENTED_EDGE ( 'NONE', *, *, #3771, .T. ) ;
#6449 = LINE ( 'NONE', #1485, #885 ) ;
#6450 = AXIS2_PLACEMENT_3D ( 'NONE', #2747, #7735, #5545 ) ;
#6451 = CARTESIAN_POINT ( 'NONE',  ( -4.124999999999976019, 0.000000000000000000, -3.350000000000029843 ) ) ;
#6452 = VERTEX_POINT ( 'NONE', #7554 ) ;
#6453 = CARTESIAN_POINT ( 'NONE',  ( -2.244749429223761528, 12.84999999999999609, 11.71712222963419414 ) ) ;
#6454 = CARTESIAN_POINT ( 'NONE',  ( 2.426874995234137966, 1.051005472321430156, 10.87132486664399522 ) ) ;
#6455 = CARTESIAN_POINT ( 'NONE',  ( -6.349999999999931255, 6.910000000000000142, -9.851725008082869550 ) ) ;
#6456 =( BOUNDED_CURVE ( )  B_SPLINE_CURVE ( 2, ( #6093, #7416, #2361, #1948, #4723 ),
 .UNSPECIFIED., .F., .F. ) 
 B_SPLINE_CURVE_WITH_KNOTS ( ( 3, 2, 3 ),
 ( 0.9090909090909091717, 0.9204545454545454142, 0.9265846466133345061 ),
 .UNSPECIFIED. ) 
 CURVE ( )  GEOMETRIC_REPRESENTATION_ITEM ( )  RATIONAL_B_SPLINE_CURVE ( ( 0.9999999999999992228, 0.9238795325112875156, 1.000000000000000000, 0.9589368973955085806, 0.9621766860142485500 ) ) 
 REPRESENTATION_ITEM ( '' )  );
#6457 = AXIS2_PLACEMENT_3D ( 'NONE', #7560, #1317, #639 ) ;
#6458 = CARTESIAN_POINT ( 'NONE',  ( 3.380000000000038085, 0.6399999999999999023, -5.649999999999979927 ) ) ;
#6459 = CARTESIAN_POINT ( 'NONE',  ( 5.858994527678507147, 6.910000000000001030, 9.227128438072595529 ) ) ;
#6460 = CARTESIAN_POINT ( 'NONE',  ( -5.779999999999956728, 11.34999999999999964, -6.150000000000042100 ) ) ;
#6461 = LINE ( 'NONE', #5841, #6932 ) ;
#6462 = CARTESIAN_POINT ( 'NONE',  ( -2.426874995234291177, 1.051005472321430156, 11.43828915235825150 ) ) ;
#6463 = VECTOR ( 'NONE', #2573, 1000.000000000000000 ) ;
#6464 = EDGE_LOOP ( 'NONE', ( #5611, #8257, #4882 ) ) ;
#6465 = DIRECTION ( 'NONE',  ( 1.000000000000000000, 0.000000000000000000, 6.938893903907222067E-15 ) ) ;
#6466 = DIRECTION ( 'NONE',  ( 8.520838099651520869E-15, -0.000000000000000000, -1.000000000000000000 ) ) ;
#6467 = EDGE_LOOP ( 'NONE', ( #2165, #111, #2516, #7321 ) ) ;
#6468 = EDGE_CURVE ( 'NONE', #7360, #8622, #4795, .T. ) ;
#6469 = CARTESIAN_POINT ( 'NONE',  ( -4.490128060534683385, 2.419871939465422450, 15.52043200826230240 ) ) ;
#6470 = CARTESIAN_POINT ( 'NONE',  ( -2.630256121069241892, 13.25999999999999979, 12.62891415359703728 ) ) ;
#6471 = LINE ( 'NONE', #3604, #8238 ) ;
#6472 = CARTESIAN_POINT ( 'NONE',  ( -5.207872586487193978, 9.622048952324327331, 7.749999999999961808 ) ) ;
#6473 = VERTEX_POINT ( 'NONE', #44 ) ;
#6474 = CARTESIAN_POINT ( 'NONE',  ( -6.350000000000057376, 6.910000000000000142, 8.149896293976576445 ) ) ;
#6475 = EDGE_CURVE ( 'NONE', #5320, #2188, #1303, .T. ) ;
#6476 = ORIENTED_EDGE ( 'NONE', *, *, #7412, .F. ) ;
#6477 = VERTEX_POINT ( 'NONE', #6275 ) ;
#6478 = EDGE_LOOP ( 'NONE', ( #2138, #6086, #725 ) ) ;
#6479 = CARTESIAN_POINT ( 'NONE',  ( -4.490128060534652299, 2.419871939465422450, 11.09811058216845403 ) ) ;
#6480 = CIRCLE ( 'NONE', #1979, 0.2000000000000000944 ) ;
#6481 = LINE ( 'NONE', #259, #499 ) ;
#6482 = CARTESIAN_POINT ( 'NONE',  ( 4.142934761456337434, 11.05293476145639175, 7.526235580929724556 ) ) ;
#6483 = STYLED_ITEM ( 'NONE', ( #5618 ), #7555 ) ;
#6484 = EDGE_CURVE ( 'NONE', #2936, #1810, #2744, .T. ) ;
#6485 = CIRCLE ( 'NONE', #4607, 0.1999999999999996503 ) ;
#6486 = CARTESIAN_POINT ( 'NONE',  ( -1.043823579172444875E-13, 12.76899452767857213, 14.89677129521540877 ) ) ;
#6487 = ADVANCED_FACE ( 'NONE', ( #2796 ), #1234, .F. ) ;
#6488 = DIRECTION ( 'NONE',  ( -0.000000000000000000, -1.000000000000000000, -0.000000000000000000 ) ) ;
#6489 = VERTEX_POINT ( 'NONE', #4738 ) ;
#6490 = AXIS2_PLACEMENT_3D ( 'NONE', #8000, #4435, #6714 ) ;
#6491 = DIRECTION ( 'NONE',  ( 0.000000000000000000, -1.000000000000000000, 0.000000000000000000 ) ) ;
#6492 = CARTESIAN_POINT ( 'NONE',  ( 2.890000000000032543, 6.910000000000000142, -4.579999999999981419 ) ) ;
#6493 = CIRCLE ( 'NONE', #7817, 0.1999999999999996503 ) ;
#6494 = CARTESIAN_POINT ( 'NONE',  ( 6.349999999999884182, 4.279743878930847956, 16.71105700826237950 ) ) ;
#6495 = CARTESIAN_POINT ( 'NONE',  ( 6.349999999999925926, 9.540256121069157658, 10.47444986540523892 ) ) ;
#6496 = EDGE_LOOP ( 'NONE', ( #5701, #5665, #676 ) ) ;
#6497 = DIRECTION ( 'NONE',  ( 0.000000000000000000, -1.000000000000000000, -0.000000000000000000 ) ) ;
#6498 = ORIENTED_EDGE ( 'NONE', *, *, #5486, .T. ) ;
#6499 = DIRECTION ( 'NONE',  ( -1.000000000000000000, 0.000000000000000000, -6.505213034913023449E-15 ) ) ;
#6500 = CIRCLE ( 'NONE', #4172, 1.599999999999999867 ) ;
#6501 = CARTESIAN_POINT ( 'NONE',  ( -1.108654990317836299E-13, 1.051005472321429268, 16.03069986664398172 ) ) ;
#6502 = EDGE_CURVE ( 'NONE', #6999, #2360, #7694, .T. ) ;
#6503 = ORIENTED_EDGE ( 'NONE', *, *, #4493, .F. ) ;
#6504 = CARTESIAN_POINT ( 'NONE',  ( -0.8531581860727653899, 12.70654534916312706, 16.50480700702353332 ) ) ;
#6505 = CARTESIAN_POINT ( 'NONE',  ( -4.142934761456477766, 2.767065238543608530, 12.51552129521538070 ) ) ;
#6506 = AXIS2_PLACEMENT_3D ( 'NONE', #1211, #4755, #2686 ) ;
#6507 = EDGE_CURVE ( 'NONE', #6575, #1709, #4246, .T. ) ;
#6508 = CARTESIAN_POINT ( 'NONE',  ( 3.725000000000024958, 0.000000000000000000, -3.549999999999975397 ) ) ;
#6509 = CARTESIAN_POINT ( 'NONE',  ( -6.678080050283166536, 0.9150151654791328637, 1.981592836247946243 ) ) ;
#6510 = FACE_OUTER_BOUND ( 'NONE', #4627, .T. ) ;
#6511 = CARTESIAN_POINT ( 'NONE',  ( -5.858994527678644815, 4.483125004765785349, 10.64453915235822734 ) ) ;
#6512 = AXIS2_PLACEMENT_3D ( 'NONE', #2173, #7098, #862 ) ;
#6513 = CARTESIAN_POINT ( 'NONE',  ( -1.960815919894303238E-13, 6.910000000000000142, 28.07999999999999474 ) ) ;
#6514 = CARTESIAN_POINT ( 'NONE',  ( 5.858994527678488495, 9.336874995234211383, 11.77846772378688023 ) ) ;
#6515 = EDGE_LOOP ( 'NONE', ( #8393, #8089 ) ) ;
#6516 = DIRECTION ( 'NONE',  ( -6.982962677686266711E-15, 0.000000000000000000, 1.000000000000000000 ) ) ;
#6517 = ORIENTED_EDGE ( 'NONE', *, *, #4377, .T. ) ;
#6518 = CARTESIAN_POINT ( 'NONE',  ( -3.523501616404777437, 12.36675450466445625, 11.63560817687573135 ) ) ;
#6519 = CARTESIAN_POINT ( 'NONE',  ( 4.490128060534476440, 11.40012806053457695, 14.27311058216851514 ) ) ;
#6520 = CARTESIAN_POINT ( 'NONE',  ( 2.426874995234095778, 12.76899452767857390, 16.42757486664399735 ) ) ;
#6521 = CIRCLE ( 'NONE', #5244, 0.2000000000000005107 ) ;
#6522 = CARTESIAN_POINT ( 'NONE',  ( -6.780000000000062421, 0.9910004003203211065, 6.099999999999952571 ) ) ;
#6523 = VECTOR ( 'NONE', #5119, 1000.000000000000000 ) ;
#6524 = ORIENTED_EDGE ( 'NONE', *, *, #8188, .F. ) ;
#6525 = CARTESIAN_POINT ( 'NONE',  ( -1.507889285407990831, 12.84999999999999964, 15.97297970398700606 ) ) ;
#6526 = CARTESIAN_POINT ( 'NONE',  ( 5.080000000000006288, 0.000000000000000000, -0.9999999999999642508 ) ) ;
#6527 = ORIENTED_EDGE ( 'NONE', *, *, #6475, .F. ) ;
#6528 = ORIENTED_EDGE ( 'NONE', *, *, #3420, .F. ) ;
#6529 = CARTESIAN_POINT ( 'NONE',  ( -5.780000000000026894, 2.240000000000000657, 1.999999999999958922 ) ) ;
#6530 = CYLINDRICAL_SURFACE ( 'NONE', #1486, 0.1999999999999996503 ) ;
#6531 = CARTESIAN_POINT ( 'NONE',  ( -2.426874995234277410, 12.76899452767857390, 9.510610580929679259 ) ) ;
#6532 = CARTESIAN_POINT ( 'NONE',  ( 6.879422804227080120E-14, 6.910000000000000142, -9.851725008082825141 ) ) ;
#6533 = CARTESIAN_POINT ( 'NONE',  ( 5.858994527678516029, 4.483125004765792454, 8.036503438072594818 ) ) ;
#6534 = DIRECTION ( 'NONE',  ( -6.982962677686266711E-15, 0.000000000000000000, 1.000000000000000000 ) ) ;
#6535 = VERTEX_POINT ( 'NONE', #3404 ) ;
#6536 = DIRECTION ( 'NONE',  ( -1.000000000000000000, 0.000000000000000000, -7.434529182757747170E-15 ) ) ;
#6537 = CARTESIAN_POINT ( 'NONE',  ( -0.5500000000001891154, 6.910000000000000142, 27.07999999999999474 ) ) ;
#6538 = EDGE_CURVE ( 'NONE', #4218, #1116, #6110, .T. ) ;
#6539 = CARTESIAN_POINT ( 'NONE',  ( 2.426874995234150401, 1.051005472321430156, 9.057039152358285605 ) ) ;
#6540 = CARTESIAN_POINT ( 'NONE',  ( -2.630256121069216135, 13.25999999999999979, 8.886949865405178173 ) ) ;
#6541 = EDGE_LOOP ( 'NONE', ( #4174, #2745, #3290, #8340 ) ) ;
#6542 = EDGE_CURVE ( 'NONE', #2465, #5400, #3324, .T. ) ;
#6543 = FACE_OUTER_BOUND ( 'NONE', #5526, .T. ) ;
#6544 = VERTEX_POINT ( 'NONE', #8282 ) ;
#6545 = ADVANCED_FACE ( 'NONE', ( #599 ), #4822, .T. ) ;
#6546 = DIRECTION ( 'NONE',  ( -1.000000000000000000, 0.000000000000000000, -7.102804783527084762E-15 ) ) ;
#6547 =( BOUNDED_CURVE ( )  B_SPLINE_CURVE ( 2, ( #453, #1769, #3219, #498, #6045 ),
 .UNSPECIFIED., .F., .T. ) 
 B_SPLINE_CURVE_WITH_KNOTS ( ( 3, 2, 3 ),
 ( 0.3915971715684835597, 0.3977272727272726516, 0.4090909090909090051 ),
 .UNSPECIFIED. ) 
 CURVE ( )  GEOMETRIC_REPRESENTATION_ITEM ( )  RATIONAL_B_SPLINE_CURVE ( ( 0.9621766860142484390, 0.9589368973955082476, 1.000000000000000000, 0.9238795325112875156, 0.9999999999999992228 ) ) 
 REPRESENTATION_ITEM ( '' )  );
#6548 = EDGE_LOOP ( 'NONE', ( #5816, #8817, #1519, #8513 ) ) ;
#6549 = CARTESIAN_POINT ( 'NONE',  ( -5.780000000000010019, 0.6400000000000000133, -4.925044421598588175E-14 ) ) ;
#6550 = ADVANCED_FACE ( 'NONE', ( #1959 ), #1277, .F. ) ;
#6551 = CARTESIAN_POINT ( 'NONE',  ( -5.858994527678626163, 9.336874995234211383, 7.809717723786797627 ) ) ;
#6552 = ORIENTED_EDGE ( 'NONE', *, *, #3821, .T. ) ;
#6553 = DIRECTION ( 'NONE',  ( -6.505213034913023449E-15, 0.000000000000000000, 1.000000000000000000 ) ) ;
#6554 = CARTESIAN_POINT ( 'NONE',  ( -6.349999999999931255, 6.910000000000000142, -9.851725008082869550 ) ) ;
#6555 = EDGE_CURVE ( 'NONE', #6620, #7855, #1855, .T. ) ;
#6556 = CARTESIAN_POINT ( 'NONE',  ( 2.244749429223739767, 12.84999999999999964, -9.851725008082809154 ) ) ;
#6557 = DIRECTION ( 'NONE',  ( -6.747905296117594716E-15, 0.000000000000000000, 1.000000000000000000 ) ) ;
#6558 = CIRCLE ( 'NONE', #5541, 0.1999999999999998723 ) ;
#6559 = DIRECTION ( 'NONE',  ( -1.727380818872964658E-16, 1.000000000000000000, -1.206223578834105269E-30 ) ) ;
#6560 = EDGE_CURVE ( 'NONE', #7157, #3174, #767, .T. ) ;
#6561 = VERTEX_POINT ( 'NONE', #811 ) ;
#6562 = SURFACE_STYLE_USAGE ( .BOTH. , #5258 ) ;
#6563 = SPHERICAL_SURFACE ( 'NONE', #711, 0.2000000000000000111 ) ;
#6564 = ORIENTED_EDGE ( 'NONE', *, *, #6057, .T. ) ;
#6565 = ADVANCED_FACE ( 'NONE', ( #7793 ), #3580, .T. ) ;
#6566 = CARTESIAN_POINT ( 'NONE',  ( -2.630256121069255215, 13.25999999999999979, 14.44319986788275045 ) ) ;
#6567 = CARTESIAN_POINT ( 'NONE',  ( 2.426874995234101551, 1.051005472321430156, 16.08739629521542369 ) ) ;
#6568 = CARTESIAN_POINT ( 'NONE',  ( -5.694675161670090802, 5.518800935257645257, 7.749999999999963585 ) ) ;
#6569 = VERTEX_POINT ( 'NONE', #7742 ) ;
#6570 = ORIENTED_EDGE ( 'NONE', *, *, #338, .F. ) ;
#6571 = PLANE ( 'NONE',  #7479 ) ;
#6572 = CIRCLE ( 'NONE', #31, 0.2000000000000000944 ) ;
#6573 = CARTESIAN_POINT ( 'NONE',  ( 6.579999999999958327, 0.2000000000000000111, 6.100000000000046718 ) ) ;
#6574 = VERTEX_POINT ( 'NONE', #6453 ) ;
#6575 = VERTEX_POINT ( 'NONE', #8502 ) ;
#6576 = DIRECTION ( 'NONE',  ( -1.211350928885222147E-29, -1.000000000000000000, 1.734723475976805517E-15 ) ) ;
#6577 = CARTESIAN_POINT ( 'NONE',  ( 4.490128060534471111, 11.40012806053457695, 15.06686057969093717 ) ) ;
#6578 = CARTESIAN_POINT ( 'NONE',  ( -2.244749429223745096, 12.85000000000000142, 10.80997937249133578 ) ) ;
#6579 = EDGE_CURVE ( 'NONE', #4665, #5026, #5987, .T. ) ;
#6580 = CARTESIAN_POINT ( 'NONE',  ( -5.858994527678683006, 6.910000000000000142, 16.03069986664393909 ) ) ;
#6581 = VERTEX_POINT ( 'NONE', #4267 ) ;
#6582 = DIRECTION ( 'NONE',  ( 1.000000000000000000, 0.000000000000000000, 6.865433986901930319E-15 ) ) ;
#6583 = ORIENTED_EDGE ( 'NONE', *, *, #8756, .T. ) ;
#6584 = ORIENTED_EDGE ( 'NONE', *, *, #4931, .F. ) ;
#6585 = CARTESIAN_POINT ( 'NONE',  ( 1.507889285407813640, 12.84999999999999432, 9.965205743586663445 ) ) ;
#6586 = DIRECTION ( 'NONE',  ( 6.982962677686266711E-15, 0.000000000000000000, -1.000000000000000000 ) ) ;
#6587 = CARTESIAN_POINT ( 'NONE',  ( 4.490128060534471111, 11.40012806053457695, 15.06686057969093717 ) ) ;
#6588 = CARTESIAN_POINT ( 'NONE',  ( -0.9297337615767727881, 12.84999999999999964, 7.749999999999992895 ) ) ;
#6589 = ORIENTED_EDGE ( 'NONE', *, *, #1990, .T. ) ;
#6590 = CARTESIAN_POINT ( 'NONE',  ( 4.490128060534471111, 11.40012806053457695, 15.06686057969093717 ) ) ;
#6591 = CARTESIAN_POINT ( 'NONE',  ( 2.426874995234106880, 12.76899452767857390, 14.84007486664399700 ) ) ;
#6592 = ORIENTED_EDGE ( 'NONE', *, *, #5983, .T. ) ;
#6593 = DIRECTION ( 'NONE',  ( 6.982962677686266711E-15, 0.000000000000000000, -1.000000000000000000 ) ) ;
#6594 = DIRECTION ( 'NONE',  ( 6.982962677686266711E-15, 0.000000000000000000, -1.000000000000000000 ) ) ;
#6595 = EDGE_LOOP ( 'NONE', ( #2374, #590, #8707, #2206, #3135 ) ) ;
#6596 = CARTESIAN_POINT ( 'NONE',  ( 6.630499543081833203, 0.8835152787371708394, 3.100000000000045386 ) ) ;
#6597 = CARTESIAN_POINT ( 'NONE',  ( 6.879422804227080120E-14, 6.910000000000000142, -9.851725008082825141 ) ) ;
#6598 = CARTESIAN_POINT ( 'NONE',  ( 6.350000000000068034, 6.910000000000001030, -9.851725008082778956 ) ) ;
#6599 = CYLINDRICAL_SURFACE ( 'NONE', #2953, 0.1999999999999996503 ) ;
#6600 = CARTESIAN_POINT ( 'NONE',  ( 6.349999999999907274, 6.910000000000001030, 13.25257486788281547 ) ) ;
#6601 = VECTOR ( 'NONE', #6738, 1000.000000000000000 ) ;
#6602 = SURFACE_SIDE_STYLE ('',( #3828 ) ) ;
#6603 = CARTESIAN_POINT ( 'NONE',  ( -5.858994527678637709, 4.483125004765785349, 9.510610580929656166 ) ) ;
#6604 = ORIENTED_EDGE ( 'NONE', *, *, #2831, .T. ) ;
#6605 = DIRECTION ( 'NONE',  ( -1.000000000000000000, -1.355252715606883008E-16, -8.673617379884051249E-15 ) ) ;
#6606 = DIRECTION ( 'NONE',  ( -6.747905296117594716E-15, 0.000000000000000000, 1.000000000000000000 ) ) ;
#6607 = EDGE_LOOP ( 'NONE', ( #1445, #8450, #7574, #4177, #2298 ) ) ;
#6608 = AXIS2_PLACEMENT_3D ( 'NONE', #1244, #4020, #4836 ) ;
#6609 = CARTESIAN_POINT ( 'NONE',  ( 4.490128060534467558, 2.419871939465424227, 15.74721772254808094 ) ) ;
#6610 = CARTESIAN_POINT ( 'NONE',  ( -7.551106307881248292E-14, 13.26000000000000156, 10.75793201073991412 ) ) ;
#6611 = CARTESIAN_POINT ( 'NONE',  ( -5.858994527678681230, 6.910000000000000142, 15.80391415235822627 ) ) ;
#6612 = ORIENTED_EDGE ( 'NONE', *, *, #8427, .T. ) ;
#6613 = LINE ( 'NONE', #4525, #4395 ) ;
#6614 = ORIENTED_EDGE ( 'NONE', *, *, #7274, .T. ) ;
#6615 = ORIENTED_EDGE ( 'NONE', *, *, #1919, .F. ) ;
#6616 = CARTESIAN_POINT ( 'NONE',  ( 2.244749429223563464, 12.84999999999999787, 15.24159893470277716 ) ) ;
#6617 = EDGE_CURVE ( 'NONE', #6345, #1028, #4361, .T. ) ;
#6618 = CARTESIAN_POINT ( 'NONE',  ( -4.124999999999960920, 0.000000000000000000, -5.450000000000032152 ) ) ;
#6619 = ORIENTED_EDGE ( 'NONE', *, *, #1834, .F. ) ;
#6620 = VERTEX_POINT ( 'NONE', #7140 ) ;
#6621 = CYLINDRICAL_SURFACE ( 'NONE', #8326, 6.349999999999999645 ) ;
#6622 = CARTESIAN_POINT ( 'NONE',  ( -2.630256121069260544, 13.25999999999999979, 15.23694986540517249 ) ) ;
#6623 = DIRECTION ( 'NONE',  ( -0.000000000000000000, -1.000000000000000000, 0.000000000000000000 ) ) ;
#6624 = UNCERTAINTY_MEASURE_WITH_UNIT (LENGTH_MEASURE( 1.000000000000000082E-05 ), #68, 'distance_accuracy_value', 'NONE');
#6625 = CARTESIAN_POINT ( 'NONE',  ( 5.858994527678515141, 6.910000000000001030, 8.093199866644022578 ) ) ;
#6626 = ORIENTED_EDGE ( 'NONE', *, *, #3269, .F. ) ;
#6627 = B_SPLINE_CURVE_WITH_KNOTS ( 'NONE', 3,
 ( #2329, #391, #3840, #1025 ),
 .UNSPECIFIED., .F., .F.,
 ( 4, 4 ),
 ( 0.01860569811020978612, 0.02000078632848953375 ),
 .UNSPECIFIED. ) ;
#6628 = DIRECTION ( 'NONE',  ( -0.7071067811865549002, 8.659560562354962440E-17, 0.7071067811865402453 ) ) ;
#6629 = VERTEX_POINT ( 'NONE', #858 ) ;
#6630 = VERTEX_POINT ( 'NONE', #5060 ) ;
#6631 = DIRECTION ( 'NONE',  ( 6.982962677686266711E-15, 0.000000000000000000, -1.000000000000000000 ) ) ;
#6632 = DIRECTION ( 'NONE',  ( 1.000000000000000000, 1.500625844270594406E-16, 6.747905296117593928E-15 ) ) ;
#6633 = CARTESIAN_POINT ( 'NONE',  ( 6.349999999999888622, 6.910000000000001030, 15.86061057969095245 ) ) ;
#6634 = CARTESIAN_POINT ( 'NONE',  ( 1.000062242343861429, 2.215335420341272954, 24.31155102669004719 ) ) ;
#6635 = ORIENTED_EDGE ( 'NONE', *, *, #1329, .F. ) ;
#6636 = LINE ( 'NONE', #1726, #5936 ) ;
#6637 = CARTESIAN_POINT ( 'NONE',  ( 5.858994527678468955, 6.910000000000001030, 14.66998558092973681 ) ) ;
#6638 = ORIENTED_EDGE ( 'NONE', *, *, #2831, .F. ) ;
#6639 = DIRECTION ( 'NONE',  ( -6.747905296117594716E-15, 0.000000000000000000, 1.000000000000000000 ) ) ;
#6640 = ADVANCED_FACE ( 'NONE', ( #8595 ), #6360, .F. ) ;
#6641 = DIRECTION ( 'NONE',  ( -6.982962677686266711E-15, -0.000000000000000000, 1.000000000000000000 ) ) ;
#6642 = AXIS2_PLACEMENT_3D ( 'NONE', #3815, #460, #3270 ) ;
#6643 = AXIS2_PLACEMENT_3D ( 'NONE', #1198, #524, #1884 ) ;
#6644 = VERTEX_POINT ( 'NONE', #8406 ) ;
#6645 = CARTESIAN_POINT ( 'NONE',  ( 2.244749429223580339, 12.84999999999999964, 12.40677750365377108 ) ) ;
#6646 = B_SPLINE_CURVE_WITH_KNOTS ( 'NONE', 3,
 ( #7177, #6585, #1527, #362, #3123, #218 ),
 .UNSPECIFIED., .F., .F.,
 ( 4, 2, 4 ),
 ( 9.271038071981244315E-18, 0.002265709294126729348, 0.004531418588253450022 ),
 .UNSPECIFIED. ) ;
#6647 = AXIS2_PLACEMENT_3D ( 'NONE', #2443, #5278, #3078 ) ;
#6648 = ADVANCED_FACE ( 'NONE', ( #1630 ), #8455, .T. ) ;
#6649 = CARTESIAN_POINT ( 'NONE',  ( -4.097412882475798490, 11.09845664043703906, 7.751517310324608445 ) ) ;
#6650 = AXIS2_PLACEMENT_3D ( 'NONE', #5048, #7828, #3943 ) ;
#6651 = CARTESIAN_POINT ( 'NONE',  ( -3.579999999999959215, 0.000000000000000000, -5.650000000000027889 ) ) ;
#6652 = DIRECTION ( 'NONE',  ( -1.000000000000000000, 0.000000000000000000, -7.434529182757747170E-15 ) ) ;
#6653 = FACE_OUTER_BOUND ( 'NONE', #4580, .T. ) ;
#6654 = CYLINDRICAL_SURFACE ( 'NONE', #4749, 6.349999999999999645 ) ;
#6655 = TOROIDAL_SURFACE ( 'NONE', #7387, 0.5000000000000001110, 0.2000000000000000111 ) ;
#6656 = VECTOR ( 'NONE', #5040, 1000.000000000000000 ) ;
#6657 = CARTESIAN_POINT ( 'NONE',  ( 5.858994527678515141, 9.336874995234211383, 8.149896295215450337 ) ) ;
#6658 = ADVANCED_FACE ( 'NONE', ( #6997 ), #3724, .F. ) ;
#6659 = DIRECTION ( 'NONE',  ( 1.000000000000000000, 0.000000000000000000, 6.982962677686266711E-15 ) ) ;
#6660 = CARTESIAN_POINT ( 'NONE',  ( 0.7430714330482623975, 12.85000000000000497, 8.575810491086715004 ) ) ;
#6661 = EDGE_CURVE ( 'NONE', #7244, #6575, #2454, .T. ) ;
#6662 = CIRCLE ( 'NONE', #8123, 0.1999999999999996503 ) ;
#6663 = CARTESIAN_POINT ( 'NONE',  ( -2.244749429223750425, 12.85000000000000142, 11.60372937001375782 ) ) ;
#6664 = EDGE_CURVE ( 'NONE', #4504, #4388, #5252, .T. ) ;
#6665 = CARTESIAN_POINT ( 'NONE',  ( -2.630256121069222797, 13.25999999999999979, 9.907485582168465754 ) ) ;
#6666 = CARTESIAN_POINT ( 'NONE',  ( 5.858994527678460074, 4.483125004765792454, 16.20078915235830763 ) ) ;
#6667 = VERTEX_POINT ( 'NONE', #4555 ) ;
#6668 = ORIENTED_EDGE ( 'NONE', *, *, #3492, .T. ) ;
#6669 = CARTESIAN_POINT ( 'NONE',  ( -6.350000000000108002, 6.910000000000000142, 15.52043201073986722 ) ) ;
#6670 = DIRECTION ( 'NONE',  ( 6.747905296117594716E-15, -0.000000000000000000, -1.000000000000000000 ) ) ;
#6671 = ORIENTED_EDGE ( 'NONE', *, *, #2844, .F. ) ;
#6672 = ORIENTED_EDGE ( 'NONE', *, *, #1264, .F. ) ;
#6673 = EDGE_CURVE ( 'NONE', #4285, #2105, #3954, .T. ) ;
#6674 = CARTESIAN_POINT ( 'NONE',  ( 6.349999999999890399, 4.279743878930847956, 15.80391415111952291 ) ) ;
#6675 = CARTESIAN_POINT ( 'NONE',  ( -3.579999999999976534, 0.2000000000000000111, -3.150000000000026557 ) ) ;
#6676 = EDGE_CURVE ( 'NONE', #4504, #5242, #2501, .T. ) ;
#6677 = CARTESIAN_POINT ( 'NONE',  ( -1.061145904957149127E-13, 1.051005472321429268, 15.35034272378683795 ) ) ;
#6678 = ORIENTED_EDGE ( 'NONE', *, *, #7491, .F. ) ;
#6679 = CIRCLE ( 'NONE', #8854, 1.599999999999999867 ) ;
#6680 = SPHERICAL_SURFACE ( 'NONE', #3887, 0.2000000000000000111 ) ;
#6681 = ORIENTED_EDGE ( 'NONE', *, *, #6239, .T. ) ;
#6682 = FACE_OUTER_BOUND ( 'NONE', #1032, .T. ) ;
#6683 = CARTESIAN_POINT ( 'NONE',  ( 3.379999999999956373, 0.000000000000000000, 6.100000000000023626 ) ) ;
#6684 = CARTESIAN_POINT ( 'NONE',  ( 6.349999999999901057, 9.540256121069157658, 14.10302129397666704 ) ) ;
#6685 = CARTESIAN_POINT ( 'NONE',  ( 3.580000000000020499, 0.2000000000000000944, -3.149999999999976374 ) ) ;
#6686 = ORIENTED_EDGE ( 'NONE', *, *, #7174, .T. ) ;
#6687 = CARTESIAN_POINT ( 'NONE',  ( 6.779999999999977156, 0.2000000000000000944, 3.300000000000047784 ) ) ;
#6688 = CARTESIAN_POINT ( 'NONE',  ( -5.858994527678676789, 4.483125004765785349, 15.18025343807251382 ) ) ;
#6689 = CARTESIAN_POINT ( 'NONE',  ( -2.244749429223758863, 12.84999999999999076, 9.789443655728042870 ) ) ;
#6690 = CARTESIAN_POINT ( 'NONE',  ( 4.142934761456275261, 11.05293476145639175, 16.37087843807258025 ) ) ;
#6691 = CIRCLE ( 'NONE', #3045, 0.1999999999999996503 ) ;
#6692 = LINE ( 'NONE', #7923, #8832 ) ;
#6693 = CARTESIAN_POINT ( 'NONE',  ( 5.815859668616268685, 4.360828308065139325, 7.750000000000040856 ) ) ;
#6694 = CARTESIAN_POINT ( 'NONE',  ( -5.543823277764887999E-14, 1.051005472321429268, 8.093199866643981721 ) ) ;
#6695 = AXIS2_PLACEMENT_3D ( 'NONE', #279, #3042, #2218 ) ;
#6696 = DIRECTION ( 'NONE',  ( 0.000000000000000000, 1.000000000000000000, 0.000000000000000000 ) ) ;
#6697 = CARTESIAN_POINT ( 'NONE',  ( -7.379999999999956373, 11.84999999999999964, -6.350000000000051159 ) ) ;
#6698 = CARTESIAN_POINT ( 'NONE',  ( 6.879422804227080120E-14, 6.910000000000000142, -9.851725008082825141 ) ) ;
#6699 = CARTESIAN_POINT ( 'NONE',  ( 2.426874995234140187, 12.76899452767857390, 10.07757486664399948 ) ) ;
#6700 = CYLINDRICAL_SURFACE ( 'NONE', #1003, 6.349999999999999645 ) ;
#6701 = DIRECTION ( 'NONE',  ( 6.982962677686266711E-15, 0.000000000000000000, -1.000000000000000000 ) ) ;
#6702 = CONICAL_SURFACE ( 'NONE', #4604, 6.349999999999999645, 1.047197551196602960 ) ;
#6703 =( BOUNDED_CURVE ( )  B_SPLINE_CURVE ( 2, ( #6669, #6709, #5950, #484, #5309 ),
 .UNSPECIFIED., .F., .F. ) 
 B_SPLINE_CURVE_WITH_KNOTS ( ( 3, 2, 3 ),
 ( 0.09090909090909085610, 0.1022727272727272652, 0.1084028284315164126 ),
 .UNSPECIFIED. ) 
 CURVE ( )  GEOMETRIC_REPRESENTATION_ITEM ( )  RATIONAL_B_SPLINE_CURVE ( ( 1.000000000000000444, 0.9238795325112864054, 1.000000000000000000, 0.9589368973955083586, 0.9621766860142484390 ) ) 
 REPRESENTATION_ITEM ( '' )  );
#6704 = CARTESIAN_POINT ( 'NONE',  ( -2.426874995234295174, 12.76899452767857390, 12.00525343807253442 ) ) ;
#6705 = CARTESIAN_POINT ( 'NONE',  ( 6.349999999999901945, 6.910000000000001030, 14.04632486540523750 ) ) ;
#6706 = ADVANCED_FACE ( 'NONE', ( #1733, #8105 ), #1053, .T. ) ;
#6707 = CARTESIAN_POINT ( 'NONE',  ( 2.630256121069091346, 13.25999999999999979, 8.886949867882789178 ) ) ;
#6708 = ORIENTED_EDGE ( 'NONE', *, *, #5789, .F. ) ;
#6709 = CARTESIAN_POINT ( 'NONE',  ( -6.350000000000117772, 9.540256121069147000, 15.46373558216844124 ) ) ;
#6710 = CARTESIAN_POINT ( 'NONE',  ( 5.780000000000024230, 2.240000000000000657, -3.349999999999961009 ) ) ;
#6711 = VERTEX_POINT ( 'NONE', #6645 ) ;
#6712 = ORIENTED_EDGE ( 'NONE', *, *, #5560, .F. ) ;
#6713 = CARTESIAN_POINT ( 'NONE',  ( -4.490128060534664733, 11.40012806053457695, 12.57221772254801806 ) ) ;
#6714 = DIRECTION ( 'NONE',  ( -8.673617379884032317E-15, 0.000000000000000000, 1.000000000000000000 ) ) ;
#6715 = CARTESIAN_POINT ( 'NONE',  ( 5.858994527678475173, 9.336874995234211383, 13.81953915235830976 ) ) ;
#6716 = ADVANCED_FACE ( 'NONE', ( #6731 ), #5151, .T. ) ;
#6717 = CARTESIAN_POINT ( 'NONE',  ( -2.244749429223753090, 12.84999999999999076, 8.995693658205620835 ) ) ;
#6718 = ORIENTED_EDGE ( 'NONE', *, *, #6736, .F. ) ;
#6719 = CARTESIAN_POINT ( 'NONE',  ( -3.523501616404799641, 12.36675450466445625, 14.47042960792473743 ) ) ;
#6720 = DIRECTION ( 'NONE',  ( -6.938893903907229955E-15, 0.000000000000000000, 1.000000000000000000 ) ) ;
#6721 = VECTOR ( 'NONE', #6559, 1000.000000000000000 ) ;
#6722 = CARTESIAN_POINT ( 'NONE',  ( -2.630256121069264097, 0.5600000000000013856, 15.57712843683374437 ) ) ;
#6723 = CARTESIAN_POINT ( 'NONE',  ( 2.630256121069098008, 13.25999999999999979, 7.866414151119497156 ) ) ;
#6724 = VERTEX_POINT ( 'NONE', #6054 ) ;
#6725 = CARTESIAN_POINT ( 'NONE',  ( -7.379999999999956373, 1.740000000000000213, -6.350000000000051159 ) ) ;
#6726 = CARTESIAN_POINT ( 'NONE',  ( -6.580000000000022276, 0.8543593539448903762, 3.099999999999954348 ) ) ;
#6727 = CARTESIAN_POINT ( 'NONE',  ( -4.142934761456490200, 2.767065238543608530, 14.32980700950109387 ) ) ;
#6728 = CYLINDRICAL_SURFACE ( 'NONE', #5336, 0.2000000000000000944 ) ;
#6729 = CARTESIAN_POINT ( 'NONE',  ( -4.142934761456481318, 11.05293476145639175, 12.96909272378680811 ) ) ;
#6730 = ORIENTED_EDGE ( 'NONE', *, *, #496, .T. ) ;
#6731 = FACE_OUTER_BOUND ( 'NONE', #6222, .T. ) ;
#6732 = EDGE_CURVE ( 'NONE', #5276, #2244, #7604, .T. ) ;
#6733 = DIRECTION ( 'NONE',  ( -1.000000000000000000, 0.000000000000000000, -6.982962677686266711E-15 ) ) ;
#6734 = CARTESIAN_POINT ( 'NONE',  ( -5.858994527678638597, 9.336874995234211383, 9.624003438072511685 ) ) ;
#6735 = VECTOR ( 'NONE', #2401, 1000.000000000000000 ) ;
#6736 = EDGE_CURVE ( 'NONE', #5140, #7235, #1144, .T. ) ;
#6737 = CARTESIAN_POINT ( 'NONE',  ( 2.540000000000034674, -4.540000000000000924, -5.079999999999983196 ) ) ;
#6738 = DIRECTION ( 'NONE',  ( 1.000000000000000000, -0.000000000000000000, 6.982962677686266711E-15 ) ) ;
#6739 = FACE_OUTER_BOUND ( 'NONE', #4988, .T. ) ;
#6740 = CARTESIAN_POINT ( 'NONE',  ( 2.426874995234152621, 1.051005472321430156, 8.830253438072572791 ) ) ;
#6741 = AXIS2_PLACEMENT_3D ( 'NONE', #2683, #5481, #528 ) ;
#6742 = CARTESIAN_POINT ( 'NONE',  ( -4.728386531706425089, 2.909030482300909881, 16.31870938552973982 ) ) ;
#6743 = DIRECTION ( 'NONE',  ( 6.982962677686266711E-15, 0.000000000000000000, -1.000000000000000000 ) ) ;
#6744 = VECTOR ( 'NONE', #6044, 1000.000000000000000 ) ;
#6745 = CARTESIAN_POINT ( 'NONE',  ( -8.379508759428015994E-14, 12.76899452767857213, 11.94855700950112443 ) ) ;
#6746 = SPHERICAL_SURFACE ( 'NONE', #7510, 0.2000000000000000111 ) ;
#6747 = CARTESIAN_POINT ( 'NONE',  ( -6.350000000000056488, 9.540256121069157658, 8.206592725025585011 ) ) ;
#6748 = CONICAL_SURFACE ( 'NONE', #786, 4.000000000000000000, 0.7853981633974517207 ) ;
#6749 = EDGE_CURVE ( 'NONE', #410, #3769, #8573, .T. ) ;
#6750 = EDGE_LOOP ( 'NONE', ( #5188, #1048, #5807 ) ) ;
#6751 = ORIENTED_EDGE ( 'NONE', *, *, #7338, .F. ) ;
#6752 = LINE ( 'NONE', #7481, #5281 ) ;
#6753 = DIRECTION ( 'NONE',  ( -5.531282780297823222E-31, -1.000000000000000000, 7.921111762451173970E-17 ) ) ;
#6754 = ORIENTED_EDGE ( 'NONE', *, *, #8659, .T. ) ;
#6755 = ORIENTED_EDGE ( 'NONE', *, *, #5027, .F. ) ;
#6756 = CARTESIAN_POINT ( 'NONE',  ( -6.350000000000106226, 4.279743878930841738, 15.46373557969085866 ) ) ;
#6757 =( BOUNDED_CURVE ( )  B_SPLINE_CURVE ( 2, ( #2350, #5146, #1672, #5415, #8190 ),
 .UNSPECIFIED., .F., .F. ) 
 B_SPLINE_CURVE_WITH_KNOTS ( ( 3, 2, 3 ),
 ( 0.8181818181818182323, 0.8295454545454545858, 0.8356755557042436777 ),
 .UNSPECIFIED. ) 
 CURVE ( )  GEOMETRIC_REPRESENTATION_ITEM ( )  RATIONAL_B_SPLINE_CURVE ( ( 1.000000000000000000, 0.9238795325112867385, 1.000000000000000000, 0.9589368973955085806, 0.9621766860142485500 ) ) 
 REPRESENTATION_ITEM ( '' )  );
#6758 = CARTESIAN_POINT ( 'NONE',  ( 3.725000000000023626, 1.740000000000000213, -3.349999999999975220 ) ) ;
#6759 = B_SPLINE_CURVE_WITH_KNOTS ( 'NONE', 3,
 ( #4411, #960, #6509, #3047, #7384, #1148 ),
 .UNSPECIFIED., .F., .F.,
 ( 4, 2, 4 ),
 ( 0.000000000000000000, 0.0001717863414411658393, 0.0003435726828823316785 ),
 .UNSPECIFIED. ) ;
#6760 = CARTESIAN_POINT ( 'NONE',  ( -5.858994527678651920, 4.483125004765785349, 11.55168200950108215 ) ) ;
#6761 = LINE ( 'NONE', #534, #4305 ) ;
#6762 = ORIENTED_EDGE ( 'NONE', *, *, #5386, .F. ) ;
#6763 = CARTESIAN_POINT ( 'NONE',  ( 6.580000000000039151, 0.2000000000000000111, -5.449999999999957545 ) ) ;
#6764 = CARTESIAN_POINT ( 'NONE',  ( -2.688000833116169996, 1.585776426164727804, 7.749999999999983125 ) ) ;
#6765 = CARTESIAN_POINT ( 'NONE',  ( 2.630256121069054487, 0.5600000000000022737, 14.78337843683378239 ) ) ;
#6766 = CARTESIAN_POINT ( 'NONE',  ( 0.5045297668550271508, 2.135064802007868412, 25.05316578102140923 ) ) ;
#6767 = ORIENTED_EDGE ( 'NONE', *, *, #6003, .F. ) ;
#6768 = CARTESIAN_POINT ( 'NONE',  ( 1.507889285407787217, 12.84999999999999964, 12.68663431501522965 ) ) ;
#6769 = EDGE_CURVE ( 'NONE', #2243, #5920, #8110, .T. ) ;
#6770 = DIRECTION ( 'NONE',  ( -5.531282780297823222E-31, -1.000000000000000000, 7.921111762451173970E-17 ) ) ;
#6771 = CARTESIAN_POINT ( 'NONE',  ( 5.858994527678462738, 6.910000000000001030, 15.57712843807259517 ) ) ;
#6772 = EDGE_CURVE ( 'NONE', #8253, #6313, #8741, .T. ) ;
#6773 = DIRECTION ( 'NONE',  ( -6.982962677686266711E-15, 0.000000000000000000, 1.000000000000000000 ) ) ;
#6774 = CARTESIAN_POINT ( 'NONE',  ( -2.426874995234320487, 12.76899452767857390, 15.63382486664396254 ) ) ;
#6775 = ORIENTED_EDGE ( 'NONE', *, *, #7338, .T. ) ;
#6776 = DIRECTION ( 'NONE',  ( -6.982962677686266711E-15, -0.000000000000000000, 1.000000000000000000 ) ) ;
#6777 = DIRECTION ( 'NONE',  ( 8.673617379884030739E-15, 0.000000000000000000, -1.000000000000000000 ) ) ;
#6778 = CARTESIAN_POINT ( 'NONE',  ( 3.725000000000024958, 0.2000000000000000944, -3.549999999999975397 ) ) ;
#6779 = EDGE_CURVE ( 'NONE', #2936, #5377, #6692, .T. ) ;
#6780 = CARTESIAN_POINT ( 'NONE',  ( 0.000000000000000000, 0.6400000000000000133, 0.000000000000000000 ) ) ;
#6781 = COLOUR_RGB ( '',0.8509803921568627194, 0.8509803921568627194, 0.8509803921568627194 ) ;
#6782 = CARTESIAN_POINT ( 'NONE',  ( -1.432205645193453466E-13, 6.910000000000000142, 20.51000000000000156 ) ) ;
#6784 = CARTESIAN_POINT ( 'NONE',  ( -4.490128060534670951, 11.40012806053457695, 13.59275343931131097 ) ) ;
#6783 = AXIS2_PLACEMENT_3D ( 'NONE', #776, #3593, #3458 ) ;
#6785 = CARTESIAN_POINT ( 'NONE',  ( 4.142934761456290360, 2.767065238543610306, 14.55659272378686708 ) ) ;
#6786 = COLOUR_RGB ( '',1.000000000000000000, 1.000000000000000000, 1.000000000000000000 ) ;
#6787 = AXIS2_PLACEMENT_3D ( 'NONE', #3444, #6954, #716 ) ;
#6788 = CARTESIAN_POINT ( 'NONE',  ( -6.040842866150661017, 5.340570358399859607, 16.28586681561900917 ) ) ;
#6789 = DIRECTION ( 'NONE',  ( -1.000000000000000000, 0.000000000000000000, -6.982261990806646977E-15 ) ) ;
#6790 = DIRECTION ( 'NONE',  ( -1.000000000000000000, 0.000000000000000000, -8.673617379884051249E-15 ) ) ;
#6791 = CIRCLE ( 'NONE', #5209, 0.5500000000000000444 ) ;
#6792 = AXIS2_PLACEMENT_3D ( 'NONE', #7539, #1298, #8940 ) ;
#6793 = CARTESIAN_POINT ( 'NONE',  ( 2.426874995234133081, 1.051005472321430156, 11.55168200950114255 ) ) ;
#6794 = CARTESIAN_POINT ( 'NONE',  ( -4.142934761456489312, 2.767065238543608530, 14.10302129521538106 ) ) ;
#6795 = DIRECTION ( 'NONE',  ( 0.000000000000000000, -1.000000000000000000, 0.000000000000000000 ) ) ;
#6796 = FACE_OUTER_BOUND ( 'NONE', #6541, .T. ) ;
#6797 = ORIENTED_EDGE ( 'NONE', *, *, #4598, .F. ) ;
#6798 = CARTESIAN_POINT ( 'NONE',  ( -2.630256121069238784, 0.5600000000000013856, 11.94855700826231626 ) ) ;
#6799 = DIRECTION ( 'NONE',  ( -8.673617379884051249E-15, 0.000000000000000000, 1.000000000000000000 ) ) ;
#6800 = CARTESIAN_POINT ( 'NONE',  ( 5.858994527678489384, 4.483125004765792454, 11.89186058092973575 ) ) ;
#6801 = DIRECTION ( 'NONE',  ( 0.000000000000000000, -1.000000000000000000, 0.000000000000000000 ) ) ;
#6802 = ORIENTED_EDGE ( 'NONE', *, *, #4598, .T. ) ;
#6803 = DIRECTION ( 'NONE',  ( 0.000000000000000000, -1.000000000000000000, -0.000000000000000000 ) ) ;
#6804 = DIRECTION ( 'NONE',  ( 6.982962677686266711E-15, 0.000000000000000000, -1.000000000000000000 ) ) ;
#6805 = AXIS2_PLACEMENT_3D ( 'NONE', #2409, #8648, #5372 ) ;
#6806 = CARTESIAN_POINT ( 'NONE',  ( 6.349999999999914380, 6.910000000000001030, 12.23203915111952256 ) ) ;
#6807 = CARTESIAN_POINT ( 'NONE',  ( 4.142934761456277037, 2.767065238543610306, 16.37087843807258025 ) ) ;
#6808 = ORIENTED_EDGE ( 'NONE', *, *, #1156, .T. ) ;
#6809 =( BOUNDED_CURVE ( )  B_SPLINE_CURVE ( 2, ( #8272, #1268, #2029, #7639, #591, #627, #3356, #7590, #4167 ),
 .UNSPECIFIED., .F., .F. ) 
 B_SPLINE_CURVE_WITH_KNOTS ( ( 3, 2, 2, 2, 3 ),
 ( 0.4090909090909090051, 0.4204545454545454142, 0.4318181818181817677, 0.4431818181818181768, 0.4545454545454545858 ),
 .UNSPECIFIED. ) 
 CURVE ( )  GEOMETRIC_REPRESENTATION_ITEM ( )  RATIONAL_B_SPLINE_CURVE ( ( 1.000000000000000666, 0.9238795325112859613, 1.000000000000000000, 0.9238795325112867385, 1.000000000000000000, 0.9238795325112867385, 1.000000000000000000, 0.9238795325112864054, 1.000000000000000444 ) ) 
 REPRESENTATION_ITEM ( '' )  );
#6810 = CARTESIAN_POINT ( 'NONE',  ( -6.349999999999931255, 6.910000000000000142, -9.851725008082869550 ) ) ;
#6811 = CARTESIAN_POINT ( 'NONE',  ( -5.858994527678657249, 9.336874995234211383, 12.34543200950108499 ) ) ;
#6812 = DIRECTION ( 'NONE',  ( 0.000000000000000000, -1.000000000000000000, -0.000000000000000000 ) ) ;
#6813 = CARTESIAN_POINT ( 'NONE',  ( 4.142934761456294801, 11.05293476145639175, 13.64944986664401050 ) ) ;
#6814 = ORIENTED_EDGE ( 'NONE', *, *, #7230, .T. ) ;
#6815 = DIRECTION ( 'NONE',  ( 6.982962677686266711E-15, 0.000000000000000000, -1.000000000000000000 ) ) ;
#6816 = CARTESIAN_POINT ( 'NONE',  ( -1.688480375464539215E-13, 12.44500000000000028, 24.17999999999999972 ) ) ;
#6817 = EDGE_CURVE ( 'NONE', #5673, #8434, #6791, .T. ) ;
#6818 = DIRECTION ( 'NONE',  ( -1.000000000000000000, 0.000000000000000000, -6.982962677686266711E-15 ) ) ;
#6819 = VECTOR ( 'NONE', #706, 1000.000000000000000 ) ;
#6820 = CARTESIAN_POINT ( 'NONE',  ( -7.444186692192365409E-14, 1.051005472321429268, 10.81462843807255325 ) ) ;
#6821 = EDGE_CURVE ( 'NONE', #2616, #2244, #1823, .T. ) ;
#6822 = DIRECTION ( 'NONE',  ( 6.982962677686266711E-15, 0.000000000000000000, -1.000000000000000000 ) ) ;
#6823 = AXIS2_PLACEMENT_3D ( 'NONE', #3086, #6013, #3134 ) ;
#6824 = EDGE_CURVE ( 'NONE', #6167, #6630, #5204, .T. ) ;
#6825 = EDGE_CURVE ( 'NONE', #1815, #2476, #2849, .T. ) ;
#6826 = DIRECTION ( 'NONE',  ( 1.000000000000000000, 0.000000000000000000, 6.505213034913037648E-15 ) ) ;
#6827 = CARTESIAN_POINT ( 'NONE',  ( -4.490128060534651411, 2.419871939465422450, 10.98471772254801948 ) ) ;
#6828 = ADVANCED_FACE ( 'NONE', ( #1912 ), #4811, .F. ) ;
#6829 = CARTESIAN_POINT ( 'NONE',  ( -9.978004578095667361E-14, 1.051005472321429268, 14.44319986664398137 ) ) ;
#6830 = AXIS2_PLACEMENT_3D ( 'NONE', #6698, #4653, #1741 ) ;
#6831 = CARTESIAN_POINT ( 'NONE',  ( 3.579999999999977423, 0.2000000000000000944, 3.100000000000025402 ) ) ;
#6832 = CARTESIAN_POINT ( 'NONE',  ( 3.579999999999956550, 0.000000000000000000, 6.100000000000025402 ) ) ;
#6833 = CARTESIAN_POINT ( 'NONE',  ( 3.290509629582683448, 12.16021707376597583, 7.750000000000019540 ) ) ;
#6834 = CARTESIAN_POINT ( 'NONE',  ( 5.858994527678476949, 9.336874995234211383, 13.59275343807259517 ) ) ;
#6835 = CARTESIAN_POINT ( 'NONE',  ( 0.5499999999997856603, 6.910000000000000142, 30.70132034355964734 ) ) ;
#6836 = EDGE_CURVE ( 'NONE', #59, #5920, #3008, .T. ) ;
#6837 = CARTESIAN_POINT ( 'NONE',  ( -5.017288421977944448E-14, 13.26000000000000156, 7.129360582168485116 ) ) ;
#6838 = ORIENTED_EDGE ( 'NONE', *, *, #7721, .T. ) ;
#6839 = SURFACE_SIDE_STYLE ('',( #6203 ) ) ;
#6840 = CARTESIAN_POINT ( 'NONE',  ( -3.580000000000012950, 0.6399999999999999023, 1.999999999999974909 ) ) ;
#6841 = ORIENTED_EDGE ( 'NONE', *, *, #3352, .F. ) ;
#6842 = EDGE_CURVE ( 'NONE', #7290, #1689, #1390, .T. ) ;
#6843 = CARTESIAN_POINT ( 'NONE',  ( -4.490128060534684273, 2.419871939465422450, 15.63382486788273873 ) ) ;
#6844 = ORIENTED_EDGE ( 'NONE', *, *, #8276, .T. ) ;
#6845 = CARTESIAN_POINT ( 'NONE',  ( -5.779999999999955840, 1.940000000000000391, -6.150000000000042100 ) ) ;
#6846 = CARTESIAN_POINT ( 'NONE',  ( -2.630256121069222353, 13.25999999999999979, 9.794092722548031205 ) ) ;
#6847 = CARTESIAN_POINT ( 'NONE',  ( -5.858994527678669684, 4.483125004765785349, 14.27311058092965368 ) ) ;
#6848 = ORIENTED_EDGE ( 'NONE', *, *, #4449, .T. ) ;
#6849 = DIRECTION ( 'NONE',  ( 6.982962677686266711E-15, 0.000000000000000000, -1.000000000000000000 ) ) ;
#6850 = DIRECTION ( 'NONE',  ( -1.000000000000000000, 0.000000000000000000, -6.982962677686266711E-15 ) ) ;
#6851 = CARTESIAN_POINT ( 'NONE',  ( -9.171326848772797143E-14, 12.76899452767857213, 13.08248558092969382 ) ) ;
#6852 = EDGE_CURVE ( 'NONE', #2931, #2574, #2700, .T. ) ;
#6853 = CARTESIAN_POINT ( 'NONE',  ( -4.142934761456482207, 2.767065238543608530, 13.19587843807252270 ) ) ;
#6854 = ORIENTED_EDGE ( 'NONE', *, *, #6267, .F. ) ;
#6855 = FACE_OUTER_BOUND ( 'NONE', #859, .T. ) ;
#6856 = CONICAL_SURFACE ( 'NONE', #2054, 4.000000000000000000, 0.7853981633974517207 ) ;
#6857 = ORIENTED_EDGE ( 'NONE', *, *, #7721, .F. ) ;
#6858 = CARTESIAN_POINT ( 'NONE',  ( -1.249999999999997780, 6.910000000000000142, -0.3500000000000100808 ) ) ;
#6859 = CARTESIAN_POINT ( 'NONE',  ( 2.540000000000032454, 6.410000000000001030, -4.579999999999983196 ) ) ;
#6860 =( GEOMETRIC_REPRESENTATION_CONTEXT ( 3 ) GLOBAL_UNCERTAINTY_ASSIGNED_CONTEXT ( ( #8724 ) ) GLOBAL_UNIT_ASSIGNED_CONTEXT ( ( #5524, #1969, #8923 ) ) REPRESENTATION_CONTEXT ( 'NONE', 'WORKASPACE' ) );
#6861 = CARTESIAN_POINT ( 'NONE',  ( 4.124999999999998224, 0.6400000000000000133, 2.880472104545584071E-14 ) ) ;
#6862 = CARTESIAN_POINT ( 'NONE',  ( -2.426874995234296950, 12.76899452767857390, 12.23203915235824901 ) ) ;
#6863 = AXIS2_PLACEMENT_3D ( 'NONE', #6353, #7592, #6305 ) ;
#6864 = DIRECTION ( 'NONE',  ( 0.000000000000000000, 1.000000000000000000, 0.000000000000000000 ) ) ;
#6865 = DIRECTION ( 'NONE',  ( -6.982962677686266711E-15, 0.000000000000000000, 1.000000000000000000 ) ) ;
#6866 = CARTESIAN_POINT ( 'NONE',  ( 2.630256121069079800, 0.5600000000000023848, 11.15480700826235427 ) ) ;
#6867 = CARTESIAN_POINT ( 'NONE',  ( 2.426874995234113097, 12.76899452767857390, 13.93293200950114219 ) ) ;
#6868 = VECTOR ( 'NONE', #7270, 1000.000000000000000 ) ;
#6869 = CARTESIAN_POINT ( 'NONE',  ( 0.04210127537585033747, 0.8345353729596894921, 16.38163393294588488 ) ) ;
#6870 = FACE_OUTER_BOUND ( 'NONE', #3375, .T. ) ;
#6871 = DIRECTION ( 'NONE',  ( -8.673617379884051249E-15, 0.000000000000000000, 1.000000000000000000 ) ) ;
#6872 = CARTESIAN_POINT ( 'NONE',  ( 2.426874995234120647, 1.051005472321430156, 13.36596772378685571 ) ) ;
#6873 = FACE_OUTER_BOUND ( 'NONE', #5598, .T. ) ;
#6874 = CARTESIAN_POINT ( 'NONE',  ( -2.426874995234323151, 1.051005472321430156, 15.97400343807253265 ) ) ;
#6875 = ORIENTED_EDGE ( 'NONE', *, *, #6226, .F. ) ;
#6876 = VERTEX_POINT ( 'NONE', #6223 ) ;
#6877 = CARTESIAN_POINT ( 'NONE',  ( -1.995730733282734950E-13, 6.910000000000000142, 28.58000000000000185 ) ) ;
#6878 = FACE_OUTER_BOUND ( 'NONE', #8668, .T. ) ;
#6879 = EDGE_LOOP ( 'NONE', ( #1245, #848, #2958, #6254 ) ) ;
#6880 = AXIS2_PLACEMENT_3D ( 'NONE', #5866, #2442, #4496 ) ;
#6881 = DIRECTION ( 'NONE',  ( 6.938893903907229955E-15, 0.000000000000000000, -1.000000000000000000 ) ) ;
#6882 = VECTOR ( 'NONE', #3967, 1000.000000000000000 ) ;
#6883 = EDGE_CURVE ( 'NONE', #6205, #7568, #6403, .T. ) ;
#6884 = CYLINDRICAL_SURFACE ( 'NONE', #7677, 4.000000000000000000 ) ;
#6885 = ORIENTED_EDGE ( 'NONE', *, *, #6015, .T. ) ;
#6886 = CARTESIAN_POINT ( 'NONE',  ( -1.960815919894303238E-13, 6.910000000000000142, 28.07999999999999474 ) ) ;
#6887 = DIRECTION ( 'NONE',  ( -8.673617379884051249E-15, 0.000000000000000000, 1.000000000000000000 ) ) ;
#6888 = ADVANCED_FACE ( 'NONE', ( #8945 ), #6655, .T. ) ;
#6889 = CARTESIAN_POINT ( 'NONE',  ( -6.350000000000075140, 9.540256121069157658, 10.81462843683371844 ) ) ;
#6890 = CARTESIAN_POINT ( 'NONE',  ( 5.880000000000023874, 11.34999999999999964, -3.349999999999960121 ) ) ;
#6891 = ORIENTED_EDGE ( 'NONE', *, *, #95, .T. ) ;
#6892 = CARTESIAN_POINT ( 'NONE',  ( 0.7595038909410709582, 12.85000000000000142, 14.60510238647687409 ) ) ;
#6893 = CARTESIAN_POINT ( 'NONE',  ( -6.779999999999955840, 0.9910004003203211065, -6.350000000000044942 ) ) ;
#6894 = CARTESIAN_POINT ( 'NONE',  ( 2.426874995234132193, 12.76899452767857390, 11.21150343807256888 ) ) ;
#6895 = LINE ( 'NONE', #8942, #7216 ) ;
#6896 = CARTESIAN_POINT ( 'NONE',  ( -1.045309543170253656E-13, 1.051005472321429268, 15.12355700950112336 ) ) ;
#6897 = ORIENTED_EDGE ( 'NONE', *, *, #6070, .F. ) ;
#6898 = ORIENTED_EDGE ( 'NONE', *, *, #197, .T. ) ;
#6899 = DIRECTION ( 'NONE',  ( 1.000000000000000000, 0.000000000000000000, 6.938893903907228378E-15 ) ) ;
#6900 = ORIENTED_EDGE ( 'NONE', *, *, #8334, .F. ) ;
#6901 = CYLINDRICAL_SURFACE ( 'NONE', #8065, 1.000000000000000888 ) ;
#6902 = CARTESIAN_POINT ( 'NONE',  ( -5.780000000000075744, 12.94999999999999929, 7.749999999999960032 ) ) ;
#6903 = CIRCLE ( 'NONE', #7643, 0.2000000000000000944 ) ;
#6904 = CARTESIAN_POINT ( 'NONE',  ( 2.426874995234137966, 1.051005472321430156, 10.87132486664399700 ) ) ;
#6905 = ORIENTED_EDGE ( 'NONE', *, *, #6423, .T. ) ;
#6906 = EDGE_CURVE ( 'NONE', #4262, #3145, #8870, .T. ) ;
#6907 = PLANE ( 'NONE',  #4221 ) ;
#6908 = CARTESIAN_POINT ( 'NONE',  ( -6.350000000000088463, 6.910000000000000142, 12.68561057969086114 ) ) ;
#6909 = ORIENTED_EDGE ( 'NONE', *, *, #4449, .F. ) ;
#6910 = CARTESIAN_POINT ( 'NONE',  ( 4.490128060534499532, 2.419871939465424227, 11.21150343683379624 ) ) ;
#6911 = ORIENTED_EDGE ( 'NONE', *, *, #864, .T. ) ;
#6912 = EDGE_CURVE ( 'NONE', #1116, #2141, #688, .T. ) ;
#6913 = CARTESIAN_POINT ( 'NONE',  ( 5.796545349162977701, 7.763158186072878664, 16.50480700702359016 ) ) ;
#6914 = CIRCLE ( 'NONE', #5472, 0.4999999999999995559 ) ;
#6915 = CARTESIAN_POINT ( 'NONE',  ( 5.005037168080515464, 3.688683610304427152, 16.45297998822442764 ) ) ;
#6916 = AXIS2_PLACEMENT_3D ( 'NONE', #3548, #5656, #2765 ) ;
#6917 = CARTESIAN_POINT ( 'NONE',  ( 2.540000000000035563, 6.410000000000000142, -5.079999999999984084 ) ) ;
#6918 = CYLINDRICAL_SURFACE ( 'NONE', #5292, 0.1999999999999996503 ) ;
#6919 = AXIS2_PLACEMENT_3D ( 'NONE', #154, #1559, #4894 ) ;
#6920 =( GEOMETRIC_REPRESENTATION_CONTEXT ( 3 ) GLOBAL_UNCERTAINTY_ASSIGNED_CONTEXT ( ( #3096 ) ) GLOBAL_UNIT_ASSIGNED_CONTEXT ( ( #3705, #3023, #212 ) ) REPRESENTATION_CONTEXT ( 'NONE', 'WORKASPACE' ) );
#6921 = FACE_OUTER_BOUND ( 'NONE', #1618, .T. ) ;
#6922 = AXIS2_PLACEMENT_3D ( 'NONE', #3486, #3314, #5142 ) ;
#6923 = CARTESIAN_POINT ( 'NONE',  ( 1.213627278699721534, 12.84999999999999609, 16.35081420525758844 ) ) ;
#6924 = CARTESIAN_POINT ( 'NONE',  ( -2.426874995234310717, 1.051005472321430156, 14.15971772378682303 ) ) ;
#6925 = ADVANCED_FACE ( 'NONE', ( #5505, #6855 ), #3313, .T. ) ;
#6926 = CIRCLE ( 'NONE', #4161, 0.1999999999999996503 ) ;
#6927 = ORIENTED_EDGE ( 'NONE', *, *, #1419, .F. ) ;
#6928 = CARTESIAN_POINT ( 'NONE',  ( -6.780000000000012683, 2.000000000000000000, 1.799999999999952749 ) ) ;
#6929 = CARTESIAN_POINT ( 'NONE',  ( -2.244749429223766857, 12.84999999999999609, 12.51087222715661262 ) ) ;
#6930 = EDGE_LOOP ( 'NONE', ( #7617, #2379, #2428, #2053 ) ) ;
#6931 = EDGE_CURVE ( 'NONE', #886, #4750, #6809, .T. ) ;
#6932 = VECTOR ( 'NONE', #6414, 1000.000000000000000 ) ;
#6933 = PRESENTATION_LAYER_ASSIGNMENT (  '', '', ( #7669 ) ) ;
#6934 =( LENGTH_UNIT ( ) NAMED_UNIT ( * ) SI_UNIT ( .MILLI., .METRE. ) );
#6935 = ADVANCED_FACE ( 'NONE', ( #6140 ), #6181, .F. ) ;
#6936 = CARTESIAN_POINT ( 'NONE',  ( 2.630256121069061148, 0.5600000000000023848, 13.87623557969092580 ) ) ;
#6937 = ORIENTED_EDGE ( 'NONE', *, *, #7112, .T. ) ;
#6938 = CARTESIAN_POINT ( 'NONE',  ( 4.490128060534466670, 2.419871939465424227, 15.86061058216851549 ) ) ;
#6939 = CARTESIAN_POINT ( 'NONE',  ( 5.780000000000043769, 11.84999999999999964, -6.149999999999963052 ) ) ;
#6940 = AXIS2_PLACEMENT_3D ( 'NONE', #5235, #1083, #1765 ) ;
#6941 = CARTESIAN_POINT ( 'NONE',  ( -7.471924497216687898E-14, 13.26000000000000156, 10.64453915111947957 ) ) ;
#6942 = CARTESIAN_POINT ( 'NONE',  ( -5.858994527678683895, 4.483125004765785349, 16.08739629521536685 ) ) ;
#6943 = ORIENTED_EDGE ( 'NONE', *, *, #8160, .F. ) ;
#6944 = EDGE_CURVE ( 'NONE', #7012, #7956, #5544, .T. ) ;
#6945 = CARTESIAN_POINT ( 'NONE',  ( 5.780000000000026006, 1.940000000000000391, -3.549999999999961187 ) ) ;
#6946 = CARTESIAN_POINT ( 'NONE',  ( 2.244749429223739767, 12.84999999999999964, -9.851725008082809154 ) ) ;
#6947 = CARTESIAN_POINT ( 'NONE',  ( -5.858994527678658137, 6.910000000000000142, 12.40212843807251097 ) ) ;
#6948 = CARTESIAN_POINT ( 'NONE',  ( -6.580000000000045368, 0.000000000000000000, 6.299999999999953637 ) ) ;
#6949 = CARTESIAN_POINT ( 'NONE',  ( 4.142934761456310788, 2.767065238543610306, 11.60837843807258274 ) ) ;
#6950 = AXIS2_PLACEMENT_3D ( 'NONE', #232, #5155, #2992 ) ;
#6951 = EDGE_LOOP ( 'NONE', ( #7808, #3106, #4500, #3452 ) ) ;
#6952 = CARTESIAN_POINT ( 'NONE',  ( 7.380000000000044302, 2.240000000000000657, -6.349999999999951683 ) ) ;
#6953 = DIRECTION ( 'NONE',  ( -6.982962677686254089E-15, 0.000000000000000000, 1.000000000000000000 ) ) ;
#6954 = DIRECTION ( 'NONE',  ( 6.747905296117594716E-15, -0.000000000000000000, -1.000000000000000000 ) ) ;
#6955 = CARTESIAN_POINT ( 'NONE',  ( 5.858994527678494713, 4.483125004765792454, 10.98471772378687916 ) ) ;
#6956 = ORIENTED_EDGE ( 'NONE', *, *, #5999, .T. ) ;
#6957 = ORIENTED_EDGE ( 'NONE', *, *, #7486, .F. ) ;
#6958 = CARTESIAN_POINT ( 'NONE',  ( -1.016693947536618741E-13, 0.5600000000000006084, 14.72668200826233509 ) ) ;
#6959 = CARTESIAN_POINT ( 'NONE',  ( -3.523501616404794756, 12.36675450466445625, 14.35703674830430288 ) ) ;
#6960 = ORIENTED_EDGE ( 'NONE', *, *, #8002, .T. ) ;
#6961 = DIRECTION ( 'NONE',  ( -6.505213034913023449E-15, 0.000000000000000000, 1.000000000000000000 ) ) ;
#6962 = ORIENTED_EDGE ( 'NONE', *, *, #3533, .F. ) ;
#6963 = B_SPLINE_CURVE_WITH_KNOTS ( 'NONE', 3,
 ( #690, #2900, #6923, #2135, #4880, #4975 ),
 .UNSPECIFIED., .F., .F.,
 ( 4, 2, 4 ),
 ( 1.301042606982606284E-18, 0.001575231821408123447, 0.003150463642816245594 ),
 .UNSPECIFIED. ) ;
#6964 = CARTESIAN_POINT ( 'NONE',  ( -4.142934761456496418, 11.05293476145639175, 15.01016415235823587 ) ) ;
#6965 = LINE ( 'NONE', #910, #2142 ) ;
#6966 = DIRECTION ( 'NONE',  ( 6.982962677686266711E-15, 0.000000000000000000, -1.000000000000000000 ) ) ;
#6967 = CYLINDRICAL_SURFACE ( 'NONE', #5430, 0.7500000000000000000 ) ;
#6968 = CARTESIAN_POINT ( 'NONE',  ( -4.142934761456490200, 2.767065238543608530, 14.32980700950109387 ) ) ;
#6969 =( GEOMETRIC_REPRESENTATION_CONTEXT ( 3 ) GLOBAL_UNCERTAINTY_ASSIGNED_CONTEXT ( ( #4656 ) ) GLOBAL_UNIT_ASSIGNED_CONTEXT ( ( #132, #1487, #2982 ) ) REPRESENTATION_CONTEXT ( 'NONE', 'WORKASPACE' ) );
#6970 = CARTESIAN_POINT ( 'NONE',  ( 2.426874995234140187, 12.76899452767857390, 10.07757486664399948 ) ) ;
#6971 = CARTESIAN_POINT ( 'NONE',  ( 2.244749429223567461, 12.84999999999999964, 14.22106321793948425 ) ) ;
#6972 = CARTESIAN_POINT ( 'NONE',  ( 5.858994527678463626, 9.336874995234211383, 15.40703915235830657 ) ) ;
#6973 = EDGE_LOOP ( 'NONE', ( #6848, #4430, #7421, #5085 ) ) ;
#6974 = ORIENTED_EDGE ( 'NONE', *, *, #6842, .T. ) ;
#6975 = SURFACE_STYLE_FILL_AREA ( #2277 ) ;
#6976 = CARTESIAN_POINT ( 'NONE',  ( -0.9738268046403114608, 11.61045803535980170, 23.91744003617708358 ) ) ;
#6977 = ORIENTED_EDGE ( 'NONE', *, *, #3488, .F. ) ;
#6978 = FACE_OUTER_BOUND ( 'NONE', #4675, .T. ) ;
#6979 =( LENGTH_UNIT ( ) NAMED_UNIT ( * ) SI_UNIT ( .MILLI., .METRE. ) );
#6980 = ORIENTED_EDGE ( 'NONE', *, *, #7386, .T. ) ;
#6981 = CARTESIAN_POINT ( 'NONE',  ( -6.350000000000107114, 4.279743878930841738, 15.57712843931129676 ) ) ;
#6982 = CARTESIAN_POINT ( 'NONE',  ( 2.540000000000023572, 6.910000000000000142, -3.349999999999983658 ) ) ;
#6983 = CARTESIAN_POINT ( 'NONE',  ( -8.738833440168336980E-14, 13.26000000000000156, 12.45882486540519274 ) ) ;
#6984 = CARTESIAN_POINT ( 'NONE',  ( -4.142934761456496418, 11.05293476145639175, 15.01016415235823587 ) ) ;
#6985 = EDGE_LOOP ( 'NONE', ( #5215, #4710, #4486, #8726 ) ) ;
#6986 = LINE ( 'NONE', #4803, #2880 ) ;
#6987 = DIRECTION ( 'NONE',  ( 0.000000000000000000, -1.000000000000000000, -0.000000000000000000 ) ) ;
#6988 = CARTESIAN_POINT ( 'NONE',  ( -7.904417905821146799E-14, 12.76899452767857213, 11.26819986664398243 ) ) ;
#6989 = CARTESIAN_POINT ( 'NONE',  ( 5.858994527678497377, 4.483125004765792454, 10.75793200950116457 ) ) ;
#6990 = CIRCLE ( 'NONE', #3941, 1.599999999999999867 ) ;
#6991 = DIRECTION ( 'NONE',  ( 1.000000000000000000, 1.500625844270594406E-16, 6.982962677686266711E-15 ) ) ;
#6992 = CARTESIAN_POINT ( 'NONE',  ( 0.6141213165500465365, 11.67147863877830893, 23.37992744567662839 ) ) ;
#6993 = CARTESIAN_POINT ( 'NONE',  ( 2.426874995234131749, 1.051005472321430156, 11.77846772378685714 ) ) ;
#6994 = EDGE_CURVE ( 'NONE', #6876, #8039, #5492, .T. ) ;
#6995 = DIRECTION ( 'NONE',  ( 6.982962677686266711E-15, 0.000000000000000000, -1.000000000000000000 ) ) ;
#6996 = ORIENTED_EDGE ( 'NONE', *, *, #3383, .F. ) ;
#6997 = FACE_OUTER_BOUND ( 'NONE', #160, .T. ) ;
#6998 = PRESENTATION_LAYER_ASSIGNMENT (  '', '', ( #4087 ) ) ;
#6999 = VERTEX_POINT ( 'NONE', #4954 ) ;
#7000 = CARTESIAN_POINT ( 'NONE',  ( 2.426874995234138854, 12.76899452767857390, 10.30436058092971230 ) ) ;
#7001 = EDGE_CURVE ( 'NONE', #8972, #3897, #30, .T. ) ;
#7002 = CARTESIAN_POINT ( 'NONE',  ( -6.350000000000081357, 4.279743878930841738, 11.83516415111943409 ) ) ;
#7003 = DIRECTION ( 'NONE',  ( -6.505213034913023449E-15, 0.000000000000000000, 1.000000000000000000 ) ) ;
#7004 = DIRECTION ( 'NONE',  ( 6.982962677686266711E-15, 0.000000000000000000, -1.000000000000000000 ) ) ;
#7005 = DIRECTION ( 'NONE',  ( -0.000000000000000000, -1.000000000000000000, 0.000000000000000000 ) ) ;
#7006 = CARTESIAN_POINT ( 'NONE',  ( -2.426874995234299615, 1.051005472321430156, 12.57221772378682090 ) ) ;
#7007 = CARTESIAN_POINT ( 'NONE',  ( 5.858994527678509812, 4.483125004765792454, 8.943646295215453179 ) ) ;
#7008 = CIRCLE ( 'NONE', #6428, 0.1999999999999996503 ) ;
#7009 = DIRECTION ( 'NONE',  ( -6.982962677686266711E-15, 0.000000000000000000, 1.000000000000000000 ) ) ;
#7010 = CARTESIAN_POINT ( 'NONE',  ( 2.426874995234133969, 12.76899452767857390, 10.98471772378685429 ) ) ;
#7011 = ORIENTED_EDGE ( 'NONE', *, *, #6538, .F. ) ;
#7012 = VERTEX_POINT ( 'NONE', #943 ) ;
#7013 =( NAMED_UNIT ( * ) PLANE_ANGLE_UNIT ( ) SI_UNIT ( $, .RADIAN. ) );
#7014 = DIRECTION ( 'NONE',  ( -1.000000000000000000, 0.000000000000000000, -6.982962677686265922E-15 ) ) ;
#7015 = ORIENTED_EDGE ( 'NONE', *, *, #2598, .F. ) ;
#7016 = EDGE_CURVE ( 'NONE', #8800, #5957, #8490, .T. ) ;
#7017 = DIRECTION ( 'NONE',  ( -1.000000000000000000, 0.000000000000000000, -7.102804783527084762E-15 ) ) ;
#7018 = VERTEX_POINT ( 'NONE', #4212 ) ;
#7019 = CARTESIAN_POINT ( 'NONE',  ( 3.518731967196085719, 1.766456094943749555, 7.750000000000024869 ) ) ;
#7020 = CARTESIAN_POINT ( 'NONE',  ( -5.779999999999977156, 11.34999999999999964, -3.350000000000041833 ) ) ;
#7021 = AXIS2_PLACEMENT_3D ( 'NONE', #1214, #5277, #6087 ) ;
#7022 = CARTESIAN_POINT ( 'NONE',  ( -6.350000000000062705, 9.540256121069157658, 9.000342722548005270 ) ) ;
#7023 = CARTESIAN_POINT ( 'NONE',  ( 2.540000000000032454, 6.410000000000001030, -4.579999999999983196 ) ) ;
#7024 = EDGE_LOOP ( 'NONE', ( #1021, #7744, #4232, #1539 ) ) ;
#7025 = DIRECTION ( 'NONE',  ( 0.000000000000000000, -1.000000000000000000, -0.000000000000000000 ) ) ;
#7026 = EDGE_CURVE ( 'NONE', #4238, #8253, #2297, .T. ) ;
#7027 = PRESENTATION_STYLE_ASSIGNMENT (( #4950 ) ) ;
#7028 = CARTESIAN_POINT ( 'NONE',  ( -5.858994527678632380, 9.336874995234211383, 8.716860580929653324 ) ) ;
#7029 = CARTESIAN_POINT ( 'NONE',  ( -4.490128060534645194, 2.419871939465422450, 10.07757486540516112 ) ) ;
#7030 = CARTESIAN_POINT ( 'NONE',  ( -5.858994527678655473, 9.336874995234211383, 12.11864629521536862 ) ) ;
#7031 = AXIS2_PLACEMENT_3D ( 'NONE', #536, #1130, #6004 ) ;
#7032 = DIRECTION ( 'NONE',  ( 1.000000000000000000, 0.000000000000000000, 7.047314121155779610E-15 ) ) ;
#7033 = LINE ( 'NONE', #76, #5139 ) ;
#7034 = CARTESIAN_POINT ( 'NONE',  ( -1.764636366710788366E-13, 11.70999999999999908, 25.17999999999999972 ) ) ;
#7035 = ADVANCED_FACE ( 'NONE', ( #7781 ), #7863, .T. ) ;
#7036 = AXIS2_PLACEMENT_3D ( 'NONE', #7397, #1799, #8129 ) ;
#7037 = EDGE_CURVE ( 'NONE', #3853, #4192, #5588, .T. ) ;
#7038 = CARTESIAN_POINT ( 'NONE',  ( 4.142934761456331216, 11.05293476145639175, 8.433378438072582028 ) ) ;
#7039 = CARTESIAN_POINT ( 'NONE',  ( -2.630256121069233011, 0.5600000000000013856, 11.04141415111945967 ) ) ;
#7040 = EDGE_CURVE ( 'NONE', #3151, #7758, #5349, .T. ) ;
#7041 = ORIENTED_EDGE ( 'NONE', *, *, #8970, .T. ) ;
#7042 = CARTESIAN_POINT ( 'NONE',  ( -1.758310002241401882E-13, 12.44500000000000028, 25.17999999999999972 ) ) ;
#7043 = CIRCLE ( 'NONE', #2242, 0.1999999999999998723 ) ;
#7044 =( BOUNDED_SURFACE ( )  B_SPLINE_SURFACE ( 1, 2, ( 
 ( #3040, #5972, #5925, #4552, #423, #2499, #6690, #2538, #5328, #8101, #1868, #3720, #6501, #5829, #7420, #4729, #3311, #1951, #664, #6774, #4686, #7543, #1224, #3391, #3439, #7503, #8150, #1302, #6896, #1991, #2660, #6052, #1343, #3271, #1266, #8823, #4071, #4037, #6220, #4643, #8984, #4115, #6098, #1910, #2621, #547, #8867, #8901, #3354, #2743, #8943, #5418, #2581, #5540, #6813, #589, #8309, #5376, #1181, #4807, #4771, #7464, #6853, #3952, #3997, #6139, #6729, #624, #508, #8193, #5459, #8227, #6179, #2697, #5502, #8269, #2026, #7587, #801, #2156, #4300, #7030, #2114, #122, #4905, #3567, #7684, #7079, #847, #4163, #6949, #7128, #8397, #4346, #27, #3617, #4254, #6394, #7779, #710, #896, #2785, #5043, #5585, #6348, #6989, #3659, #2881, #6438, #167, #4953, #4211, #5634, #214, #2972, #1571, #5678, #8442, #5768, #8354, #1440, #3481, #755, #3526, #7732, #1478, #2069, #6302, #4853, #6261, #2203, #7636, #74, #4998, #2923, #1524, #2830, #1388, #5722, #8487, #2251, #7823, #263, #8682, #2438, #5863, #5233, #1806, #8003, #312, #1764, #1036, #6625, #6533, #5092, #3024, #8628, #2391, #5814, #2340, #5137, #4584, #406, #4535, #4437, #3074, #5186, #7319, #7955 ),
 ( #3894, #4393, #7223, #1716, #8583, #1082, #3851, #7908, #1663, #4492, #7861, #989, #3171, #7275, #3755, #3801, #6580, #8044, #1616, #5956, #8725, #357, #2482, #3118, #7363, #5911, #5272, #1126, #6677, #448, #3211, #8535, #2296, #7173, #941, #3706, #6486, #2609, #1852, #4226, #6283, #1209, #6126, #3255, #4184, #5404, #6968, #7658, #2094, #8087, #1939, #1415, #3504, #6, #730, #6715, #2763, #3938, #6000, #8808, #492, #2805, #51, #4630, #5606, #1249, #5561, #4878, #8375, #2133, #8766, #2524, #4925, #7707, #1457, #4024, #3981, #7006, #7487, #8180, #1170, #775, #5317, #6084, #4714, #7406, #6040, #2565, #5363, #6800, #8136, #1896, #8330, #4673, #7449, #6760, #533, #3297, #8853, #575, #3341, #7195, #5654, #962, #7839, #3681, #8558, #2318, #3050, #3546, #6320, #6511, #3732, #287, #1590, #7800, #5839, #5069, #5743, #7752, #8602, #2366, #3635, #4366, #96, #6368, #2271, #5112, #2943, #1549, #2858, #5159, #8415, #6412, #1636, #4276, #6459, #235, #867, #2997, #7931, #5792, #4322, #7883, #7146, #4413, #7103, #2178, #7054, #188, #8509, #820, #142, #2898, #1684, #4463, #7249, #8463, #913, #4973, #1497, #3592, #5696, #2224, #5019, #519, #8747, #5385, #5884 ) ),
 .UNSPECIFIED., .F., .F., .T. ) 
 B_SPLINE_SURFACE_WITH_KNOTS ( ( 2, 2 ),
 ( 3, 2, 2, 2, 2, 2, 2, 2, 2, 2, 2, 2, 2, 2, 2, 2, 2, 2, 2, 2, 2, 2, 2, 2, 2, 2, 2, 2, 2, 2, 2, 2, 2, 2, 2, 2, 2, 2, 2, 2, 2, 2, 2, 2, 2, 2, 2, 2, 2, 2, 2, 2, 2, 2, 2, 2, 2, 2, 2, 2, 2, 2, 2, 2, 2, 2, 2, 2, 2, 2, 2, 2, 2, 2, 2, 2, 2, 2, 2, 2, 2, 2, 2, 2, 3 ),
 ( 0.000000000000000000, 1.000000000000000000 ),
 ( 0.000000000000000000, 0.01136363636363636395, 0.02272727272727272790, 0.03409090909090908839, 0.04545454545454545581, 0.05681818181818181629, 0.06818181818181817677, 0.07954545454545454419, 0.09090909090909091161, 0.1022727272727272790, 0.1136363636363636326, 0.1250000000000000000, 0.1363636363636363535, 0.1477272727272727348, 0.1590909090909090884, 0.1704545454545454419, 0.1818181818181818232, 0.1931818181818181768, 0.2045454545454545581, 0.2159090909090909116, 0.2272727272727272652, 0.2386363636363636465, 0.2500000000000000000, 0.2613636363636363535, 0.2727272727272727071, 0.2840909090909091161, 0.2954545454545454697, 0.3068181818181818232, 0.3181818181818181768, 0.3295454545454545303, 0.3409090909090908839, 0.3522727272727272929, 0.3636363636363636465, 0.3750000000000000000, 0.3863636363636363535, 0.3977272727272727071, 0.4090909090909091161, 0.4204545454545454697, 0.4318181818181818232, 0.4431818181818181768, 0.4545454545454545303, 0.4659090909090908839, 0.4772727272727272929, 0.4886363636363636465, 0.5000000000000000000, 0.5113636363636363535, 0.5227272727272727071, 0.5340909090909090606, 0.5454545454545454142, 0.5568181818181817677, 0.5681818181818182323, 0.5795454545454545858, 0.5909090909090909394, 0.6022727272727272929, 0.6136363636363636465, 0.6250000000000000000, 0.6363636363636363535, 0.6477272727272727071, 0.6590909090909090606, 0.6704545454545454142, 0.6818181818181817677, 0.6931818181818182323, 0.7045454545454545858, 0.7159090909090909394, 0.7272727272727272929, 0.7386363636363636465, 0.7500000000000000000, 0.7613636363636363535, 0.7727272727272727071, 0.7840909090909090606, 0.7954545454545454142, 0.8068181818181817677, 0.8181818181818182323, 0.8295454545454545858, 0.8409090909090909394, 0.8522727272727272929, 0.8636363636363636465, 0.8750000000000000000, 0.8863636363636363535, 0.8977272727272727071, 0.9090909090909090606, 0.9204545454545454142, 0.9318181818181817677, 0.9431818181818182323, 0.9491625244245421866 ),
 .UNSPECIFIED. ) 
 GEOMETRIC_REPRESENTATION_ITEM ( )  RATIONAL_B_SPLINE_SURFACE ( (
 ( 1.000000000000000000, 0.9238795325112867385, 1.000000000000000000, 0.9238795325112867385, 1.000000000000000000, 0.9238795325112867385, 1.000000000000000000, 0.9238795325112867385, 1.000000000000000000, 0.9238795325112867385, 1.000000000000000000, 0.9238795325112867385, 1.000000000000000000, 0.9238795325112867385, 1.000000000000000000, 0.9238795325112867385, 1.000000000000000000, 0.9238795325112867385, 1.000000000000000000, 0.9238795325112867385, 1.000000000000000000, 0.9238795325112867385, 1.000000000000000000, 0.9238795325112867385, 1.000000000000000000, 0.9238795325112867385, 1.000000000000000000, 0.9238795325112867385, 1.000000000000000000, 0.9238795325112867385, 1.000000000000000000, 0.9238795325112867385, 1.000000000000000000, 0.9238795325112867385, 1.000000000000000000, 0.9238795325112867385, 1.000000000000000000, 0.9238795325112867385, 1.000000000000000000, 0.9238795325112867385, 1.000000000000000000, 0.9238795325112867385, 1.000000000000000000, 0.9238795325112867385, 1.000000000000000000, 0.9238795325112867385, 1.000000000000000000, 0.9238795325112867385, 1.000000000000000000, 0.9238795325112867385, 1.000000000000000000, 0.9238795325112867385, 1.000000000000000000, 0.9238795325112867385, 1.000000000000000000, 0.9238795325112867385, 1.000000000000000000, 0.9238795325112867385, 1.000000000000000000, 0.9238795325112867385, 1.000000000000000000, 0.9238795325112867385, 1.000000000000000000, 0.9238795325112867385, 1.000000000000000000, 0.9238795325112867385, 1.000000000000000000, 0.9238795325112867385, 1.000000000000000000, 0.9238795325112867385, 1.000000000000000000, 0.9238795325112867385, 1.000000000000000000, 0.9238795325112867385, 1.000000000000000000, 0.9238795325112867385, 1.000000000000000000, 0.9238795325112867385, 1.000000000000000000, 0.9238795325112867385, 1.000000000000000000, 0.9238795325112867385, 1.000000000000000000, 0.9238795325112867385, 1.000000000000000000, 0.9238795325112867385, 1.000000000000000000, 0.9238795325112867385, 1.000000000000000000, 0.9238795325112867385, 1.000000000000000000, 0.9238795325112867385, 1.000000000000000000, 0.9238795325112867385, 1.000000000000000000, 0.9238795325112867385, 1.000000000000000000, 0.9238795325112867385, 1.000000000000000000, 0.9238795325112867385, 1.000000000000000000, 0.9238795325112867385, 1.000000000000000000, 0.9238795325112867385, 1.000000000000000000, 0.9238795325112867385, 1.000000000000000000, 0.9238795325112867385, 1.000000000000000000, 0.9238795325112867385, 1.000000000000000000, 0.9238795325112867385, 1.000000000000000000, 0.9238795325112867385, 1.000000000000000000, 0.9238795325112867385, 1.000000000000000000, 0.9238795325112867385, 1.000000000000000000, 0.9238795325112867385, 1.000000000000000000, 0.9238795325112867385, 1.000000000000000000, 0.9238795325112867385, 1.000000000000000000, 0.9238795325112867385, 1.000000000000000000, 0.9238795325112867385, 1.000000000000000000, 0.9238795325112867385, 1.000000000000000000, 0.9238795325112867385, 1.000000000000000000, 0.9238795325112867385, 1.000000000000000000, 0.9238795325112867385, 1.000000000000000000, 0.9238795325112867385, 1.000000000000000000, 0.9238795325112867385, 1.000000000000000000, 0.9238795325112867385, 1.000000000000000000, 0.9238795325112867385, 1.000000000000000000, 0.9238795325112867385, 1.000000000000000000, 0.9238795325112867385, 1.000000000000000000, 0.9238795325112867385, 1.000000000000000000, 0.9238795325112867385, 1.000000000000000000, 0.9238795325112867385, 1.000000000000000000, 0.9238795325112867385, 1.000000000000000000, 0.9238795325112867385, 1.000000000000000000, 0.9238795325112867385, 1.000000000000000000, 0.9238795325112867385, 1.000000000000000000, 0.9238795325112867385, 1.000000000000000000, 0.9238795325112867385, 1.000000000000000000, 0.9599376343504244513, 0.9620450870004610966),
 ( 1.000000000000000000, 0.9238795325112867385, 1.000000000000000000, 0.9238795325112867385, 1.000000000000000000, 0.9238795325112867385, 1.000000000000000000, 0.9238795325112867385, 1.000000000000000000, 0.9238795325112867385, 1.000000000000000000, 0.9238795325112867385, 1.000000000000000000, 0.9238795325112867385, 1.000000000000000000, 0.9238795325112867385, 1.000000000000000000, 0.9238795325112867385, 1.000000000000000000, 0.9238795325112867385, 1.000000000000000000, 0.9238795325112867385, 1.000000000000000000, 0.9238795325112867385, 1.000000000000000000, 0.9238795325112867385, 1.000000000000000000, 0.9238795325112867385, 1.000000000000000000, 0.9238795325112867385, 1.000000000000000000, 0.9238795325112867385, 1.000000000000000000, 0.9238795325112867385, 1.000000000000000000, 0.9238795325112867385, 1.000000000000000000, 0.9238795325112867385, 1.000000000000000000, 0.9238795325112867385, 1.000000000000000000, 0.9238795325112867385, 1.000000000000000000, 0.9238795325112867385, 1.000000000000000000, 0.9238795325112867385, 1.000000000000000000, 0.9238795325112867385, 1.000000000000000000, 0.9238795325112867385, 1.000000000000000000, 0.9238795325112867385, 1.000000000000000000, 0.9238795325112867385, 1.000000000000000000, 0.9238795325112867385, 1.000000000000000000, 0.9238795325112867385, 1.000000000000000000, 0.9238795325112867385, 1.000000000000000000, 0.9238795325112867385, 1.000000000000000000, 0.9238795325112867385, 1.000000000000000000, 0.9238795325112867385, 1.000000000000000000, 0.9238795325112867385, 1.000000000000000000, 0.9238795325112867385, 1.000000000000000000, 0.9238795325112867385, 1.000000000000000000, 0.9238795325112867385, 1.000000000000000000, 0.9238795325112867385, 1.000000000000000000, 0.9238795325112867385, 1.000000000000000000, 0.9238795325112867385, 1.000000000000000000, 0.9238795325112867385, 1.000000000000000000, 0.9238795325112867385, 1.000000000000000000, 0.9238795325112867385, 1.000000000000000000, 0.9238795325112867385, 1.000000000000000000, 0.9238795325112867385, 1.000000000000000000, 0.9238795325112867385, 1.000000000000000000, 0.9238795325112867385, 1.000000000000000000, 0.9238795325112867385, 1.000000000000000000, 0.9238795325112867385, 1.000000000000000000, 0.9238795325112867385, 1.000000000000000000, 0.9238795325112867385, 1.000000000000000000, 0.9238795325112867385, 1.000000000000000000, 0.9238795325112867385, 1.000000000000000000, 0.9238795325112867385, 1.000000000000000000, 0.9238795325112867385, 1.000000000000000000, 0.9238795325112867385, 1.000000000000000000, 0.9238795325112867385, 1.000000000000000000, 0.9238795325112867385, 1.000000000000000000, 0.9238795325112867385, 1.000000000000000000, 0.9238795325112867385, 1.000000000000000000, 0.9238795325112867385, 1.000000000000000000, 0.9238795325112867385, 1.000000000000000000, 0.9238795325112867385, 1.000000000000000000, 0.9238795325112867385, 1.000000000000000000, 0.9238795325112867385, 1.000000000000000000, 0.9238795325112867385, 1.000000000000000000, 0.9238795325112867385, 1.000000000000000000, 0.9238795325112867385, 1.000000000000000000, 0.9238795325112867385, 1.000000000000000000, 0.9238795325112867385, 1.000000000000000000, 0.9238795325112867385, 1.000000000000000000, 0.9238795325112867385, 1.000000000000000000, 0.9238795325112867385, 1.000000000000000000, 0.9238795325112867385, 1.000000000000000000, 0.9238795325112867385, 1.000000000000000000, 0.9238795325112867385, 1.000000000000000000, 0.9238795325112867385, 1.000000000000000000, 0.9238795325112867385, 1.000000000000000000, 0.9238795325112867385, 1.000000000000000000, 0.9238795325112867385, 1.000000000000000000, 0.9238795325112867385, 1.000000000000000000, 0.9238795325112867385, 1.000000000000000000, 0.9238795325112867385, 1.000000000000000000, 0.9599376343504244513, 0.9620450870004610966) ) ) 
 REPRESENTATION_ITEM ( '' )  SURFACE ( )  );
#7045 = DIRECTION ( 'NONE',  ( -1.000000000000000000, 0.000000000000000000, -6.966212383843870320E-15 ) ) ;
#7046 = ORIENTED_EDGE ( 'NONE', *, *, #4137, .F. ) ;
#7047 = DIRECTION ( 'NONE',  ( -6.982962677686266711E-15, -0.000000000000000000, 1.000000000000000000 ) ) ;
#7048 = ORIENTED_EDGE ( 'NONE', *, *, #4377, .F. ) ;
#7049 = CARTESIAN_POINT ( 'NONE',  ( -2.426874995234293397, 1.051005472321430156, 11.66507486664396609 ) ) ;
#7050 = EDGE_CURVE ( 'NONE', #1143, #4855, #5723, .T. ) ;
#7051 = CARTESIAN_POINT ( 'NONE',  ( -5.080000000000000959, -3.430000000000002380, -3.671769155057995258E-14 ) ) ;
#7052 = CARTESIAN_POINT ( 'NONE',  ( -6.678080050283197622, 0.9150151654791283118, 6.281592836247947176 ) ) ;
#7053 = CARTESIAN_POINT ( 'NONE',  ( -5.779999999999955840, 1.740000000000000213, -6.150000000000041211 ) ) ;
#7054 = CARTESIAN_POINT ( 'NONE',  ( -6.004054491393670020E-14, 12.76899452767857213, 8.546771295215410902 ) ) ;
#7055 = CARTESIAN_POINT ( 'NONE',  ( -4.142934761456462667, 11.05293476145639175, 10.24766415235823835 ) ) ;
#7056 = DIRECTION ( 'NONE',  ( -1.000000000000000000, 0.000000000000000000, -7.102804783527084762E-15 ) ) ;
#7057 = CARTESIAN_POINT ( 'NONE',  ( -2.426874995234301391, 12.76899452767857390, 12.91239629521539456 ) ) ;
#7058 = EDGE_LOOP ( 'NONE', ( #3766, #6552, #4821, #6209 ) ) ;
#7059 = VERTEX_POINT ( 'NONE', #2252 ) ;
#7060 = CARTESIAN_POINT ( 'NONE',  ( -6.079999999999975202, 2.240000000000000657, -3.550000000000043787 ) ) ;
#7061 = CARTESIAN_POINT ( 'NONE',  ( -3.580000000000041371, 0.2000000000000000944, 6.099999999999975664 ) ) ;
#7062 = EDGE_LOOP ( 'NONE', ( #3707, #2824, #1567, #5857 ) ) ;
#7063 = AXIS2_PLACEMENT_3D ( 'NONE', #8344, #4237, #881 ) ;
#7064 = DIRECTION ( 'NONE',  ( 6.982962677686266711E-15, 0.000000000000000000, -1.000000000000000000 ) ) ;
#7065 = AXIS2_PLACEMENT_3D ( 'NONE', #5031, #8432, #5667 ) ;
#7066 = CARTESIAN_POINT ( 'NONE',  ( -4.490128060534678056, 11.40012806053457695, 14.49989629645416755 ) ) ;
#7067 = CYLINDRICAL_SURFACE ( 'NONE', #8955, 1.000000000000000888 ) ;
#7068 = CARTESIAN_POINT ( 'NONE',  ( -4.500179175839967627, 3.138319849597059008, 7.749999999999969802 ) ) ;
#7069 = B_SPLINE_CURVE_WITH_KNOTS ( 'NONE', 3,
 ( #8332, #1500, #7661, #4832, #1417, #732 ),
 .UNSPECIFIED., .F., .F.,
 ( 4, 2, 4 ),
 ( 0.000000000000000000, 0.0001725943224077501094, 0.0003451886448155002188 ),
 .UNSPECIFIED. ) ;
#7070 = ORIENTED_EDGE ( 'NONE', *, *, #4887, .F. ) ;
#7071 = CARTESIAN_POINT ( 'NONE',  ( 2.244749429223558135, 12.85000000000000142, 16.14874179184563374 ) ) ;
#7072 = CARTESIAN_POINT ( 'NONE',  ( -3.924999999999976286, -3.281253729992883894, -3.350000000000028955 ) ) ;
#7073 = ORIENTED_EDGE ( 'NONE', *, *, #2395, .F. ) ;
#7074 = ORIENTED_EDGE ( 'NONE', *, *, #4251, .T. ) ;
#7075 = CARTESIAN_POINT ( 'NONE',  ( -6.780000000000024230, 0.2000000000000000944, 3.299999999999953193 ) ) ;
#7076 = CARTESIAN_POINT ( 'NONE',  ( -1.507889285407968183, 12.84999999999999787, 12.34440827541558328 ) ) ;
#7077 = CARTESIAN_POINT ( 'NONE',  ( -5.858994527678626163, 4.483125004765785349, 7.923110580929654034 ) ) ;
#7078 = FACE_OUTER_BOUND ( 'NONE', #8618, .T. ) ;
#7079 = CARTESIAN_POINT ( 'NONE',  ( 5.858994527678488495, 9.336874995234211383, 11.77846772378688023 ) ) ;
#7080 = EDGE_LOOP ( 'NONE', ( #7465, #133, #5478 ) ) ;
#7081 = AXIS2_PLACEMENT_3D ( 'NONE', #3273, #3910, #3865 ) ;
#7082 = FACE_OUTER_BOUND ( 'NONE', #3450, .T. ) ;
#7083 = ORIENTED_EDGE ( 'NONE', *, *, #5338, .T. ) ;
#7084 = VECTOR ( 'NONE', #8265, 1000.000000000000000 ) ;
#7085 = CARTESIAN_POINT ( 'NONE',  ( -3.924999999999974509, 0.2000000000000000944, -3.550000000000028688 ) ) ;
#7086 = CARTESIAN_POINT ( 'NONE',  ( -6.004054491393670020E-14, 12.76899452767857213, 8.546771295215410902 ) ) ;
#7087 = CARTESIAN_POINT ( 'NONE',  ( -6.838470025740861464E-14, 13.26000000000000156, 9.737396293976621209 ) ) ;
#7088 = VERTEX_POINT ( 'NONE', #4394 ) ;
#7089 = CARTESIAN_POINT ( 'NONE',  ( 2.244749429223566572, 12.84999999999999964, 14.33445607755991702 ) ) ;
#7090 = VECTOR ( 'NONE', #3046, 1000.000000000000000 ) ;
#7091 = CARTESIAN_POINT ( 'NONE',  ( 7.379999999999924398, 12.94999999999999929, 7.750000000000050626 ) ) ;
#7092 = ORIENTED_EDGE ( 'NONE', *, *, #7102, .F. ) ;
#7093 = CARTESIAN_POINT ( 'NONE',  ( 4.601290309725406757, 10.55717254774952707, 16.50480700702356884 ) ) ;
#7094 = ORIENTED_EDGE ( 'NONE', *, *, #6555, .F. ) ;
#7095 = EDGE_CURVE ( 'NONE', #4508, #1629, #8599, .T. ) ;
#7096 = EDGE_CURVE ( 'NONE', #6876, #6477, #1706, .T. ) ;
#7097 = CARTESIAN_POINT ( 'NONE',  ( -5.858994527678651920, 9.336874995234211383, 11.43828915235822308 ) ) ;
#7098 = DIRECTION ( 'NONE',  ( 6.982962677686266711E-15, 0.000000000000000000, -1.000000000000000000 ) ) ;
#7099 =( BOUNDED_CURVE ( )  B_SPLINE_CURVE ( 2, ( #5147, #3765, #7966, #2802, #7748 ),
 .UNSPECIFIED., .F., .F. ) 
 B_SPLINE_CURVE_WITH_KNOTS ( ( 3, 2, 3 ),
 ( 0.4825062624775744990, 0.4886363636363635909, 0.4999999999999998335 ),
 .UNSPECIFIED. ) 
 CURVE ( )  GEOMETRIC_REPRESENTATION_ITEM ( )  RATIONAL_B_SPLINE_CURVE ( ( 0.9621766860142484390, 0.9589368973955082476, 1.000000000000000000, 0.9238795325112878487, 0.9999999999999988898 ) ) 
 REPRESENTATION_ITEM ( '' )  );
#7100 = DIRECTION ( 'NONE',  ( -6.982962677686266711E-15, -0.000000000000000000, 1.000000000000000000 ) ) ;
#7101 = LINE ( 'NONE', #6458, #5160 ) ;
#7102 = EDGE_CURVE ( 'NONE', #7018, #1689, #8443, .T. ) ;
#7103 = CARTESIAN_POINT ( 'NONE',  ( -4.142934761456452009, 11.05293476145639175, 8.660164152358237999 ) ) ;
#7104 = CARTESIAN_POINT ( 'NONE',  ( -2.426874995234278742, 1.051005472321430156, 9.624003438072534777 ) ) ;
#7105 = CARTESIAN_POINT ( 'NONE',  ( -5.779999999999955840, 2.240000000000000657, -6.350000000000040501 ) ) ;
#7106 = CARTESIAN_POINT ( 'NONE',  ( -4.142934761456468884, 11.05293476145639175, 11.15480700950109494 ) ) ;
#7107 = ORIENTED_EDGE ( 'NONE', *, *, #6507, .T. ) ;
#7108 = CARTESIAN_POINT ( 'NONE',  ( 2.540000000000034674, -4.540000000000000924, -5.079999999999983196 ) ) ;
#7109 = DIRECTION ( 'NONE',  ( -0.000000000000000000, -1.000000000000000000, 0.000000000000000000 ) ) ;
#7110 = EDGE_LOOP ( 'NONE', ( #7757, #6053, #6767, #3785 ) ) ;
#7111 = VECTOR ( 'NONE', #1014, 1000.000000000000000 ) ;
#7112 = EDGE_CURVE ( 'NONE', #4495, #8729, #2160, .T. ) ;
#7113 = CARTESIAN_POINT ( 'NONE',  ( -4.490128060534670951, 2.419871939465422450, 13.70614629397658923 ) ) ;
#7114 = PRODUCT ( '5413879-1', '5413879-1', '', ( #1920 ) ) ;
#7115 = CARTESIAN_POINT ( 'NONE',  ( -6.350000000000101785, 9.540256121069157658, 14.55659272502558466 ) ) ;
#7116 = CARTESIAN_POINT ( 'NONE',  ( 5.320206714510958612, 3.482189562711139441, 7.750000000000062172 ) ) ;
#7117 = CYLINDRICAL_SURFACE ( 'NONE', #1335, 0.1999999999999998723 ) ;
#7118 = VECTOR ( 'NONE', #2453, 1000.000000000000000 ) ;
#7119 = EDGE_LOOP ( 'NONE', ( #5822, #1095, #7265, #43 ) ) ;
#7120 = DIRECTION ( 'NONE',  ( -1.000000000000000000, 0.000000000000000000, -8.673617379883937653E-15 ) ) ;
#7121 = VERTEX_POINT ( 'NONE', #3527 ) ;
#7122 = CARTESIAN_POINT ( 'NONE',  ( -1.751080447234265434E-13, 2.110000000000000320, 25.17999999999999972 ) ) ;
#7123 = ORIENTED_EDGE ( 'NONE', *, *, #5971, .F. ) ;
#7124 = ORIENTED_EDGE ( 'NONE', *, *, #7346, .T. ) ;
#7125 = CARTESIAN_POINT ( 'NONE',  ( -4.124999999999955591, 1.740000000000000213, -6.150000000000029665 ) ) ;
#7126 = CARTESIAN_POINT ( 'NONE',  ( -2.244749429223766857, 12.84999999999999609, 12.51087222715661262 ) ) ;
#7127 = CARTESIAN_POINT ( 'NONE',  ( -4.490128060534689602, 11.40012806053457695, 16.20078915111944795 ) ) ;
#7128 = CARTESIAN_POINT ( 'NONE',  ( 2.426874995234133081, 1.051005472321430156, 11.55168200950114255 ) ) ;
#7129 = CARTESIAN_POINT ( 'NONE',  ( 3.925000000000022027, 0.2000000000000000666, -3.349999999999973888 ) ) ;
#7130 = ORIENTED_EDGE ( 'NONE', *, *, #4895, .T. ) ;
#7131 = LINE ( 'NONE', #4303, #1230 ) ;
#7132 = CARTESIAN_POINT ( 'NONE',  ( 0.5046205066295432751, 11.68494503919716010, 25.05323144881550945 ) ) ;
#7133 = CARTESIAN_POINT ( 'NONE',  ( 4.142934761456328552, 2.767065238543610306, 9.113735580929725799 ) ) ;
#7134 = CARTESIAN_POINT ( 'NONE',  ( 4.490128060534505750, 2.419871939465424227, 10.30436057969093788 ) ) ;
#7135 = ORIENTED_EDGE ( 'NONE', *, *, #8188, .T. ) ;
#7136 = DIRECTION ( 'NONE',  ( -5.531282780297823222E-31, -1.000000000000000000, 7.921111762451173970E-17 ) ) ;
#7137 = VECTOR ( 'NONE', #5293, 1000.000000000000000 ) ;
#7138 = DIRECTION ( 'NONE',  ( -6.982962677686266711E-15, -0.000000000000000000, 1.000000000000000000 ) ) ;
#7139 = ORIENTED_EDGE ( 'NONE', *, *, #7141, .T. ) ;
#7140 = CARTESIAN_POINT ( 'NONE',  ( -2.244749429223767301, 12.84999999999999964, 14.32515794144232757 ) ) ;
#7141 = EDGE_CURVE ( 'NONE', #2483, #3930, #8118, .T. ) ;
#7142 = CARTESIAN_POINT ( 'NONE',  ( 4.142934761456315229, 2.767065238543610306, 10.92802129521544074 ) ) ;
#7143 = CARTESIAN_POINT ( 'NONE',  ( -2.630256121069238784, 0.5600000000000016076, 11.94855700826231626 ) ) ;
#7144 = CARTESIAN_POINT ( 'NONE',  ( 6.879422804227080120E-14, 6.910000000000000142, -9.851725008082825141 ) ) ;
#7145 = CARTESIAN_POINT ( 'NONE',  ( 6.349999999999945466, 9.540256121069159434, 7.866414153597101055 ) ) ;
#7146 = CARTESIAN_POINT ( 'NONE',  ( -5.858994527678632380, 6.910000000000000142, 8.773557009501082860 ) ) ;
#7147 = FACE_OUTER_BOUND ( 'NONE', #358, .T. ) ;
#7148 = EDGE_CURVE ( 'NONE', #3560, #8889, #7520, .T. ) ;
#7149 = LINE ( 'NONE', #2503, #8526 ) ;
#7150 =( GEOMETRIC_REPRESENTATION_CONTEXT ( 3 ) GLOBAL_UNCERTAINTY_ASSIGNED_CONTEXT ( ( #5116 ) ) GLOBAL_UNIT_ASSIGNED_CONTEXT ( ( #6934, #8807, #4840 ) ) REPRESENTATION_CONTEXT ( 'NONE', 'WORKASPACE' ) );
#7151 = CARTESIAN_POINT ( 'NONE',  ( 4.142934761456298354, 2.767065238543610306, 13.42266415235829768 ) ) ;
#7152 = ORIENTED_EDGE ( 'NONE', *, *, #1106, .F. ) ;
#7153 = EDGE_CURVE ( 'NONE', #6535, #3843, #6500, .T. ) ;
#7154 = ADVANCED_FACE ( 'NONE', ( #802, #3568 ), #6351, .F. ) ;
#7155 = CARTESIAN_POINT ( 'NONE',  ( 3.379999999999955040, 0.2000000000000000944, 6.300000000000023803 ) ) ;
#7156 = DIRECTION ( 'NONE',  ( -1.000000000000000000, 0.000000000000000000, -6.982962677686265922E-15 ) ) ;
#7157 = VERTEX_POINT ( 'NONE', #4999 ) ;
#7158 = AXIS2_PLACEMENT_3D ( 'NONE', #2237, #1754, #155 ) ;
#7159 = CARTESIAN_POINT ( 'NONE',  ( -6.350000000000107114, 6.910000000000000142, 15.40703915111943267 ) ) ;
#7160 = CARTESIAN_POINT ( 'NONE',  ( -6.350000000000081357, 4.279743878930841738, 11.94855701073986687 ) ) ;
#7161 = CARTESIAN_POINT ( 'NONE',  ( 0.1842617611491600416, 0.8242496070333107383, 7.750000000000003553 ) ) ;
#7162 = DIRECTION ( 'NONE',  ( 0.000000000000000000, -1.000000000000000000, -0.000000000000000000 ) ) ;
#7163 = ORIENTED_EDGE ( 'NONE', *, *, #8164, .F. ) ;
#7164 = AXIS2_PLACEMENT_3D ( 'NONE', #4875, #7928, #3633 ) ;
#7165 = CYLINDRICAL_SURFACE ( 'NONE', #227, 0.1999999999999996503 ) ;
#7166 = DIRECTION ( 'NONE',  ( -1.000000000000000000, 0.000000000000000000, -6.982962677686266711E-15 ) ) ;
#7167 = ORIENTED_EDGE ( 'NONE', *, *, #5166, .T. ) ;
#7168 = ORIENTED_EDGE ( 'NONE', *, *, #5942, .F. ) ;
#7169 = DIRECTION ( 'NONE',  ( 6.982962677686266711E-15, 0.000000000000000000, -1.000000000000000000 ) ) ;
#7170 = DIRECTION ( 'NONE',  ( -0.000000000000000000, -1.000000000000000000, 0.000000000000000000 ) ) ;
#7171 = CARTESIAN_POINT ( 'NONE',  ( -6.350000000000120437, 6.910000000000000142, 17.22132486540514762 ) ) ;
#7172 = ADVANCED_FACE ( 'NONE', ( #7082 ), #5063, .T. ) ;
#7173 = CARTESIAN_POINT ( 'NONE',  ( -5.858994527678676789, 9.336874995234211383, 15.06686058092965474 ) ) ;
#7174 = EDGE_CURVE ( 'NONE', #3843, #1450, #7957, .T. ) ;
#7175 = CARTESIAN_POINT ( 'NONE',  ( 1.507889285407767899, 12.84999999999999964, 15.40806288644380118 ) ) ;
#7176 = EDGE_LOOP ( 'NONE', ( #4131, #7070, #2229, #6215 ) ) ;
#7177 = CARTESIAN_POINT ( 'NONE',  ( 2.244749429223620751, 12.84999999999999076, 9.798741791845632321 ) ) ;
#7178 = CARTESIAN_POINT ( 'NONE',  ( -3.724999999999976108, 1.740000000000000213, -3.350000000000027622 ) ) ;
#7179 = CARTESIAN_POINT ( 'NONE',  ( 6.349999999999882405, 6.910000000000001030, 16.76775343683380726 ) ) ;
#7180 = CARTESIAN_POINT ( 'NONE',  ( 4.490128060534495980, 11.40012806053457695, 11.43828915111951083 ) ) ;
#7181 = ORIENTED_EDGE ( 'NONE', *, *, #5999, .F. ) ;
#7182 = CARTESIAN_POINT ( 'NONE',  ( -0.8742724019237568811, 12.85000000000000497, 16.42109112450468444 ) ) ;
#7183 = VERTEX_POINT ( 'NONE', #3756 ) ;
#7184 = FACE_OUTER_BOUND ( 'NONE', #1503, .T. ) ;
#7185 = VECTOR ( 'NONE', #2132, 1000.000000000000000 ) ;
#7186 = SURFACE_STYLE_USAGE ( .BOTH. , #3768 ) ;
#7187 = ORIENTED_EDGE ( 'NONE', *, *, #4213, .T. ) ;
#7188 = CARTESIAN_POINT ( 'NONE',  ( 3.186392083917604978, 11.84163886556915202, 16.50480700702356174 ) ) ;
#7189 = CARTESIAN_POINT ( 'NONE',  ( 2.426874995234118870, 1.051005472321430156, 13.59275343807257208 ) ) ;
#7190 = ADVANCED_FACE ( 'NONE', ( #2484 ), #6680, .T. ) ;
#7191 = FACE_OUTER_BOUND ( 'NONE', #5681, .T. ) ;
#7192 = CARTESIAN_POINT ( 'NONE',  ( 2.244749429223613646, 12.85000000000000142, 7.871063217939485490 ) ) ;
#7193 = AXIS2_PLACEMENT_3D ( 'NONE', #2131, #8369, #7703 ) ;
#7194 = CARTESIAN_POINT ( 'NONE',  ( 3.579999999999984972, 0.2000000000000000944, 2.000000000000025313 ) ) ;
#7195 = CARTESIAN_POINT ( 'NONE',  ( 2.426874995234132193, 12.76899452767857390, 11.21150343807256888 ) ) ;
#7196 = DIRECTION ( 'NONE',  ( 1.000000000000000000, 0.000000000000000000, 8.673617379884051249E-15 ) ) ;
#7197 = CARTESIAN_POINT ( 'NONE',  ( 6.280000000000044658, 2.240000000000006430, -6.149999999999959499 ) ) ;
#7198 = CARTESIAN_POINT ( 'NONE',  ( -8.379508759428015994E-14, 12.76899452767857213, 11.94855700950112443 ) ) ;
#7199 = PRODUCT_DEFINITION_CONTEXT ( 'detailed design', #4813, 'design' ) ;
#7200 = ORIENTED_EDGE ( 'NONE', *, *, #7894, .T. ) ;
#7201 = FILL_AREA_STYLE ('',( #5985 ) ) ;
#7202 = FACE_OUTER_BOUND ( 'NONE', #5825, .T. ) ;
#7203 = EDGE_LOOP ( 'NONE', ( #8298, #8643, #5131, #2681 ) ) ;
#7204 = EDGE_CURVE ( 'NONE', #5242, #1802, #8006, .T. ) ;
#7205 = CARTESIAN_POINT ( 'NONE',  ( 2.630256121069091346, 0.5600000000000023848, 9.453914153597075654 ) ) ;
#7206 = CARTESIAN_POINT ( 'NONE',  ( 2.630256121069066033, 0.5600000000000022737, 13.08248558216850377 ) ) ;
#7207 = CARTESIAN_POINT ( 'NONE',  ( -2.426874995234323151, 1.051005472321430156, 15.97400343807253442 ) ) ;
#7208 = CARTESIAN_POINT ( 'NONE',  ( -6.579999999999961879, 2.000000000000000000, -5.650000000000049205 ) ) ;
#7209 = ADVANCED_FACE ( 'NONE', ( #4438 ), #1038, .T. ) ;
#7210 = VERTEX_POINT ( 'NONE', #3214 ) ;
#7211 = CARTESIAN_POINT ( 'NONE',  ( -5.779999999999975380, 11.34999999999999964, -3.550000000000042011 ) ) ;
#7212 = SURFACE_STYLE_FILL_AREA ( #205 ) ;
#7213 = VERTEX_POINT ( 'NONE', #3708 ) ;
#7214 = ORIENTED_EDGE ( 'NONE', *, *, #4887, .T. ) ;
#7215 = CARTESIAN_POINT ( 'NONE',  ( 4.490128060534498644, 2.419871939465424227, 11.32489629645423079 ) ) ;
#7216 = VECTOR ( 'NONE', #6812, 1000.000000000000000 ) ;
#7217 = CARTESIAN_POINT ( 'NONE',  ( 6.579999999999988525, 0.2000000000000000944, 1.800000000000046008 ) ) ;
#7218 = CARTESIAN_POINT ( 'NONE',  ( -6.637508962869495192E-14, 12.76899452767857213, 9.453914152358267486 ) ) ;
#7219 = CIRCLE ( 'NONE', #1695, 0.5000000000000004441 ) ;
#7220 = ADVANCED_FACE ( 'NONE', ( #8584 ), #6212, .F. ) ;
#7221 = CARTESIAN_POINT ( 'NONE',  ( 6.349999999999907274, 6.910000000000001030, 13.25257486788281547 ) ) ;
#7222 = AXIS2_PLACEMENT_3D ( 'NONE', #1943, #19, #3472 ) ;
#7223 = CARTESIAN_POINT ( 'NONE',  ( -4.142934761456507964, 11.05293476145639175, 16.82444986664395259 ) ) ;
#7224 = CARTESIAN_POINT ( 'NONE',  ( -4.124999999999999112, 0.8400000000000000799, -2.880472104545584703E-14 ) ) ;
#7225 = ORIENTED_EDGE ( 'NONE', *, *, #1049, .T. ) ;
#7226 = AXIS2_PLACEMENT_3D ( 'NONE', #5091, #2154, #5812 ) ;
#7227 = CARTESIAN_POINT ( 'NONE',  ( 6.579999999999978755, 0.8543593539449074736, 3.100000000000046274 ) ) ;
#7228 = CARTESIAN_POINT ( 'NONE',  ( 2.244749429223557691, 12.84999999999999787, 16.03534893222520097 ) ) ;
#7229 = STYLED_ITEM ( 'NONE', ( #2162 ), #8359 ) ;
#7230 = EDGE_CURVE ( 'NONE', #4060, #4530, #8728, .T. ) ;
#7231 = CARTESIAN_POINT ( 'NONE',  ( -6.350000000000120437, 6.910000000000000142, 17.22132486540514762 ) ) ;
#7232 = CARTESIAN_POINT ( 'NONE',  ( -4.490128060534638976, 2.419871939465422450, 9.170432008262304535 ) ) ;
#7233 = ORIENTED_EDGE ( 'NONE', *, *, #1790, .F. ) ;
#7234 = CARTESIAN_POINT ( 'NONE',  ( -2.244749429223765080, 12.84999999999999076, 10.69658651287090123 ) ) ;
#7235 = VERTEX_POINT ( 'NONE', #5319 ) ;
#7236 = DIRECTION ( 'NONE',  ( -1.000000000000000000, -2.620428211445327472E-16, -6.982962677686266711E-15 ) ) ;
#7237 = CIRCLE ( 'NONE', #8384, 1.250000000000000222 ) ;
#7238 = AXIS2_PLACEMENT_3D ( 'NONE', #3388, #2739, #6850 ) ;
#7239 = DIRECTION ( 'NONE',  ( -1.000000000000000000, 1.084202172485504434E-15, -7.047314121155779610E-15 ) ) ;
#7240 = ORIENTED_EDGE ( 'NONE', *, *, #5410, .T. ) ;
#7241 = CARTESIAN_POINT ( 'NONE',  ( 6.779999999999977156, 0.9910004003203327638, 3.300000000000047784 ) ) ;
#7242 = CLOSED_SHELL ( 'NONE', ( #1314, #8551, #512, #2187 ) ) ;
#7243 = CARTESIAN_POINT ( 'NONE',  ( -2.426874995234268084, 1.051005472321430156, 8.036503438072534422 ) ) ;
#7244 = VERTEX_POINT ( 'NONE', #5864 ) ;
#7245 = CARTESIAN_POINT ( 'NONE',  ( 0.7595038909410709582, 12.85000000000000853, 12.79081667219116802 ) ) ;
#7246 = EDGE_CURVE ( 'NONE', #898, #5628, #3178, .T. ) ;
#7247 = LINE ( 'NONE', #6554, #5381 ) ;
#7248 = CARTESIAN_POINT ( 'NONE',  ( -4.050901741182421745, 11.14296727587789526, 7.749999999999956479 ) ) ;
#7249 = CARTESIAN_POINT ( 'NONE',  ( -5.543823277764887999E-14, 1.051005472321429268, 8.093199866643981721 ) ) ;
#7250 = DIRECTION ( 'NONE',  ( -1.000000000000000000, 0.000000000000000000, -7.102804783527084762E-15 ) ) ;
#7251 = AXIS2_PLACEMENT_3D ( 'NONE', #48, #2801, #2851 ) ;
#7252 = CARTESIAN_POINT ( 'NONE',  ( -5.845690873524714042E-14, 12.76899452767857213, 8.319985580929696312 ) ) ;
#7253 = ORIENTED_EDGE ( 'NONE', *, *, #7230, .F. ) ;
#7254 = CARTESIAN_POINT ( 'NONE',  ( -6.262092387518925385, 6.513799887988309223, 16.27207834913539486 ) ) ;
#7255 = EDGE_CURVE ( 'NONE', #2168, #3068, #7237, .T. ) ;
#7256 = CARTESIAN_POINT ( 'NONE',  ( -0.5045297668553779813, 11.68493519799213409, 25.05316578102140568 ) ) ;
#7257 = VERTEX_POINT ( 'NONE', #5274 ) ;
#7258 = CYLINDRICAL_SURFACE ( 'NONE', #2266, 0.3499999999999998668 ) ;
#7259 = CARTESIAN_POINT ( 'NONE',  ( -4.490128060534678056, 2.419871939465422450, 14.72668201073988037 ) ) ;
#7260 = CARTESIAN_POINT ( 'NONE',  ( -4.142934761456494641, 11.05293476145639175, 14.78337843807252305 ) ) ;
#7261 = CIRCLE ( 'NONE', #3328, 0.1999999999999996503 ) ;
#7262 = CYLINDRICAL_SURFACE ( 'NONE', #2510, 0.1999999999999996503 ) ;
#7263 = ORIENTED_EDGE ( 'NONE', *, *, #1376, .F. ) ;
#7264 = AXIS2_PLACEMENT_3D ( 'NONE', #1597, #4375, #4191 ) ;
#7265 = ORIENTED_EDGE ( 'NONE', *, *, #5542, .T. ) ;
#7266 = PLANE ( 'NONE',  #7036 ) ;
#7267 = DIRECTION ( 'NONE',  ( 0.000000000000000000, -1.000000000000000000, 0.000000000000000000 ) ) ;
#7268 = EDGE_LOOP ( 'NONE', ( #4797, #1844, #2787, #4406 ) ) ;
#7269 = ORIENTED_EDGE ( 'NONE', *, *, #7981, .F. ) ;
#7270 = DIRECTION ( 'NONE',  ( -8.520838099651520869E-15, -0.000000000000000000, 1.000000000000000000 ) ) ;
#7271 = CARTESIAN_POINT ( 'NONE',  ( 2.630256121069060260, 13.25999999999999979, 13.30927129397664288 ) ) ;
#7272 = CARTESIAN_POINT ( 'NONE',  ( 0.7595038909410851691, 12.85000000000000675, 10.97653095790544953 ) ) ;
#7273 = B_SPLINE_CURVE_WITH_KNOTS ( 'NONE', 3,
 ( #4501, #458, #2534, #7285, #367, #6726 ),
 .UNSPECIFIED., .F., .F.,
 ( 4, 2, 4 ),
 ( 0.000000000000000000, 0.0001725943224077482120, 0.0003451886448154964241 ),
 .UNSPECIFIED. ) ;
#7274 = EDGE_CURVE ( 'NONE', #4681, #5690, #4318, .T. ) ;
#7275 = CARTESIAN_POINT ( 'NONE',  ( -2.426874995234324928, 1.051005472321430156, 16.20078915235824724 ) ) ;
#7276 = ORIENTED_EDGE ( 'NONE', *, *, #868, .T. ) ;
#7277 = CARTESIAN_POINT ( 'NONE',  ( -1.507889285407957081, 12.84999999999999787, 10.53012256112987366 ) ) ;
#7278 = ORIENTED_EDGE ( 'NONE', *, *, #4273, .F. ) ;
#7280 = FACE_OUTER_BOUND ( 'NONE', #306, .T. ) ;
#7279 = AXIS2_PLACEMENT_3D ( 'NONE', #4915, #4405, #8453 ) ;
#7281 = DIRECTION ( 'NONE',  ( -0.000000000000000000, 1.000000000000000000, 0.000000000000000000 ) ) ;
#7282 = CARTESIAN_POINT ( 'NONE',  ( 2.630256121069041608, 13.25999999999999979, 16.03069986540521086 ) ) ;
#7283 = CARTESIAN_POINT ( 'NONE',  ( 0.7993802034679231561, 2.176121026975685435, 24.79471611848403612 ) ) ;
#7284 = ORIENTED_EDGE ( 'NONE', *, *, #7174, .F. ) ;
#7285 = CARTESIAN_POINT ( 'NONE',  ( -6.678080114935029954, 0.9150028897386700555, 3.118274533366696577 ) ) ;
#7286 = CARTESIAN_POINT ( 'NONE',  ( -3.580000000000021831, 0.2000000000000000944, 3.299999999999975397 ) ) ;
#7287 = ORIENTED_EDGE ( 'NONE', *, *, #8278, .T. ) ;
#7288 = DIRECTION ( 'NONE',  ( 6.982962677686266711E-15, 0.000000000000000000, -1.000000000000000000 ) ) ;
#7289 = FACE_OUTER_BOUND ( 'NONE', #3121, .T. ) ;
#7290 = VERTEX_POINT ( 'NONE', #8046 ) ;
#7291 = CARTESIAN_POINT ( 'NONE',  ( -1.432205645193453466E-13, 6.910000000000000142, 20.51000000000000156 ) ) ;
#7292 = CARTESIAN_POINT ( 'NONE',  ( 4.142934761456324999, 11.05293476145639175, 9.340521295215440389 ) ) ;
#7293 = LINE ( 'NONE', #7468, #2758 ) ;
#7294 = CARTESIAN_POINT ( 'NONE',  ( 2.339292497024900295E-14, 6.910000000000000142, -3.350000000000001421 ) ) ;
#7295 = DIRECTION ( 'NONE',  ( 0.000000000000000000, -1.000000000000000000, 0.000000000000000000 ) ) ;
#7296 = ADVANCED_FACE ( 'NONE', ( #2392 ), #4631, .T. ) ;
#7297 = CARTESIAN_POINT ( 'NONE',  ( 5.858994527678508923, 9.336874995234211383, 9.057039152358310474 ) ) ;
#7298 = ORIENTED_EDGE ( 'NONE', *, *, #598, .F. ) ;
#7299 = FACE_OUTER_BOUND ( 'NONE', #4173, .T. ) ;
#7300 = CARTESIAN_POINT ( 'NONE',  ( -6.580000000000022276, 0.2000000000000000944, 3.099999999999954348 ) ) ;
#7301 = VERTEX_POINT ( 'NONE', #5187 ) ;
#7302 = CARTESIAN_POINT ( 'NONE',  ( -6.350000000000082245, 6.910000000000000142, 11.77846772254800456 ) ) ;
#7303 = VECTOR ( 'NONE', #6795, 1000.000000000000000 ) ;
#7304 = CARTESIAN_POINT ( 'NONE',  ( 4.490128060534523513, 2.419871939465424227, 7.696324867882800902 ) ) ;
#7305 = CARTESIAN_POINT ( 'NONE',  ( -2.426874995234316490, 1.051005472321430156, 15.06686058092967961 ) ) ;
#7306 = ORIENTED_EDGE ( 'NONE', *, *, #8313, .T. ) ;
#7307 = FACE_OUTER_BOUND ( 'NONE', #5658, .T. ) ;
#7308 = ORIENTED_EDGE ( 'NONE', *, *, #6732, .T. ) ;
#7309 = ORIENTED_EDGE ( 'NONE', *, *, #2082, .T. ) ;
#7310 = CARTESIAN_POINT ( 'NONE',  ( 6.779999999999977156, 0.000000000000000000, 3.300000000000047784 ) ) ;
#7311 = EDGE_CURVE ( 'NONE', #8271, #1749, #4494, .T. ) ;
#7312 = COLOUR_RGB ( '',0.8509803921568627194, 0.8509803921568627194, 0.8509803921568627194 ) ;
#7313 = DIRECTION ( 'NONE',  ( -1.000000000000000000, 0.000000000000000000, -6.982962677686266711E-15 ) ) ;
#7314 = EDGE_LOOP ( 'NONE', ( #7130, #6814, #8477, #8591, #6751, #4314, #4936, #6844, #5553, #6891, #950, #417, #3889, #7698, #1624, #903, #8684, #6128, #8321, #5755 ) ) ;
#7315 = ORIENTED_EDGE ( 'NONE', *, *, #1790, .T. ) ;
#7316 = CYLINDRICAL_SURFACE ( 'NONE', #8050, 0.5500000000000000444 ) ;
#7317 = CARTESIAN_POINT ( 'NONE',  ( -6.350000000000094680, 6.910000000000000142, 13.59275343683371773 ) ) ;
#7318 = CARTESIAN_POINT ( 'NONE',  ( 6.879422804227080120E-14, 6.910000000000000142, -9.851725008082825141 ) ) ;
#7319 = CARTESIAN_POINT ( 'NONE',  ( 5.012175115936422287, 10.18369440697631134, 7.270731272665394762 ) ) ;
#7320 = CARTESIAN_POINT ( 'NONE',  ( 1.507889285407819857, 12.84999999999999787, 9.058062886443803308 ) ) ;
#7321 = ORIENTED_EDGE ( 'NONE', *, *, #5529, .F. ) ;
#7322 = CYLINDRICAL_SURFACE ( 'NONE', #7621, 0.3000000000000007661 ) ;
#7323 = CARTESIAN_POINT ( 'NONE',  ( -6.350000000000058265, 6.910000000000000142, 8.263289153597012771 ) ) ;
#7324 = CIRCLE ( 'NONE', #625, 0.2000000000000000944 ) ;
#7325 = CARTESIAN_POINT ( 'NONE',  ( -2.630256121069247666, 13.25999999999999979, 13.42266415111946287 ) ) ;
#7326 = CARTESIAN_POINT ( 'NONE',  ( -6.350000000000055600, 9.540256121069157658, 8.093199865405148685 ) ) ;
#7327 = VERTEX_POINT ( 'NONE', #2440 ) ;
#7328 = CARTESIAN_POINT ( 'NONE',  ( -3.580000000000041371, 2.000000000000000000, 6.099999999999975664 ) ) ;
#7329 = CARTESIAN_POINT ( 'NONE',  ( 2.426874995234106436, 1.051005472321430156, 15.40703915235828347 ) ) ;
#7330 = EDGE_LOOP ( 'NONE', ( #8755, #17, #3619, #5587 ) ) ;
#7331 = CARTESIAN_POINT ( 'NONE',  ( -3.523501616404767667, 12.36675450466444914, 8.914179605447163368 ) ) ;
#7332 = DIRECTION ( 'NONE',  ( 1.000000000000000000, -1.897353801849632760E-15, 7.047314121155779610E-15 ) ) ;
#7333 = ORIENTED_EDGE ( 'NONE', *, *, #6931, .F. ) ;
#7334 = DIRECTION ( 'NONE',  ( 0.000000000000000000, -1.000000000000000000, 0.000000000000000000 ) ) ;
#7335 = EDGE_CURVE ( 'NONE', #4388, #4504, #554, .T. ) ;
#7336 = EDGE_CURVE ( 'NONE', #6167, #1357, #2825, .T. ) ;
#7337 = CARTESIAN_POINT ( 'NONE',  ( -6.350000000000088463, 6.910000000000000142, 12.68561057969086114 ) ) ;
#7338 = EDGE_CURVE ( 'NONE', #1200, #7327, #5528, .T. ) ;
#7339 = AXIS2_PLACEMENT_3D ( 'NONE', #171, #8586, #1721 ) ;
#7340 = LINE ( 'NONE', #6598, #1187 ) ;
#7341 = DIRECTION ( 'NONE',  ( 6.747905296117594716E-15, -0.000000000000000000, -1.000000000000000000 ) ) ;
#7342 = FACE_OUTER_BOUND ( 'NONE', #4977, .T. ) ;
#7343 = AXIS2_PLACEMENT_3D ( 'NONE', #1739, #1786, #8024 ) ;
#7344 = ADVANCED_FACE ( 'NONE', ( #2014 ), #6884, .F. ) ;
#7345 = CARTESIAN_POINT ( 'NONE',  ( -4.142934761456450232, 11.05293476145639175, 8.433378438072525185 ) ) ;
#7346 = EDGE_CURVE ( 'NONE', #4978, #7183, #3741, .T. ) ;
#7347 = DIRECTION ( 'NONE',  ( 1.000000000000000000, 0.000000000000000000, 6.982962677686266711E-15 ) ) ;
#7348 = CARTESIAN_POINT ( 'NONE',  ( -0.8737171494896410762, 11.63008695109694024, 24.68369546025929395 ) ) ;
#7349 = B_SPLINE_CURVE_WITH_KNOTS ( 'NONE', 3,
 ( #1793, #5893, #4519, #6660, #5846, #386 ),
 .UNSPECIFIED., .F., .F.,
 ( 4, 2, 4 ),
 ( 9.697399036122159075E-18, 0.002265709294126728914, 0.004531418588253448287 ),
 .UNSPECIFIED. ) ;
#7350 = CIRCLE ( 'NONE', #795, 0.9999999999999997780 ) ;
#7351 =( BOUNDED_CURVE ( )  B_SPLINE_CURVE ( 2, ( #4570, #5897, #435, #7205, #5171, #5944, #1649, #8753, #3059 ),
 .UNSPECIFIED., .F., .T. ) 
 B_SPLINE_CURVE_WITH_KNOTS ( ( 3, 2, 2, 2, 3 ),
 ( 0.6818181818181816567, 0.6931818181818181213, 0.7045454545454545858, 0.7159090909090909394, 0.7272727272727272929 ),
 .UNSPECIFIED. ) 
 CURVE ( )  GEOMETRIC_REPRESENTATION_ITEM ( )  RATIONAL_B_SPLINE_CURVE ( ( 1.000000000000000666, 0.9238795325112859613, 1.000000000000000000, 0.9238795325112867385, 1.000000000000000000, 0.9238795325112867385, 1.000000000000000000, 0.9238795325112867385, 1.000000000000000000 ) ) 
 REPRESENTATION_ITEM ( '' )  );
#7352 = VECTOR ( 'NONE', #793, 1000.000000000000000 ) ;
#7353 = CARTESIAN_POINT ( 'NONE',  ( 4.490128060534504861, 2.419871939465424227, 10.41775343931137421 ) ) ;
#7354 = CARTESIAN_POINT ( 'NONE',  ( -5.858994527678675013, 9.336874995234211383, 14.84007486664393838 ) ) ;
#7355 = VERTEX_POINT ( 'NONE', #2729 ) ;
#7356 = VERTEX_POINT ( 'NONE', #8971 ) ;
#7357 = DIRECTION ( 'NONE',  ( 6.982962677686266711E-15, 0.000000000000000000, -1.000000000000000000 ) ) ;
#7358 = CARTESIAN_POINT ( 'NONE',  ( -7.379999999999956373, 0.6400000000000000133, -6.350000000000051159 ) ) ;
#7359 = ORIENTED_EDGE ( 'NONE', *, *, #2375, .F. ) ;
#7360 = VERTEX_POINT ( 'NONE', #1289 ) ;
#7361 = CARTESIAN_POINT ( 'NONE',  ( 4.490128060534467558, 2.419871939465424227, 15.74721772254808094 ) ) ;
#7362 = DIRECTION ( 'NONE',  ( -1.000000000000000000, -2.620428211445327472E-16, -6.747905296117593928E-15 ) ) ;
#7363 = CARTESIAN_POINT ( 'NONE',  ( 5.858994527678462738, 6.910000000000001030, 15.57712843807259517 ) ) ;
#7364 = ORIENTED_EDGE ( 'NONE', *, *, #1933, .F. ) ;
#7365 = DIRECTION ( 'NONE',  ( 6.982962677686266711E-15, 0.000000000000000000, -1.000000000000000000 ) ) ;
#7366 = VERTEX_POINT ( 'NONE', #8930 ) ;
#7367 = CARTESIAN_POINT ( 'NONE',  ( -4.490128060534665622, 2.419871939465422450, 12.91239629645416720 ) ) ;
#7368 = CARTESIAN_POINT ( 'NONE',  ( -6.350000000000089351, 6.910000000000000142, 12.79900343931129569 ) ) ;
#7369 = CARTESIAN_POINT ( 'NONE',  ( 6.349999999999908162, 9.540256121069157658, 13.19587843683380868 ) ) ;
#7370 = LINE ( 'NONE', #8774, #4133 ) ;
#7371 = ORIENTED_EDGE ( 'NONE', *, *, #4092, .F. ) ;
#7372 = DIRECTION ( 'NONE',  ( -6.505213034913037648E-15, 0.000000000000000000, 1.000000000000000000 ) ) ;
#7373 = CARTESIAN_POINT ( 'NONE',  ( 5.858994527678475173, 6.910000000000001030, 13.76284272378688023 ) ) ;
#7374 = FACE_OUTER_BOUND ( 'NONE', #6077, .T. ) ;
#7375 = CARTESIAN_POINT ( 'NONE',  ( -5.779999999999962057, 2.240000000000000657, -5.650000000000043876 ) ) ;
#7376 = AXIS2_PLACEMENT_3D ( 'NONE', #421, #1866, #4505 ) ;
#7377 = VECTOR ( 'NONE', #4927, 1000.000000000000000 ) ;
#7378 = VERTEX_POINT ( 'NONE', #1940 ) ;
#7379 = DIRECTION ( 'NONE',  ( -1.000000000000000000, 0.000000000000000000, -6.866613759074861678E-15 ) ) ;
#7380 = LINE ( 'NONE', #3000, #972 ) ;
#7381 = AXIS2_PLACEMENT_3D ( 'NONE', #2819, #7813, #5622 ) ;
#7382 = CARTESIAN_POINT ( 'NONE',  ( 2.426874995234157062, 1.051005472321430156, 8.149896295215427244 ) ) ;
#7383 = VECTOR ( 'NONE', #291, 1000.000000000000000 ) ;
#7384 = CARTESIAN_POINT ( 'NONE',  ( -6.780000000000089955, 0.9910004003200342249, 1.858594783807687278 ) ) ;
#7385 = CARTESIAN_POINT ( 'NONE',  ( 2.244749429223585668, 12.84999999999999964, 11.61302750613134904 ) ) ;
#7386 = EDGE_CURVE ( 'NONE', #55, #1573, #2580, .T. ) ;
#7387 = AXIS2_PLACEMENT_3D ( 'NONE', #3394, #3483, #2746 ) ;
#7388 = CARTESIAN_POINT ( 'NONE',  ( -4.142934761456462667, 11.05293476145639175, 10.24766415235823835 ) ) ;
#7389 = FACE_OUTER_BOUND ( 'NONE', #8222, .T. ) ;
#7390 = CARTESIAN_POINT ( 'NONE',  ( -5.080000000000008065, -10.28842712474619248, 0.9999999999999631406 ) ) ;
#7391 = EDGE_CURVE ( 'NONE', #3551, #5580, #8216, .T. ) ;
#7392 = AXIS2_PLACEMENT_3D ( 'NONE', #3541, #2939, #6315 ) ;
#7393 = PLANE ( 'NONE',  #6332 ) ;
#7394 = CARTESIAN_POINT ( 'NONE',  ( -4.490128060534639864, 11.40012806053457695, 9.057039153597024495 ) ) ;
#7395 = ORIENTED_EDGE ( 'NONE', *, *, #4261, .T. ) ;
#7396 = ORIENTED_EDGE ( 'NONE', *, *, #8421, .T. ) ;
#7397 = CARTESIAN_POINT ( 'NONE',  ( -4.124999999999976019, 1.740000000000000213, -3.350000000000029843 ) ) ;
#7398 = DIRECTION ( 'NONE',  ( 0.000000000000000000, -1.000000000000000000, 0.000000000000000000 ) ) ;
#7399 = ORIENTED_EDGE ( 'NONE', *, *, #754, .F. ) ;
#7400 = ORIENTED_EDGE ( 'NONE', *, *, #5712, .T. ) ;
#7401 = B_SPLINE_CURVE_WITH_KNOTS ( 'NONE', 3,
 ( #8113, #5933, #5339, #8702, #4605, #1875, #4652, #1149, #2457, #7248 ),
 .UNSPECIFIED., .F., .F.,
 ( 4, 2, 2, 2, 4 ),
 ( 0.008405820104936945897, 0.009312657059372227847, 0.01021949401380750980, 0.01112633096824279348, 0.01203316792267807543 ),
 .UNSPECIFIED. ) ;
#7402 = CARTESIAN_POINT ( 'NONE',  ( 2.630256121069067365, 0.5600000000000022737, 12.96909272254806744 ) ) ;
#7403 = EDGE_CURVE ( 'NONE', #5920, #6335, #1171, .T. ) ;
#7404 =( BOUNDED_SURFACE ( )  B_SPLINE_SURFACE ( 1, 2, ( 
 ( #1468, #4757, #4239, #4941, #4106, #5490, #3426, #7575, #6210, #701, #6938, #7533, #742, #8973, #2146, #6981, #1333, #3471, #1291, #8258, #4061, #5621, #1430, #2731, #3518, #3381, #2818, #8521, #2190, #5801, #7259, #2376, #2281, #7115, #7066, #6566, #4986, #7896, #6519, #3012, #5849, #3603, #5123, #7850, #2910, #926, #6424, #7764, #5030, #5079, #1650, #1512, #4288, #7939, #198, #5172, #835, #4424, #1601, #7206, #8570, #6381, #1699, #153, #8614, #5709, #4380, #6470, #4477, #1024, #3787, #973, #2955, #7812, #5752, #2870, #5666, #8431, #3743, #7160, #4333, #299, #3060, #8471, #2235, #3691, #249, #2328, #1558, #882, #3645, #7987, #4572, #1752, #3244, #3839, #5261, #5305, #3200, #8031, #6610, #1070, #4522, #8754, #5990, #8798, #7353, #3927, #1242, #5945, #1113, #1796, #346, #5394, #3881, #6665, #390, #2555, #6029, #3155, #8710, #436, #5898, #2515, #5353, #8077, #2468, #1842, #4619, #8846, #7394, #6076, #1159, #6707, #1199, #482, #2601, #8127, #525, #1885, #4664, #8170, #3289, #7436, #3971, #6747, #1929, #4705, #4016, #7478, #5218, #3103, #8665, #2424, #7304, #1369, #8291, #7615, #7662, #8335, #2766, #8882, #4053, #5564, #6837, #3371, #1418, #7524, #691 ),
 ( #9, #3460, #2640, #54, #1283, #733, #4748, #2048, #4140, #3507, #2136, #4928, #2099, #6874, #8920, #1322, #2808, #8379, #6286, #4187, #4834, #8250, #4881, #6972, #8208, #5610, #5523, #645, #3415, #7711, #6159, #1461, #5437, #2010, #1968, #6242, #609, #2680, #2721, #6199, #5476, #4790, #7566, #4096, #8965, #6924, #6794, #570, #3332, #6120, #3595, #3002, #8563, #2181, #8512, #292, #4326, #7756, #7151, #6323, #1501, #5796, #4281, #825, #7887, #4976, #917, #7057, #4229, #6372, #146, #964, #1639, #101, #4417, #2275, #4371, #238, #2322, #3735, #7842, #3685, #8419, #5114, #7198, #5073, #8466, #6514, #5746, #6416, #2901, #3053, #2861, #6462, #2228, #5699, #5021, #5843, #7106, #192, #7804, #7010, #8605, #779, #872, #2369, #1552, #5162, #7933, #3638, #3549, #5657, #2947, #1594, #7388, #3194, #5984, #6699, #4517, #2511, #5937, #2547, #5299, #339, #8749, #1878, #1062, #6603, #383, #2461, #5256, #1151, #8704, #8071, #2593, #7297, #8026, #3142, #1686, #6740, #1792, #4563, #1743, #3920, #4609, #3830, #7345, #1108, #7252, #3873, #474, #6657, #432, #1835, #3238, #1191, #6021, #7429, #8791, #5341, #8119, #4654, #3964, #520, #3282, #6065, #8839, #5387, #4468 ) ),
 .UNSPECIFIED., .F., .F., .T. ) 
 B_SPLINE_SURFACE_WITH_KNOTS ( ( 2, 2 ),
 ( 3, 2, 2, 2, 2, 2, 2, 2, 2, 2, 2, 2, 2, 2, 2, 2, 2, 2, 2, 2, 2, 2, 2, 2, 2, 2, 2, 2, 2, 2, 2, 2, 2, 2, 2, 2, 2, 2, 2, 2, 2, 2, 2, 2, 2, 2, 2, 2, 2, 2, 2, 2, 2, 2, 2, 2, 2, 2, 2, 2, 2, 2, 2, 2, 2, 2, 2, 2, 2, 2, 2, 2, 2, 2, 2, 2, 2, 2, 2, 2, 2, 2, 2, 2, 3 ),
 ( 0.000000000000000000, 1.000000000000000000 ),
 ( 0.000000000000000000, 0.01136363636363636395, 0.02272727272727272790, 0.03409090909090908839, 0.04545454545454545581, 0.05681818181818181629, 0.06818181818181817677, 0.07954545454545454419, 0.09090909090909091161, 0.1022727272727272790, 0.1136363636363636326, 0.1250000000000000000, 0.1363636363636363535, 0.1477272727272727348, 0.1590909090909090884, 0.1704545454545454419, 0.1818181818181818232, 0.1931818181818181768, 0.2045454545454545581, 0.2159090909090909116, 0.2272727272727272652, 0.2386363636363636465, 0.2500000000000000000, 0.2613636363636363535, 0.2727272727272727071, 0.2840909090909091161, 0.2954545454545454697, 0.3068181818181818232, 0.3181818181818181768, 0.3295454545454545303, 0.3409090909090908839, 0.3522727272727272929, 0.3636363636363636465, 0.3750000000000000000, 0.3863636363636363535, 0.3977272727272727071, 0.4090909090909091161, 0.4204545454545454697, 0.4318181818181818232, 0.4431818181818181768, 0.4545454545454545303, 0.4659090909090908839, 0.4772727272727272929, 0.4886363636363636465, 0.5000000000000000000, 0.5113636363636363535, 0.5227272727272727071, 0.5340909090909090606, 0.5454545454545454142, 0.5568181818181817677, 0.5681818181818182323, 0.5795454545454545858, 0.5909090909090909394, 0.6022727272727272929, 0.6136363636363636465, 0.6250000000000000000, 0.6363636363636363535, 0.6477272727272727071, 0.6590909090909090606, 0.6704545454545454142, 0.6818181818181817677, 0.6931818181818182323, 0.7045454545454545858, 0.7159090909090909394, 0.7272727272727272929, 0.7386363636363636465, 0.7500000000000000000, 0.7613636363636363535, 0.7727272727272727071, 0.7840909090909090606, 0.7954545454545454142, 0.8068181818181817677, 0.8181818181818182323, 0.8295454545454545858, 0.8409090909090909394, 0.8522727272727272929, 0.8636363636363636465, 0.8750000000000000000, 0.8863636363636363535, 0.8977272727272727071, 0.9090909090909090606, 0.9204545454545454142, 0.9318181818181817677, 0.9431818181818182323, 0.9491625213229060165 ),
 .UNSPECIFIED. ) 
 GEOMETRIC_REPRESENTATION_ITEM ( )  RATIONAL_B_SPLINE_SURFACE ( (
 ( 1.000000000000000000, 0.9238795325112867385, 1.000000000000000000, 0.9238795325112867385, 1.000000000000000000, 0.9238795325112867385, 1.000000000000000000, 0.9238795325112867385, 1.000000000000000000, 0.9238795325112867385, 1.000000000000000000, 0.9238795325112867385, 1.000000000000000000, 0.9238795325112867385, 1.000000000000000000, 0.9238795325112867385, 1.000000000000000000, 0.9238795325112867385, 1.000000000000000000, 0.9238795325112867385, 1.000000000000000000, 0.9238795325112867385, 1.000000000000000000, 0.9238795325112867385, 1.000000000000000000, 0.9238795325112867385, 1.000000000000000000, 0.9238795325112867385, 1.000000000000000000, 0.9238795325112867385, 1.000000000000000000, 0.9238795325112867385, 1.000000000000000000, 0.9238795325112867385, 1.000000000000000000, 0.9238795325112867385, 1.000000000000000000, 0.9238795325112867385, 1.000000000000000000, 0.9238795325112867385, 1.000000000000000000, 0.9238795325112867385, 1.000000000000000000, 0.9238795325112867385, 1.000000000000000000, 0.9238795325112867385, 1.000000000000000000, 0.9238795325112867385, 1.000000000000000000, 0.9238795325112867385, 1.000000000000000000, 0.9238795325112867385, 1.000000000000000000, 0.9238795325112867385, 1.000000000000000000, 0.9238795325112867385, 1.000000000000000000, 0.9238795325112867385, 1.000000000000000000, 0.9238795325112867385, 1.000000000000000000, 0.9238795325112867385, 1.000000000000000000, 0.9238795325112867385, 1.000000000000000000, 0.9238795325112867385, 1.000000000000000000, 0.9238795325112867385, 1.000000000000000000, 0.9238795325112867385, 1.000000000000000000, 0.9238795325112867385, 1.000000000000000000, 0.9238795325112867385, 1.000000000000000000, 0.9238795325112867385, 1.000000000000000000, 0.9238795325112867385, 1.000000000000000000, 0.9238795325112867385, 1.000000000000000000, 0.9238795325112867385, 1.000000000000000000, 0.9238795325112867385, 1.000000000000000000, 0.9238795325112867385, 1.000000000000000000, 0.9238795325112867385, 1.000000000000000000, 0.9238795325112867385, 1.000000000000000000, 0.9238795325112867385, 1.000000000000000000, 0.9238795325112867385, 1.000000000000000000, 0.9238795325112867385, 1.000000000000000000, 0.9238795325112867385, 1.000000000000000000, 0.9238795325112867385, 1.000000000000000000, 0.9238795325112867385, 1.000000000000000000, 0.9238795325112867385, 1.000000000000000000, 0.9238795325112867385, 1.000000000000000000, 0.9238795325112867385, 1.000000000000000000, 0.9238795325112867385, 1.000000000000000000, 0.9238795325112867385, 1.000000000000000000, 0.9238795325112867385, 1.000000000000000000, 0.9238795325112867385, 1.000000000000000000, 0.9238795325112867385, 1.000000000000000000, 0.9238795325112867385, 1.000000000000000000, 0.9238795325112867385, 1.000000000000000000, 0.9238795325112867385, 1.000000000000000000, 0.9238795325112867385, 1.000000000000000000, 0.9238795325112867385, 1.000000000000000000, 0.9238795325112867385, 1.000000000000000000, 0.9238795325112867385, 1.000000000000000000, 0.9238795325112867385, 1.000000000000000000, 0.9238795325112867385, 1.000000000000000000, 0.9238795325112867385, 1.000000000000000000, 0.9238795325112867385, 1.000000000000000000, 0.9238795325112867385, 1.000000000000000000, 0.9238795325112867385, 1.000000000000000000, 0.9238795325112867385, 1.000000000000000000, 0.9238795325112867385, 1.000000000000000000, 0.9238795325112867385, 1.000000000000000000, 0.9238795325112867385, 1.000000000000000000, 0.9238795325112867385, 1.000000000000000000, 0.9238795325112867385, 1.000000000000000000, 0.9238795325112867385, 1.000000000000000000, 0.9238795325112867385, 1.000000000000000000, 0.9238795325112867385, 1.000000000000000000, 0.9238795325112867385, 1.000000000000000000, 0.9238795325112867385, 1.000000000000000000, 0.9599376551270479840, 0.9620450848145931655),
 ( 1.000000000000000000, 0.9238795325112867385, 1.000000000000000000, 0.9238795325112867385, 1.000000000000000000, 0.9238795325112867385, 1.000000000000000000, 0.9238795325112867385, 1.000000000000000000, 0.9238795325112867385, 1.000000000000000000, 0.9238795325112867385, 1.000000000000000000, 0.9238795325112867385, 1.000000000000000000, 0.9238795325112867385, 1.000000000000000000, 0.9238795325112867385, 1.000000000000000000, 0.9238795325112867385, 1.000000000000000000, 0.9238795325112867385, 1.000000000000000000, 0.9238795325112867385, 1.000000000000000000, 0.9238795325112867385, 1.000000000000000000, 0.9238795325112867385, 1.000000000000000000, 0.9238795325112867385, 1.000000000000000000, 0.9238795325112867385, 1.000000000000000000, 0.9238795325112867385, 1.000000000000000000, 0.9238795325112867385, 1.000000000000000000, 0.9238795325112867385, 1.000000000000000000, 0.9238795325112867385, 1.000000000000000000, 0.9238795325112867385, 1.000000000000000000, 0.9238795325112867385, 1.000000000000000000, 0.9238795325112867385, 1.000000000000000000, 0.9238795325112867385, 1.000000000000000000, 0.9238795325112867385, 1.000000000000000000, 0.9238795325112867385, 1.000000000000000000, 0.9238795325112867385, 1.000000000000000000, 0.9238795325112867385, 1.000000000000000000, 0.9238795325112867385, 1.000000000000000000, 0.9238795325112867385, 1.000000000000000000, 0.9238795325112867385, 1.000000000000000000, 0.9238795325112867385, 1.000000000000000000, 0.9238795325112867385, 1.000000000000000000, 0.9238795325112867385, 1.000000000000000000, 0.9238795325112867385, 1.000000000000000000, 0.9238795325112867385, 1.000000000000000000, 0.9238795325112867385, 1.000000000000000000, 0.9238795325112867385, 1.000000000000000000, 0.9238795325112867385, 1.000000000000000000, 0.9238795325112867385, 1.000000000000000000, 0.9238795325112867385, 1.000000000000000000, 0.9238795325112867385, 1.000000000000000000, 0.9238795325112867385, 1.000000000000000000, 0.9238795325112867385, 1.000000000000000000, 0.9238795325112867385, 1.000000000000000000, 0.9238795325112867385, 1.000000000000000000, 0.9238795325112867385, 1.000000000000000000, 0.9238795325112867385, 1.000000000000000000, 0.9238795325112867385, 1.000000000000000000, 0.9238795325112867385, 1.000000000000000000, 0.9238795325112867385, 1.000000000000000000, 0.9238795325112867385, 1.000000000000000000, 0.9238795325112867385, 1.000000000000000000, 0.9238795325112867385, 1.000000000000000000, 0.9238795325112867385, 1.000000000000000000, 0.9238795325112867385, 1.000000000000000000, 0.9238795325112867385, 1.000000000000000000, 0.9238795325112867385, 1.000000000000000000, 0.9238795325112867385, 1.000000000000000000, 0.9238795325112867385, 1.000000000000000000, 0.9238795325112867385, 1.000000000000000000, 0.9238795325112867385, 1.000000000000000000, 0.9238795325112867385, 1.000000000000000000, 0.9238795325112867385, 1.000000000000000000, 0.9238795325112867385, 1.000000000000000000, 0.9238795325112867385, 1.000000000000000000, 0.9238795325112867385, 1.000000000000000000, 0.9238795325112867385, 1.000000000000000000, 0.9238795325112867385, 1.000000000000000000, 0.9238795325112867385, 1.000000000000000000, 0.9238795325112867385, 1.000000000000000000, 0.9238795325112867385, 1.000000000000000000, 0.9238795325112867385, 1.000000000000000000, 0.9238795325112867385, 1.000000000000000000, 0.9238795325112867385, 1.000000000000000000, 0.9238795325112867385, 1.000000000000000000, 0.9238795325112867385, 1.000000000000000000, 0.9238795325112867385, 1.000000000000000000, 0.9238795325112867385, 1.000000000000000000, 0.9238795325112867385, 1.000000000000000000, 0.9238795325112867385, 1.000000000000000000, 0.9238795325112867385, 1.000000000000000000, 0.9238795325112867385, 1.000000000000000000, 0.9599376551270479840, 0.9620450848145931655) ) ) 
 REPRESENTATION_ITEM ( '' )  SURFACE ( )  );
#7405 = FACE_OUTER_BOUND ( 'NONE', #952, .T. ) ;
#7406 = CARTESIAN_POINT ( 'NONE',  ( 2.426874995234125976, 12.76899452767857390, 12.11864629521542724 ) ) ;
#7407 = AXIS2_PLACEMENT_3D ( 'NONE', #4067, #23, #8223 ) ;
#7408 = DIRECTION ( 'NONE',  ( 0.000000000000000000, -1.000000000000000000, -0.000000000000000000 ) ) ;
#7409 = EDGE_LOOP ( 'NONE', ( #5948, #8422, #1674, #3973, #8005 ) ) ;
#7410 = CARTESIAN_POINT ( 'NONE',  ( 6.579999999999988525, 2.000000000000000000, 1.800000000000046008 ) ) ;
#7411 = CARTESIAN_POINT ( 'NONE',  ( 6.350000000000068034, 6.910000000000001030, -9.851725008082778956 ) ) ;
#7412 = EDGE_CURVE ( 'NONE', #4245, #3181, #7985, .T. ) ;
#7413 = CARTESIAN_POINT ( 'NONE',  ( 2.630256121069067365, 0.5600000000000022737, 12.96909272254806744 ) ) ;
#7414 = CARTESIAN_POINT ( 'NONE',  ( 0.2640041763048114887, 2.115747375704879918, 25.15327825501405457 ) ) ;
#7415 = ORIENTED_EDGE ( 'NONE', *, *, #7050, .F. ) ;
#7416 = CARTESIAN_POINT ( 'NONE',  ( -6.350000000000036060, 9.540256121069173645, 8.093199865405148685 ) ) ;
#7417 =( NAMED_UNIT ( * ) SI_UNIT ( $, .STERADIAN. ) SOLID_ANGLE_UNIT ( ) );
#7418 = FACE_OUTER_BOUND ( 'NONE', #6496, .T. ) ;
#7419 = CYLINDRICAL_SURFACE ( 'NONE', #2116, 6.349999999999999645 ) ;
#7420 = CARTESIAN_POINT ( 'NONE',  ( -4.142934761456500858, 2.767065238543608530, 15.91730700950109600 ) ) ;
#7421 = ORIENTED_EDGE ( 'NONE', *, *, #8246, .F. ) ;
#7422 = CARTESIAN_POINT ( 'NONE',  ( -6.350000000000094680, 4.279743878930841738, 13.76284272502558181 ) ) ;
#7423 = LINE ( 'NONE', #7466, #8241 ) ;
#7424 = CARTESIAN_POINT ( 'NONE',  ( -4.142934761456445791, 2.767065238543608530, 7.979807009501094228 ) ) ;
#7425 = VECTOR ( 'NONE', #3188, 1000.000000000000000 ) ;
#7426 = CARTESIAN_POINT ( 'NONE',  ( -2.244749429223601656, 12.84999999999999964, -9.851725008082841128 ) ) ;
#7427 = DIRECTION ( 'NONE',  ( -1.000000000000000000, 0.000000000000000000, -8.673617379884035472E-15 ) ) ;
#7428 = CYLINDRICAL_SURFACE ( 'NONE', #6830, 6.349999999999999645 ) ;
#7429 = CARTESIAN_POINT ( 'NONE',  ( -2.426874995234265864, 1.051005472321430156, 7.809717723786821608 ) ) ;
#7430 = CARTESIAN_POINT ( 'NONE',  ( 5.876778975789094694, 6.910000000000001030, 16.49453915111951474 ) ) ;
#7431 = CARTESIAN_POINT ( 'NONE',  ( 4.125000000000023981, 0.2000000000000000944, -3.549999999999972733 ) ) ;
#7432 = CIRCLE ( 'NONE', #1051, 0.3499999999999998668 ) ;
#7433 = ADVANCED_FACE ( 'NONE', ( #3939 ), #5405, .T. ) ;
#7434 = CARTESIAN_POINT ( 'NONE',  ( -5.858994527678663466, 4.483125004765786237, 13.13918200950108250 ) ) ;
#7435 = CARTESIAN_POINT ( 'NONE',  ( 2.244749429223621640, 12.84999999999999076, 9.685348932225197771 ) ) ;
#7436 = CARTESIAN_POINT ( 'NONE',  ( -6.350000000000056488, 4.279743878930841738, 8.319985582168442306 ) ) ;
#7437 = EDGE_CURVE ( 'NONE', #4097, #8479, #265, .T. ) ;
#7438 = ADVANCED_FACE ( 'NONE', ( #7450 ), #6166, .F. ) ;
#7439 = VERTEX_POINT ( 'NONE', #3983 ) ;
#7440 = EDGE_CURVE ( 'NONE', #4756, #4538, #6761, .T. ) ;
#7441 = VERTEX_POINT ( 'NONE', #5487 ) ;
#7442 = FACE_OUTER_BOUND ( 'NONE', #8698, .T. ) ;
#7443 = CYLINDRICAL_SURFACE ( 'NONE', #5578, 6.349999999999999645 ) ;
#7444 = ORIENTED_EDGE ( 'NONE', *, *, #2798, .T. ) ;
#7445 = EDGE_LOOP ( 'NONE', ( #3625, #5808, #932, #361 ) ) ;
#7446 = CARTESIAN_POINT ( 'NONE',  ( -4.490128060534683385, 2.419871939465422450, 15.52043200826230240 ) ) ;
#7447 = DIRECTION ( 'NONE',  ( -1.727380818872964658E-16, 1.000000000000000000, -1.206223578834105269E-30 ) ) ;
#7448 = VECTOR ( 'NONE', #1504, 1000.000000000000000 ) ;
#7449 = CARTESIAN_POINT ( 'NONE',  ( -4.142934761456470660, 2.767065238543608530, 11.60837843807252412 ) ) ;
#7450 = FACE_OUTER_BOUND ( 'NONE', #1129, .T. ) ;
#7451 = ORIENTED_EDGE ( 'NONE', *, *, #8828, .T. ) ;
#7452 = DIRECTION ( 'NONE',  ( 6.982962677686266711E-15, 0.000000000000000000, -1.000000000000000000 ) ) ;
#7453 = DIRECTION ( 'NONE',  ( 6.982962677686266711E-15, 0.000000000000000000, -1.000000000000000000 ) ) ;
#7454 = AXIS2_PLACEMENT_3D ( 'NONE', #15, #2772, #5571 ) ;
#7455 = EDGE_CURVE ( 'NONE', #4810, #8271, #8855, .T. ) ;
#7456 = CARTESIAN_POINT ( 'NONE',  ( -2.630256121069253883, 13.25999999999999979, 14.32980700826231590 ) ) ;
#7457 = CARTESIAN_POINT ( 'NONE',  ( 3.523501616404640213, 12.36675450466445625, 7.839184411077509296 ) ) ;
#7458 = EDGE_LOOP ( 'NONE', ( #1680, #5974, #7364, #2259 ) ) ;
#7459 = DIRECTION ( 'NONE',  ( 6.982962677686266711E-15, 0.000000000000000000, -1.000000000000000000 ) ) ;
#7460 = LINE ( 'NONE', #2023, #833 ) ;
#7461 = CARTESIAN_POINT ( 'NONE',  ( -2.426874995234328036, 12.76899452767857390, 16.76775343807253194 ) ) ;
#7462 = CARTESIAN_POINT ( 'NONE',  ( -2.244749429223752202, 12.84999999999999076, 8.882300798585188062 ) ) ;
#7463 = CIRCLE ( 'NONE', #6282, 0.7000000000000031752 ) ;
#7464 = CARTESIAN_POINT ( 'NONE',  ( -2.426874995234304055, 1.051005472321430156, 13.25257486664396289 ) ) ;
#7465 = ORIENTED_EDGE ( 'NONE', *, *, #1264, .T. ) ;
#7466 = CARTESIAN_POINT ( 'NONE',  ( -3.380000000000022098, 2.000000000000000000, 3.299999999999977174 ) ) ;
#7467 = LINE ( 'NONE', #1228, #7596 ) ;
#7468 = CARTESIAN_POINT ( 'NONE',  ( -0.5500000000002144285, 6.910000000000000142, 30.70132034355964024 ) ) ;
#7469 = CARTESIAN_POINT ( 'NONE',  ( 2.890000000000024105, 6.910000000000000142, -3.349999999999980993 ) ) ;
#7470 = CARTESIAN_POINT ( 'NONE',  ( 6.779999999999957616, 2.000000000000000000, 6.100000000000048495 ) ) ;
#7471 = CARTESIAN_POINT ( 'NONE',  ( 5.858994527678468955, 6.910000000000001030, 14.66998558092973681 ) ) ;
#7472 = CARTESIAN_POINT ( 'NONE',  ( 2.891893696417654702, 1.626390782843535554, 16.41749691977122438 ) ) ;
#7473 = FACE_OUTER_BOUND ( 'NONE', #8364, .T. ) ;
#7474 = CARTESIAN_POINT ( 'NONE',  ( 5.780000000000024230, 1.940000000000000391, -3.349999999999961009 ) ) ;
#7475 = CIRCLE ( 'NONE', #3682, 0.1999999999999996503 ) ;
#7476 = CARTESIAN_POINT ( 'NONE',  ( 2.426874995234121535, 12.76899452767857390, 12.79900343807257102 ) ) ;
#7477 = DIRECTION ( 'NONE',  ( 0.000000000000000000, -1.000000000000000000, -0.000000000000000000 ) ) ;
#7478 = CARTESIAN_POINT ( 'NONE',  ( 2.630256121069097119, 13.25999999999999979, 7.979807010739933482 ) ) ;
#7479 = AXIS2_PLACEMENT_3D ( 'NONE', #3747, #350, #1888 ) ;
#7480 = ORIENTED_EDGE ( 'NONE', *, *, #1397, .F. ) ;
#7481 = CARTESIAN_POINT ( 'NONE',  ( 3.379999999999975913, 2.000000000000000000, 3.300000000000023803 ) ) ;
#7482 = FACE_OUTER_BOUND ( 'NONE', #7544, .T. ) ;
#7483 = VERTEX_POINT ( 'NONE', #4025 ) ;
#7484 = ORIENTED_EDGE ( 'NONE', *, *, #1081, .T. ) ;
#7485 = CARTESIAN_POINT ( 'NONE',  ( 4.490128060534492427, 2.419871939465424227, 12.11864629397665283 ) ) ;
#7486 = EDGE_CURVE ( 'NONE', #5690, #4899, #577, .T. ) ;
#7487 = CARTESIAN_POINT ( 'NONE',  ( -4.142934761456477766, 2.767065238543608530, 12.51552129521538070 ) ) ;
#7488 = EDGE_CURVE ( 'NONE', #6535, #5902, #8256, .T. ) ;
#7489 = CARTESIAN_POINT ( 'NONE',  ( -6.350000000000097344, 4.279743878930832857, 15.57712843931129498 ) ) ;
#7490 = ORIENTED_EDGE ( 'NONE', *, *, #7335, .T. ) ;
#7491 = EDGE_CURVE ( 'NONE', #843, #7018, #1557, .T. ) ;
#7492 = DIRECTION ( 'NONE',  ( 6.982962677686265922E-15, 0.000000000000000000, -1.000000000000000000 ) ) ;
#7493 = CARTESIAN_POINT ( 'NONE',  ( -3.310529444400476695, 2.006479663770118993, 7.749999999999980460 ) ) ;
#7494 = CARTESIAN_POINT ( 'NONE',  ( -6.350000000000068923, 9.540256121069157658, 9.907485579690865407 ) ) ;
#7495 = CARTESIAN_POINT ( 'NONE',  ( -9.978004578095667361E-14, 1.051005472321429268, 14.44319986664398137 ) ) ;
#7496 = VERTEX_POINT ( 'NONE', #2104 ) ;
#7497 = ADVANCED_FACE ( 'NONE', ( #7672 ), #4890, .T. ) ;
#7498 = FACE_OUTER_BOUND ( 'NONE', #4916, .T. ) ;
#7499 = CARTESIAN_POINT ( 'NONE',  ( -4.124999999999976019, 1.940000000000000391, -3.350000000000029843 ) ) ;
#7500 = DIRECTION ( 'NONE',  ( -6.982962677686266711E-15, 0.000000000000000000, 1.000000000000000000 ) ) ;
#7501 = DIRECTION ( 'NONE',  ( -0.000000000000000000, 1.000000000000000000, 0.000000000000000000 ) ) ;
#7502 = ADVANCED_FACE ( 'NONE', ( #740 ), #4286, .T. ) ;
#7503 = CARTESIAN_POINT ( 'NONE',  ( 5.858994527678465403, 4.483125004765792454, 15.29364629521545105 ) ) ;
#7504 = VERTEX_POINT ( 'NONE', #4148 ) ;
#7505 = CARTESIAN_POINT ( 'NONE',  ( 0.3500000000000232925, 6.910000000000000142, -3.349999999999998757 ) ) ;
#7506 = DIRECTION ( 'NONE',  ( 0.000000000000000000, 1.000000000000000000, 0.000000000000000000 ) ) ;
#7507 = DIRECTION ( 'NONE',  ( 8.520838099651520869E-15, 0.000000000000000000, -1.000000000000000000 ) ) ;
#7508 = CARTESIAN_POINT ( 'NONE',  ( 2.426874995234125532, 1.051005472321430156, 12.68561058092971194 ) ) ;
#7509 = DIRECTION ( 'NONE',  ( 6.982962677686266711E-15, 0.000000000000000000, -1.000000000000000000 ) ) ;
#7510 = AXIS2_PLACEMENT_3D ( 'NONE', #5304, #1841, #1967 ) ;
#7511 = EDGE_CURVE ( 'NONE', #175, #4965, #8679, .T. ) ;
#7512 = DIRECTION ( 'NONE',  ( 1.000000000000000000, 0.000000000000000000, 6.308085367188388861E-15 ) ) ;
#7513 = AXIS2_PLACEMENT_3D ( 'NONE', #3382, #1379, #8259 ) ;
#7514 = CARTESIAN_POINT ( 'NONE',  ( -5.858994527678683006, 4.483125004765786237, 16.08739629521536685 ) ) ;
#7515 = CIRCLE ( 'NONE', #3296, 0.1999999999999996503 ) ;
#7516 = EDGE_CURVE ( 'NONE', #2771, #4716, #7810, .T. ) ;
#7517 = LINE ( 'NONE', #1279, #1563 ) ;
#7518 = LINE ( 'NONE', #4011, #213 ) ;
#7519 = CARTESIAN_POINT ( 'NONE',  ( 5.303685230917119853, 10.31786698158474636, 7.750000000000037303 ) ) ;
#7520 = CIRCLE ( 'NONE', #8697, 4.799999999999999822 ) ;
#7521 = AXIS2_PLACEMENT_3D ( 'NONE', #2657, #6770, #4068 ) ;
#7522 = CARTESIAN_POINT ( 'NONE',  ( -7.919277545799234604E-14, 1.051005472321429268, 11.49498558092969525 ) ) ;
#7523 = DIRECTION ( 'NONE',  ( 1.000000000000000000, 0.000000000000000000, 6.505213034913037648E-15 ) ) ;
#7524 = CARTESIAN_POINT ( 'NONE',  ( 5.432213471753786216, 10.45804264931531691, 6.987249146562285240 ) ) ;
#7525 = EDGE_CURVE ( 'NONE', #2449, #2483, #6422, .T. ) ;
#7526 = VERTEX_POINT ( 'NONE', #3602 ) ;
#7527 = CARTESIAN_POINT ( 'NONE',  ( 3.523501616404583814, 12.36675450466445625, 16.11686298498365844 ) ) ;
#7528 = DIRECTION ( 'NONE',  ( 6.982962677686266711E-15, 0.000000000000000000, -1.000000000000000000 ) ) ;
#7529 = VERTEX_POINT ( 'NONE', #7762 ) ;
#7530 = CARTESIAN_POINT ( 'NONE',  ( -1.396592535537253342E-14, 0.6400000000000000133, 2.000000000000000000 ) ) ;
#7531 = CARTESIAN_POINT ( 'NONE',  ( 6.349999999999924150, 4.279743878930880818, 15.91730701073995569 ) ) ;
#7532 = ORIENTED_EDGE ( 'NONE', *, *, #1747, .T. ) ;
#7533 = CARTESIAN_POINT ( 'NONE',  ( 2.630256121069047381, 0.5600000000000022737, 15.80391415359707530 ) ) ;
#7534 = CYLINDRICAL_SURFACE ( 'NONE', #7222, 0.2000000000000000944 ) ;
#7535 = CARTESIAN_POINT ( 'NONE',  ( -7.633121589462885458E-14, 0.5600000000000006084, 11.09811057969090697 ) ) ;
#7536 = CARTESIAN_POINT ( 'NONE',  ( -1.170514473467610036E-13, 12.76899452767857213, 16.71105700950112194 ) ) ;
#7537 = ORIENTED_EDGE ( 'NONE', *, *, #5334, .T. ) ;
#7538 = CARTESIAN_POINT ( 'NONE',  ( -0.7430714330484102792, 12.84999999999999964, 14.64094638505839185 ) ) ;
#7539 = CARTESIAN_POINT ( 'NONE',  ( 2.339292497024900295E-14, 6.910000000000000142, -3.350000000000001421 ) ) ;
#7540 = CARTESIAN_POINT ( 'NONE',  ( 4.142934761456317894, 11.05293476145639175, 10.24766415235829697 ) ) ;
#7541 = MANIFOLD_SOLID_BREP ( 'Body-Move/Copy1[2]', #4469 ) ;
#7542 = CARTESIAN_POINT ( 'NONE',  ( -1.507889285407950641, 12.84999999999999787, 9.622979703987017075 ) ) ;
#7543 = CARTESIAN_POINT ( 'NONE',  ( 2.426874995234102439, 12.76899452767857390, 15.52043200950114077 ) ) ;
#7544 = EDGE_LOOP ( 'NONE', ( #369, #5265, #3563 ) ) ;
#7545 = DIRECTION ( 'NONE',  ( -1.000000000000000000, -0.000000000000000000, -6.982962677686266711E-15 ) ) ;
#7546 = CARTESIAN_POINT ( 'NONE',  ( 6.349999999999926814, 6.910000000000001030, 10.41775343683380939 ) ) ;
#7547 = DIRECTION ( 'NONE',  ( -7.921111762451229436E-17, -1.000000000000000000, 7.921111762451118503E-17 ) ) ;
#7548 = AXIS2_PLACEMENT_3D ( 'NONE', #7125, #1568, #7773 ) ;
#7549 = CARTESIAN_POINT ( 'NONE',  ( -7.270963434345321627E-14, 12.76899452767857213, 10.36105700950112585 ) ) ;
#7550 = B_SPLINE_CURVE_WITH_KNOTS ( 'NONE', 3,
 ( #3305, #5241, #541, #6588 ),
 .UNSPECIFIED., .F., .F.,
 ( 4, 4 ),
 ( 9.271038071981247397E-18, 0.001334698974548017636 ),
 .UNSPECIFIED. ) ;
#7551 = DIRECTION ( 'NONE',  ( -6.982962677686266711E-15, 0.000000000000000000, 1.000000000000000000 ) ) ;
#7552 = CIRCLE ( 'NONE', #5973, 0.2000000000000000944 ) ;
#7553 = LINE ( 'NONE', #4079, #4203 ) ;
#7554 = CARTESIAN_POINT ( 'NONE',  ( 3.999999999999804157, 6.910000000000000142, 28.08000000000002316 ) ) ;
#7555 = MANIFOLD_SOLID_BREP ( 'Body-Move/Copy1[1]', #4170 ) ;
#7556 = DIRECTION ( 'NONE',  ( 1.000000000000000000, 0.000000000000000000, 0.000000000000000000 ) ) ;
#7557 = CARTESIAN_POINT ( 'NONE',  ( -5.858994527678669684, 9.336874995234211383, 14.15971772378679638 ) ) ;
#7558 = AXIS2_PLACEMENT_3D ( 'NONE', #7601, #2628, #4129 ) ;
#7559 = CARTESIAN_POINT ( 'NONE',  ( -4.981146132378734492, 3.214645047958656132, 16.31414264818687698 ) ) ;
#7560 = CARTESIAN_POINT ( 'NONE',  ( 3.579999999999976090, 0.2000000000000000111, 3.300000000000025580 ) ) ;
#7561 = DIRECTION ( 'NONE',  ( 6.982962677686266711E-15, 0.000000000000000000, -1.000000000000000000 ) ) ;
#7562 = EDGE_CURVE ( 'NONE', #4899, #7366, #6380, .T. ) ;
#7563 = ADVANCED_FACE ( 'NONE', ( #4983 ), #4147, .T. ) ;
#7564 = CARTESIAN_POINT ( 'NONE',  ( 4.142934761456298354, 2.767065238543610306, 13.42266415235829768 ) ) ;
#7565 = LINE ( 'NONE', #481, #5764 ) ;
#7566 = CARTESIAN_POINT ( 'NONE',  ( 4.142934761456292136, 2.767065238543610306, 14.32980700950115249 ) ) ;
#7567 = EDGE_LOOP ( 'NONE', ( #6589, #3348 ) ) ;
#7568 = VERTEX_POINT ( 'NONE', #1069 ) ;
#7569 = CARTESIAN_POINT ( 'NONE',  ( 1.501160829117836215, 12.85000000000000142, 15.89980667272109294 ) ) ;
#7570 = CARTESIAN_POINT ( 'NONE',  ( -3.724999999999974776, 0.2000000000000000944, -3.550000000000027356 ) ) ;
#7571 = ORIENTED_EDGE ( 'NONE', *, *, #6507, .F. ) ;
#7572 = VECTOR ( 'NONE', #7978, 1000.000000000000000 ) ;
#7573 = DIRECTION ( 'NONE',  ( 1.000000000000000000, 0.000000000000000000, 6.938893903907228378E-15 ) ) ;
#7574 = ORIENTED_EDGE ( 'NONE', *, *, #7026, .T. ) ;
#7575 = CARTESIAN_POINT ( 'NONE',  ( 6.349999999999887734, 9.540256121069157658, 16.03069986788281298 ) ) ;
#7576 = DIRECTION ( 'NONE',  ( 0.000000000000000000, 1.000000000000000000, 0.000000000000000000 ) ) ;
#7577 = EDGE_CURVE ( 'NONE', #980, #8380, #1509, .T. ) ;
#7578 = CARTESIAN_POINT ( 'NONE',  ( -6.350000000000080469, 4.279743878930841738, 11.83516415111943409 ) ) ;
#7579 = CARTESIAN_POINT ( 'NONE',  ( 2.426874995234100219, 1.051005472321430156, 16.31418200950113828 ) ) ;
#7580 = ORIENTED_EDGE ( 'NONE', *, *, #7525, .T. ) ;
#7581 = CARTESIAN_POINT ( 'NONE',  ( 6.350000000000068034, 6.910000000000001030, -9.851725008082778956 ) ) ;
#7582 = CARTESIAN_POINT ( 'NONE',  ( 3.925000000000022027, 1.740000000000000213, -3.349999999999973888 ) ) ;
#7583 = CARTESIAN_POINT ( 'NONE',  ( 4.142934761456309900, 2.767065238543610306, 11.83516415235829733 ) ) ;
#7584 = B_SPLINE_CURVE_WITH_KNOTS ( 'NONE', 3,
 ( #4742, #1363, #8961, #8916, #7519, #4048, #6281, #1281, #2092, #6833, #2677, #604, #50, #3367, #8329, #2716 ),
 .UNSPECIFIED., .F., .F.,
 ( 4, 2, 2, 2, 2, 2, 2, 4 ),
 ( 9.941040200671659718E-17, 0.0007532372345515576722, 0.001506474469103015815, 0.003012948938205934919, 0.003766186172757394254, 0.004519423407308854022, 0.005272660641860313357, 0.006025897876411773560 ),
 .UNSPECIFIED. ) ;
#7585 = CARTESIAN_POINT ( 'NONE',  ( 1.501160829117899276, 12.84999999999998543, 9.549806672721082634 ) ) ;
#7586 = EDGE_CURVE ( 'NONE', #5759, #6574, #475, .T. ) ;
#7587 = CARTESIAN_POINT ( 'NONE',  ( -2.426874995234298282, 1.051005472321430156, 12.34543200950110808 ) ) ;
#7588 = ORIENTED_EDGE ( 'NONE', *, *, #8117, .T. ) ;
#7589 = ORIENTED_EDGE ( 'NONE', *, *, #3713, .F. ) ;
#7590 = CARTESIAN_POINT ( 'NONE',  ( -6.350000000000097344, 4.279743878930850620, 12.74230700826228890 ) ) ;
#7591 = AXIS2_PLACEMENT_3D ( 'NONE', #4151, #1977, #655 ) ;
#7592 = DIRECTION ( 'NONE',  ( 6.982962677686266711E-15, 0.000000000000000000, -1.000000000000000000 ) ) ;
#7593 = CARTESIAN_POINT ( 'NONE',  ( -3.523501616404773884, 12.36675450466444914, 9.934715322210454502 ) ) ;
#7594 = CARTESIAN_POINT ( 'NONE',  ( -4.142934761456483983, 2.767065238543608530, 13.42266415235823551 ) ) ;
#7595 = ORIENTED_EDGE ( 'NONE', *, *, #1239, .T. ) ;
#7596 = VECTOR ( 'NONE', #4004, 1000.000000000000000 ) ;
#7597 = CARTESIAN_POINT ( 'NONE',  ( -6.350000000000100009, 4.279743878930841738, 14.55659272254800385 ) ) ;
#7598 = DIRECTION ( 'NONE',  ( 1.084202172485498754E-14, -1.000000000000000000, 1.084202172485511534E-14 ) ) ;
#7599 = EDGE_CURVE ( 'NONE', #7356, #5496, #7351, .T. ) ;
#7600 = VERTEX_POINT ( 'NONE', #7938 ) ;
#7601 = CARTESIAN_POINT ( 'NONE',  ( 0.000000000000000000, 0.000000000000000000, 0.000000000000000000 ) ) ;
#7602 = ORIENTED_EDGE ( 'NONE', *, *, #4273, .T. ) ;
#7603 = ADVANCED_FACE ( 'NONE', ( #1023 ), #7258, .T. ) ;
#7604 = B_SPLINE_CURVE_WITH_KNOTS ( 'NONE', 3,
 ( #425, #6596, #510, #2357, #1100, #7241 ),
 .UNSPECIFIED., .F., .F.,
 ( 4, 2, 4 ),
 ( 0.000000000000000000, 0.0001717863414411668422, 0.0003435726828823336843 ),
 .UNSPECIFIED. ) ;
#7605 = CARTESIAN_POINT ( 'NONE',  ( -2.426874995234309385, 12.76899452767857390, 14.04632486664396396 ) ) ;
#7606 = CIRCLE ( 'NONE', #3671, 0.1999999999999996503 ) ;
#7607 = CARTESIAN_POINT ( 'NONE',  ( -5.619472473178166005, 4.228819488328435128, 16.29998914673037547 ) ) ;
#7608 = CARTESIAN_POINT ( 'NONE',  ( 2.244749429223561243, 12.84999999999999964, 15.12820607508233905 ) ) ;
#7609 = EDGE_CURVE ( 'NONE', #1378, #3940, #3370, .T. ) ;
#7610 = SPHERICAL_SURFACE ( 'NONE', #4558, 0.2000000000000000111 ) ;
#7611 = CARTESIAN_POINT ( 'NONE',  ( 5.858994527678476949, 6.910000000000001030, 13.53605700950116564 ) ) ;
#7612 = CYLINDRICAL_SURFACE ( 'NONE', #2564, 6.349999999999999645 ) ;
#7613 = AXIS2_PLACEMENT_3D ( 'NONE', #611, #7528, #8173 ) ;
#7614 = EDGE_CURVE ( 'NONE', #2253, #118, #5617, .T. ) ;
#7615 = CARTESIAN_POINT ( 'NONE',  ( -2.630256121069207698, 0.5600000000000013856, 7.526235582168466109 ) ) ;
#7616 = EDGE_LOOP ( 'NONE', ( #3946, #399, #3581, #8977 ) ) ;
#7617 = ORIENTED_EDGE ( 'NONE', *, *, #714, .T. ) ;
#7618 = DIRECTION ( 'NONE',  ( 0.000000000000000000, -1.000000000000000000, -0.000000000000000000 ) ) ;
#7619 = DIRECTION ( 'NONE',  ( 8.673617379884051249E-15, 0.000000000000000000, -1.000000000000000000 ) ) ;
#7620 = ORIENTED_EDGE ( 'NONE', *, *, #4872, .T. ) ;
#7621 = AXIS2_PLACEMENT_3D ( 'NONE', #3854, #6631, #5366 ) ;
#7622 =( NAMED_UNIT ( * ) PLANE_ANGLE_UNIT ( ) SI_UNIT ( $, .RADIAN. ) );
#7623 = AXIS2_PLACEMENT_3D ( 'NONE', #3456, #2595, #1362 ) ;
#7624 = ORIENTED_EDGE ( 'NONE', *, *, #2189, .T. ) ;
#7625 = AXIS2_PLACEMENT_3D ( 'NONE', #1402, #8156, #1957 ) ;
#7626 = DIRECTION ( 'NONE',  ( -0.000000000000000000, 1.000000000000000000, 0.000000000000000000 ) ) ;
#7627 = LINE ( 'NONE', #1292, #4891 ) ;
#7628 = CARTESIAN_POINT ( 'NONE',  ( 4.490128060534489762, 11.40012806053457695, 12.34543200826236564 ) ) ;
#7629 = CARTESIAN_POINT ( 'NONE',  ( 2.426874995234112653, 1.051005472321430156, 14.49989629521542689 ) ) ;
#7630 = ORIENTED_EDGE ( 'NONE', *, *, #5121, .F. ) ;
#7631 = CARTESIAN_POINT ( 'NONE',  ( 2.244749429223579451, 12.84999999999999964, 12.52017036327420563 ) ) ;
#7632 = CARTESIAN_POINT ( 'NONE',  ( -3.924999999999974509, -3.281253729992883894, -3.550000000000028688 ) ) ;
#7633 = CARTESIAN_POINT ( 'NONE',  ( -5.858994527678644815, 4.483125004765785349, 10.64453915235822734 ) ) ;
#7634 = AXIS2_PLACEMENT_3D ( 'NONE', #6917, #4088, #5518 ) ;
#7635 = LINE ( 'NONE', #4852, #4451 ) ;
#7636 = CARTESIAN_POINT ( 'NONE',  ( -2.426874995234276078, 12.76899452767857390, 9.283824866643964668 ) ) ;
#7637 = ORIENTED_EDGE ( 'NONE', *, *, #5164, .T. ) ;
#7638 = ORIENTED_EDGE ( 'NONE', *, *, #7862, .T. ) ;
#7639 = CARTESIAN_POINT ( 'NONE',  ( 2.630256121069067810, 0.5600000000000023848, 12.96909272254806744 ) ) ;
#7640 =( BOUNDED_CURVE ( )  B_SPLINE_CURVE ( 2, ( #3679, #4461, #8507, #5694, #2316 ),
 .UNSPECIFIED., .F., .F. ) 
 B_SPLINE_CURVE_WITH_KNOTS ( ( 3, 2, 3 ),
 ( 0.3636363636363637020, 0.3750000000000000000, 0.3811301011587891474 ),
 .UNSPECIFIED. ) 
 CURVE ( )  GEOMETRIC_REPRESENTATION_ITEM ( )  RATIONAL_B_SPLINE_CURVE ( ( 0.9999999999999996669, 0.9238795325112870716, 1.000000000000000000, 0.9589368973955083586, 0.9621766860142484390 ) ) 
 REPRESENTATION_ITEM ( '' )  );
#7641 = CARTESIAN_POINT ( 'NONE',  ( -6.350000000000074252, 9.540256121069159434, 10.81462843683371844 ) ) ;
#7642 = CARTESIAN_POINT ( 'NONE',  ( -6.350000000000069811, 6.910000000000000142, 10.07757486788272594 ) ) ;
#7643 = AXIS2_PLACEMENT_3D ( 'NONE', #6685, #3261, #1090 ) ;
#7644 = CARTESIAN_POINT ( 'NONE',  ( -2.426874995234293397, 1.051005472321430156, 11.66507486664396609 ) ) ;
#7645 = ORIENTED_EDGE ( 'NONE', *, *, #2655, .T. ) ;
#7646 = EDGE_LOOP ( 'NONE', ( #6498, #7152, #5099, #2497 ) ) ;
#7647 = CARTESIAN_POINT ( 'NONE',  ( 6.349999999999908162, 6.910000000000001030, 13.13918200826237914 ) ) ;
#7648 = DIRECTION ( 'NONE',  ( -6.505213034913023449E-15, 0.000000000000000000, 1.000000000000000000 ) ) ;
#7649 = ORIENTED_EDGE ( 'NONE', *, *, #5181, .F. ) ;
#7650 = DIRECTION ( 'NONE',  ( 0.000000000000000000, -1.000000000000000000, -0.000000000000000000 ) ) ;
#7651 = EDGE_LOOP ( 'NONE', ( #1344, #2102, #8577, #6447 ) ) ;
#7652 = CARTESIAN_POINT ( 'NONE',  ( -5.858994527678683006, 9.336874995234211383, 15.97400343807250955 ) ) ;
#7653 = CIRCLE ( 'NONE', #1839, 1.599999999999999867 ) ;
#7654 = CARTESIAN_POINT ( 'NONE',  ( 3.523501616404635772, 12.36675450466444914, 9.766862984983658791 ) ) ;
#7655 = LINE ( 'NONE', #771, #6735 ) ;
#7656 = CARTESIAN_POINT ( 'NONE',  ( 2.339292497024900295E-14, 6.910000000000000142, -3.350000000000001421 ) ) ;
#7657 = CIRCLE ( 'NONE', #2269, 0.2000000000000000944 ) ;
#7658 = CARTESIAN_POINT ( 'NONE',  ( -5.858994527678669684, 4.483125004765785349, 14.27311058092965368 ) ) ;
#7659 = CARTESIAN_POINT ( 'NONE',  ( 4.142934761456319670, 11.05293476145639175, 10.02087843807258238 ) ) ;
#7660 = AXIS2_PLACEMENT_3D ( 'NONE', #4228, #777, #6371 ) ;
#7661 = CARTESIAN_POINT ( 'NONE',  ( 6.753565686012741764, 0.9694351295344508790, -5.561887473864010722 ) ) ;
#7662 = CARTESIAN_POINT ( 'NONE',  ( -4.490128060534627430, 2.419871939465422450, 7.469539153597025027 ) ) ;
#7663 = EDGE_CURVE ( 'NONE', #5496, #1357, #191, .T. ) ;
#7664 = ORIENTED_EDGE ( 'NONE', *, *, #5629, .T. ) ;
#7665 = DIRECTION ( 'NONE',  ( -1.000000000000000000, 0.000000000000000000, -6.308085367188388861E-15 ) ) ;
#7666 = CARTESIAN_POINT ( 'NONE',  ( -0.8729004660901507062, 11.63024248994837428, 23.67470686098244670 ) ) ;
#7667 = ORIENTED_EDGE ( 'NONE', *, *, #1919, .T. ) ;
#7668 = AXIS2_PLACEMENT_3D ( 'NONE', #2832, #3661, #6439 ) ;
#7669 = STYLED_ITEM ( 'NONE', ( #7027 ), #2934 ) ;
#7670 = FILL_AREA_STYLE_COLOUR ( '', #1328 ) ;
#7671 = TOROIDAL_SURFACE ( 'NONE', #4279, 0.5000000000000065503, 0.3500000000000003664 ) ;
#7672 = FACE_OUTER_BOUND ( 'NONE', #6099, .T. ) ;
#7673 = EDGE_CURVE ( 'NONE', #5306, #2399, #8368, .T. ) ;
#7674 = ORIENTED_EDGE ( 'NONE', *, *, #3694, .T. ) ;
#7675 = CARTESIAN_POINT ( 'NONE',  ( 2.540000000000037783, 6.409999999999999254, -5.429999999999984617 ) ) ;
#7676 = CARTESIAN_POINT ( 'NONE',  ( 4.125000000000025757, 1.940000000000001057, -3.549999999999972733 ) ) ;
#7677 = AXIS2_PLACEMENT_3D ( 'NONE', #4796, #3256, #7573 ) ;
#7678 = CARTESIAN_POINT ( 'NONE',  ( 4.490128060534499532, 2.419871939465424227, 11.21150343683379624 ) ) ;
#7679 = DIRECTION ( 'NONE',  ( -1.000000000000000000, 0.000000000000000000, -7.434529182757734548E-15 ) ) ;
#7680 = ORIENTED_EDGE ( 'NONE', *, *, #987, .F. ) ;
#7681 = DIRECTION ( 'NONE',  ( 6.982962677686266711E-15, 0.000000000000000000, -1.000000000000000000 ) ) ;
#7682 = CARTESIAN_POINT ( 'NONE',  ( -7.444186692192365409E-14, 1.051005472321429268, 10.81462843807255325 ) ) ;
#7683 = CARTESIAN_POINT ( 'NONE',  ( 1.250000000000002665, 6.910000000000000142, -0.3499999999999926503 ) ) ;
#7684 = CARTESIAN_POINT ( 'NONE',  ( 4.142934761456308124, 11.05293476145639175, 11.83516415235829733 ) ) ;
#7685 = EDGE_CURVE ( 'NONE', #679, #6035, #7565, .T. ) ;
#7686 = AXIS2_PLACEMENT_3D ( 'NONE', #1543, #3632, #6409 ) ;
#7687 = CARTESIAN_POINT ( 'NONE',  ( 0.7595038909410590788, 12.85000000000000675, 15.51224524361972890 ) ) ;
#7688 = ORIENTED_EDGE ( 'NONE', *, *, #7609, .T. ) ;
#7689 = DIRECTION ( 'NONE',  ( -8.673617379884030739E-15, 0.000000000000000000, 1.000000000000000000 ) ) ;
#7690 = DIRECTION ( 'NONE',  ( 0.000000000000000000, 1.000000000000000000, 0.000000000000000000 ) ) ;
#7691 = CARTESIAN_POINT ( 'NONE',  ( -9.344550106619840926E-14, 1.051005472321429268, 13.53605700950112301 ) ) ;
#7692 = ORIENTED_EDGE ( 'NONE', *, *, #4657, .F. ) ;
#7693 = CARTESIAN_POINT ( 'NONE',  ( -5.096099796562570283, 10.69843857855397751, 16.22132486540515472 ) ) ;
#7694 =( BOUNDED_CURVE ( )  B_SPLINE_CURVE ( 2, ( #8239, #2001, #6910, #6866, #2036, #8363, #6827, #5597, #8956 ),
 .UNSPECIFIED., .F., .T. ) 
 B_SPLINE_CURVE_WITH_KNOTS ( ( 3, 2, 2, 2, 3 ),
 ( 0.5909090909090907173, 0.6022727272727270709, 0.6136363636363635354, 0.6250000000000000000, 0.6363636363636363535 ),
 .UNSPECIFIED. ) 
 CURVE ( )  GEOMETRIC_REPRESENTATION_ITEM ( )  RATIONAL_B_SPLINE_CURVE ( ( 1.000000000000001554, 0.9238795325112852952, 1.000000000000000000, 0.9238795325112867385, 1.000000000000000000, 0.9238795325112867385, 1.000000000000000000, 0.9238795325112867385, 1.000000000000000000 ) ) 
 REPRESENTATION_ITEM ( '' )  );
#7695 = DIRECTION ( 'NONE',  ( 6.982962677686266711E-15, 0.000000000000000000, -1.000000000000000000 ) ) ;
#7696 = ORIENTED_EDGE ( 'NONE', *, *, #8064, .F. ) ;
#7697 = CARTESIAN_POINT ( 'NONE',  ( 2.244749429223567461, 12.84999999999999964, 14.22106321793948425 ) ) ;
#7698 = ORIENTED_EDGE ( 'NONE', *, *, #1714, .T. ) ;
#7699 = VECTOR ( 'NONE', #3434, 1000.000000000000000 ) ;
#7700 = AXIS2_PLACEMENT_3D ( 'NONE', #8515, #875, #3512 ) ;
#7701 = CARTESIAN_POINT ( 'NONE',  ( -4.142934761456463555, 11.05293476145639175, 10.47444986664395294 ) ) ;
#7702 = FACE_OUTER_BOUND ( 'NONE', #1434, .T. ) ;
#7703 = DIRECTION ( 'NONE',  ( -1.000000000000000000, 0.000000000000000000, -7.102804783527084762E-15 ) ) ;
#7704 = CARTESIAN_POINT ( 'NONE',  ( -6.350000000000108002, 6.910000000000000142, 15.52043201073986722 ) ) ;
#7705 = ADVANCED_FACE ( 'NONE', ( #8919 ), #7393, .F. ) ;
#7706 = CARTESIAN_POINT ( 'NONE',  ( 6.779999999999986926, 2.000000000000000000, 2.000000000000047518 ) ) ;
#7707 = CARTESIAN_POINT ( 'NONE',  ( 5.858994527678483166, 4.483125004765792454, 12.79900343807259766 ) ) ;
#7708 = CIRCLE ( 'NONE', #2462, 0.2000000000000000944 ) ;
#7709 = CYLINDRICAL_SURFACE ( 'NONE', #8372, 0.1999999999999996503 ) ;
#7710 = DIRECTION ( 'NONE',  ( 0.000000000000000000, -1.000000000000000000, 0.000000000000000000 ) ) ;
#7711 = CARTESIAN_POINT ( 'NONE',  ( -2.426874995234316934, 1.051005472321430156, 15.06686058092967784 ) ) ;
#7712 = EDGE_CURVE ( 'NONE', #1296, #7818, #1688, .T. ) ;
#7713 = ORIENTED_EDGE ( 'NONE', *, *, #8054, .T. ) ;
#7714 = ORIENTED_EDGE ( 'NONE', *, *, #6423, .F. ) ;
#7715 = PRESENTATION_STYLE_ASSIGNMENT (( #4329 ) ) ;
#7716 = SPHERICAL_SURFACE ( 'NONE', #923, 0.2000000000000000111 ) ;
#7717 = ORIENTED_EDGE ( 'NONE', *, *, #3779, .T. ) ;
#7718 = ADVANCED_FACE ( 'NONE', ( #2600 ), #3243, .T. ) ;
#7719 =( LENGTH_UNIT ( ) NAMED_UNIT ( * ) SI_UNIT ( .MILLI., .METRE. ) );
#7720 = ORIENTED_EDGE ( 'NONE', *, *, #8264, .F. ) ;
#7721 = EDGE_CURVE ( 'NONE', #1573, #6629, #6158, .T. ) ;
#7722 =( NAMED_UNIT ( * ) PLANE_ANGLE_UNIT ( ) SI_UNIT ( $, .RADIAN. ) );
#7723 = DIRECTION ( 'NONE',  ( 8.673617379884030739E-15, 0.000000000000000000, -1.000000000000000000 ) ) ;
#7724 = PLANE ( 'NONE',  #6279 ) ;
#7725 = CARTESIAN_POINT ( 'NONE',  ( 6.579999999999978755, 0.2000000000000000944, 3.100000000000046274 ) ) ;
#7726 = LINE ( 'NONE', #2962, #1411 ) ;
#7727 = ORIENTED_EDGE ( 'NONE', *, *, #4549, .T. ) ;
#7728 = CARTESIAN_POINT ( 'NONE',  ( -2.244749429223601656, 12.84999999999999964, -9.851725008082841128 ) ) ;
#7729 = CARTESIAN_POINT ( 'NONE',  ( 3.580000000000021831, 0.2000000000000000111, -3.349999999999976108 ) ) ;
#7730 = CARTESIAN_POINT ( 'NONE',  ( 5.858994527678513364, 6.910000000000001030, 8.319985580929737168 ) ) ;
#7731 = CARTESIAN_POINT ( 'NONE',  ( 6.630454743716645005, 0.8834894138116345941, 6.300000000000046896 ) ) ;
#7732 = CARTESIAN_POINT ( 'NONE',  ( -6.652368602847582997E-14, 1.051005472321429268, 9.680699866643982077 ) ) ;
#7733 = CARTESIAN_POINT ( 'NONE',  ( -5.780000000000036664, 2.240000000000000657, 3.099999999999959233 ) ) ;
#7734 = EDGE_CURVE ( 'NONE', #7855, #175, #2040, .T. ) ;
#7735 = DIRECTION ( 'NONE',  ( -6.982962677686266711E-15, -0.000000000000000000, 1.000000000000000000 ) ) ;
#7736 = CARTESIAN_POINT ( 'NONE',  ( -1.432205645193453466E-13, 6.910000000000000142, 20.51000000000000156 ) ) ;
#7737 = CARTESIAN_POINT ( 'NONE',  ( -5.858994527678626163, 6.910000000000000142, 7.866414152358225387 ) ) ;
#7738 = CARTESIAN_POINT ( 'NONE',  ( -6.350000000000075140, 9.540256121069157658, 10.81462843683371844 ) ) ;
#7739 = CARTESIAN_POINT ( 'NONE',  ( 4.490128060534476440, 11.40012806053457695, 14.27311058216851514 ) ) ;
#7740 = DIRECTION ( 'NONE',  ( 0.000000000000000000, 1.000000000000000000, 0.000000000000000000 ) ) ;
#7741 = VERTEX_POINT ( 'NONE', #4052 ) ;
#7742 = CARTESIAN_POINT ( 'NONE',  ( 2.540000000000037783, -4.540000000000000924, -5.429999999999983729 ) ) ;
#7743 = CIRCLE ( 'NONE', #181, 0.5000000000000004441 ) ;
#7744 = ORIENTED_EDGE ( 'NONE', *, *, #3230, .T. ) ;
#7745 = CARTESIAN_POINT ( 'NONE',  ( 2.426874995234132193, 12.76899452767857390, 11.21150343807256888 ) ) ;
#7746 = VECTOR ( 'NONE', #8390, 1000.000000000000000 ) ;
#7747 = DIRECTION ( 'NONE',  ( 6.982962677686266711E-15, 0.000000000000000000, -1.000000000000000000 ) ) ;
#7748 = CARTESIAN_POINT ( 'NONE',  ( 6.349999999999919709, 6.910000000000001030, 11.43828915359710052 ) ) ;
#7749 =( BOUNDED_CURVE ( )  B_SPLINE_CURVE ( 2, ( #6189, #3361, #8954, #6959, #3403 ),
 .UNSPECIFIED., .F., .T. ) 
 B_SPLINE_CURVE_WITH_KNOTS ( ( 3, 2, 3 ),
 ( 0.2727272727272727071, 0.2840909090909091161, 0.2902210102496982636 ),
 .UNSPECIFIED. ) 
 CURVE ( )  GEOMETRIC_REPRESENTATION_ITEM ( )  RATIONAL_B_SPLINE_CURVE ( ( 1.000000000000000000, 0.9238795325112867385, 1.000000000000000000, 0.9589368973955083586, 0.9621766860142484390 ) ) 
 REPRESENTATION_ITEM ( '' )  );
#7750 = CARTESIAN_POINT ( 'NONE',  ( -6.580000000000045368, 0.8543593539448880447, 6.299999999999953637 ) ) ;
#7751 = CARTESIAN_POINT ( 'NONE',  ( 5.780000000000026006, 11.65000000000000036, -3.549999999999961187 ) ) ;
#7752 = CARTESIAN_POINT ( 'NONE',  ( 5.858994527678500042, 9.336874995234211383, 10.19096772378687987 ) ) ;
#7753 = CARTESIAN_POINT ( 'NONE',  ( -4.142934761456444015, 2.767065238543608530, 7.753021295215381414 ) ) ;
#7754 = CIRCLE ( 'NONE', #4989, 0.2000000000000000944 ) ;
#7755 = DIRECTION ( 'NONE',  ( -1.000000000000000000, 0.000000000000000000, -6.982261990806646977E-15 ) ) ;
#7756 = CARTESIAN_POINT ( 'NONE',  ( 5.858994527678478725, 4.483125004765792454, 13.47936058092973788 ) ) ;
#7757 = ORIENTED_EDGE ( 'NONE', *, *, #4765, .T. ) ;
#7758 = VERTEX_POINT ( 'NONE', #4094 ) ;
#7759 = LINE ( 'NONE', #6419, #2347 ) ;
#7760 = PLANE ( 'NONE',  #7700 ) ;
#7761 = ORIENTED_EDGE ( 'NONE', *, *, #1714, .F. ) ;
#7762 = CARTESIAN_POINT ( 'NONE',  ( -1.619875397377539716E-13, 11.70999999999999908, 23.17999999999999972 ) ) ;
#7763 = EDGE_LOOP ( 'NONE', ( #4595, #8047 ) ) ;
#7764 = CARTESIAN_POINT ( 'NONE',  ( -6.350000000000093792, 4.279743878930841738, 13.76284272502558181 ) ) ;
#7765 = CARTESIAN_POINT ( 'NONE',  ( -0.5594851149876123309, 0.8924908752213104313, 7.749999999999998224 ) ) ;
#7766 = CARTESIAN_POINT ( 'NONE',  ( 5.079999999999999183, -3.730000000000000426, 3.547345040264623363E-14 ) ) ;
#7767 = CIRCLE ( 'NONE', #5007, 0.3499999999999998668 ) ;
#7768 = EDGE_LOOP ( 'NONE', ( #6524, #7680 ) ) ;
#7769 = CARTESIAN_POINT ( 'NONE',  ( 5.432213382922688183, 10.45804273814641405, 7.780999146792639820 ) ) ;
#7770 = FILL_AREA_STYLE_COLOUR ( '', #1861 ) ;
#7771 = ORIENTED_EDGE ( 'NONE', *, *, #4490, .F. ) ;
#7772 = VERTEX_POINT ( 'NONE', #5436 ) ;
#7773 = DIRECTION ( 'NONE',  ( -8.673617379884051249E-15, 0.000000000000000000, 1.000000000000000000 ) ) ;
#7774 = CARTESIAN_POINT ( 'NONE',  ( -6.350000000000058265, 6.910000000000000142, 8.263289153597012771 ) ) ;
#7775 = CARTESIAN_POINT ( 'NONE',  ( 5.858994527678516029, 4.483125004765792454, 8.263289152358309408 ) ) ;
#7776 =( NAMED_UNIT ( * ) PLANE_ANGLE_UNIT ( ) SI_UNIT ( $, .RADIAN. ) );
#7777 = EDGE_CURVE ( 'NONE', #5673, #84, #2679, .T. ) ;
#7778 = ADVANCED_FACE ( 'NONE', ( #6873 ), #1241, .F. ) ;
#7779 = CARTESIAN_POINT ( 'NONE',  ( -4.142934761456468884, 11.05293476145639175, 11.15480700950109494 ) ) ;
#7780 = CIRCLE ( 'NONE', #8489, 0.3499999999999998668 ) ;
#7781 = FACE_OUTER_BOUND ( 'NONE', #6750, .T. ) ;
#7782 = EDGE_LOOP ( 'NONE', ( #4752, #6421, #2611, #6570 ) ) ;
#7783 = LINE ( 'NONE', #4858, #2661 ) ;
#7784 = DIRECTION ( 'NONE',  ( 6.938893903907229955E-15, 0.000000000000000000, -1.000000000000000000 ) ) ;
#7785 = CARTESIAN_POINT ( 'NONE',  ( -6.637508962869495192E-14, 12.76899452767857213, 9.453914152358267486 ) ) ;
#7786 = CARTESIAN_POINT ( 'NONE',  ( 4.490128060534519072, 2.419871939465424227, 8.490074865405222937 ) ) ;
#7787 = EDGE_CURVE ( 'NONE', #256, #7956, #8126, .T. ) ;
#7788 = ORIENTED_EDGE ( 'NONE', *, *, #1045, .F. ) ;
#7789 = SPHERICAL_SURFACE ( 'NONE', #4888, 0.2000000000000000111 ) ;
#7790 = AXIS2_PLACEMENT_3D ( 'NONE', #4484, #1758, #7313 ) ;
#7791 = DIRECTION ( 'NONE',  ( -0.000000000000000000, 1.000000000000000000, -0.000000000000000000 ) ) ;
#7792 = EDGE_LOOP ( 'NONE', ( #8104, #4473, #3204, #3312 ) ) ;
#7793 = FACE_OUTER_BOUND ( 'NONE', #6274, .T. ) ;
#7794 = ORIENTED_EDGE ( 'NONE', *, *, #1886, .F. ) ;
#7795 = CARTESIAN_POINT ( 'NONE',  ( 2.426874995234126420, 12.76899452767857390, 12.11864629521542724 ) ) ;
#7796 = CARTESIAN_POINT ( 'NONE',  ( 6.349999999999944578, 4.279743878930876377, 12.17534272254809835 ) ) ;
#7797 = ADVANCED_FACE ( 'NONE', ( #8249 ), #644, .F. ) ;
#7798 = CYLINDRICAL_SURFACE ( 'NONE', #2038, 0.2000000000000000944 ) ;
#7799 = CARTESIAN_POINT ( 'NONE',  ( 4.490128060534520849, 11.40012806053457695, 7.923110582168515492 ) ) ;
#7800 = CARTESIAN_POINT ( 'NONE',  ( -2.426874995234283627, 12.76899452767857390, 10.41775343807253584 ) ) ;
#7801 = CARTESIAN_POINT ( 'NONE',  ( -5.858994527678643038, 6.910000000000000142, 10.36105700950108321 ) ) ;
#7802 = CARTESIAN_POINT ( 'NONE',  ( 3.198196906380310658E-14, 6.410000000000001030, -4.580000000000000959 ) ) ;
#7803 = ADVANCED_FACE ( 'NONE', ( #8076 ), #6198, .T. ) ;
#7804 = CARTESIAN_POINT ( 'NONE',  ( -7.746054287952189559E-14, 12.76899452767857213, 11.04141415235826784 ) ) ;
#7805 = VERTEX_POINT ( 'NONE', #3970 ) ;
#7806 = LINE ( 'NONE', #7155, #5848 ) ;
#7807 = DIRECTION ( 'NONE',  ( 8.673617379884051249E-15, 0.000000000000000000, -1.000000000000000000 ) ) ;
#7808 = ORIENTED_EDGE ( 'NONE', *, *, #2060, .T. ) ;
#7809 = VECTOR ( 'NONE', #1300, 1000.000000000000000 ) ;
#7810 = CIRCLE ( 'NONE', #8236, 0.7000000000000031752 ) ;
#7811 = CIRCLE ( 'NONE', #3149, 0.2000000000000000944 ) ;
#7812 = CARTESIAN_POINT ( 'NONE',  ( 6.349999999999916156, 4.279743878930847956, 12.28873558216853112 ) ) ;
#7813 = DIRECTION ( 'NONE',  ( 0.000000000000000000, 1.000000000000000000, 0.000000000000000000 ) ) ;
#7814 = CARTESIAN_POINT ( 'NONE',  ( -5.779999999999955840, 0.6400000000000000133, -6.350000000000040501 ) ) ;
#7815 = ORIENTED_EDGE ( 'NONE', *, *, #1063, .F. ) ;
#7816 = CARTESIAN_POINT ( 'NONE',  ( 4.490128060534521737, 11.40012806053457695, 7.809717722548080943 ) ) ;
#7817 = AXIS2_PLACEMENT_3D ( 'NONE', #3637, #3506, #5608 ) ;
#7818 = VERTEX_POINT ( 'NONE', #6074 ) ;
#7819 = ORIENTED_EDGE ( 'NONE', *, *, #2844, .T. ) ;
#7820 = DIRECTION ( 'NONE',  ( 0.000000000000000000, 1.000000000000000000, 0.000000000000000000 ) ) ;
#7821 = CARTESIAN_POINT ( 'NONE',  ( -4.490128060534696708, 11.40012806053457695, 17.10793200826230276 ) ) ;
#7822 = SURFACE_SIDE_STYLE ('',( #3616 ) ) ;
#7823 = CARTESIAN_POINT ( 'NONE',  ( -2.426874995234272525, 1.051005472321430156, 8.716860580929679969 ) ) ;
#7824 = VECTOR ( 'NONE', #6304, 1000.000000000000000 ) ;
#7825 = CARTESIAN_POINT ( 'NONE',  ( 2.244749429223563464, 12.84999999999999787, 15.24159893470277716 ) ) ;
#7826 = ORIENTED_EDGE ( 'NONE', *, *, #5629, .F. ) ;
#7827 = LINE ( 'NONE', #6397, #3392 ) ;
#7828 = DIRECTION ( 'NONE',  ( -6.982962677686266711E-15, 0.000000000000000000, 1.000000000000000000 ) ) ;
#7829 = CARTESIAN_POINT ( 'NONE',  ( 4.490128060534457788, 11.40012806053457695, 16.88114629397665212 ) ) ;
#7830 = CARTESIAN_POINT ( 'NONE',  ( -2.630256121069213471, 0.5600000000000013856, 8.319985579690888144 ) ) ;
#7831 = DIRECTION ( 'NONE',  ( 6.982962677686266711E-15, 0.000000000000000000, -1.000000000000000000 ) ) ;
#7832 = ORIENTED_EDGE ( 'NONE', *, *, #1637, .F. ) ;
#7833 = CARTESIAN_POINT ( 'NONE',  ( 3.379999999999984794, 2.000000000000000000, 2.000000000000023537 ) ) ;
#7834 = ADVANCED_FACE ( 'NONE', ( #8845 ), #6746, .T. ) ;
#7835 = CARTESIAN_POINT ( 'NONE',  ( -2.426874995234289845, 12.76899452767857390, 11.32489629521539065 ) ) ;
#7836 = CARTESIAN_POINT ( 'NONE',  ( 3.379999999999956373, 0.6400000000000000133, 6.100000000000023626 ) ) ;
#7837 = CARTESIAN_POINT ( 'NONE',  ( 3.579999999999986304, 0.2000000000000000944, 1.800000000000024913 ) ) ;
#7838 = DIRECTION ( 'NONE',  ( -4.336808689942015369E-15, 0.000000000000000000, 1.000000000000000000 ) ) ;
#7839 = CARTESIAN_POINT ( 'NONE',  ( 5.858994527678493824, 6.910000000000001030, 11.04141415235830870 ) ) ;
#7840 = CARTESIAN_POINT ( 'NONE',  ( -2.426874995234265864, 1.051005472321430156, 7.809717723786821608 ) ) ;
#7841 = CARTESIAN_POINT ( 'NONE',  ( 0.7430714330482266483, 12.85000000000000853, 13.11152477680099793 ) ) ;
#7842 = CARTESIAN_POINT ( 'NONE',  ( -5.858994527678656361, 6.910000000000000142, 12.17534272378679638 ) ) ;
#7843 = VERTEX_POINT ( 'NONE', #7435 ) ;
#7844 = EDGE_CURVE ( 'NONE', #8480, #1378, #2965, .T. ) ;
#7845 = CARTESIAN_POINT ( 'NONE',  ( 0.000000000000000000, 12.84999999999999964, 0.000000000000000000 ) ) ;
#7846 = ORIENTED_EDGE ( 'NONE', *, *, #8164, .T. ) ;
#7847 = ADVANCED_FACE ( 'NONE', ( #2227 ), #4746, .T. ) ;
#7848 = PRESENTATION_LAYER_ASSIGNMENT (  '', '', ( #6113 ) ) ;
#7849 = DIRECTION ( 'NONE',  ( -7.228014483236693597E-15, 0.000000000000000000, 1.000000000000000000 ) ) ;
#7850 = CARTESIAN_POINT ( 'NONE',  ( 2.630256121069059816, 0.5600000000000022737, 13.98962843931136213 ) ) ;
#7851 = CARTESIAN_POINT ( 'NONE',  ( 1.250000000000002665, 6.910000000000000142, -0.3499999999999926503 ) ) ;
#7852 = CARTESIAN_POINT ( 'NONE',  ( -5.080000000000000959, -3.730000000000000426, -3.671769155057995258E-14 ) ) ;
#7853 = ORIENTED_EDGE ( 'NONE', *, *, #5707, .T. ) ;
#7854 = CARTESIAN_POINT ( 'NONE',  ( -2.630256121069216135, 13.25999999999999979, 8.886949865405178173 ) ) ;
#7855 = VERTEX_POINT ( 'NONE', #6971 ) ;
#7856 = ORIENTED_EDGE ( 'NONE', *, *, #1930, .F. ) ;
#7857 = CARTESIAN_POINT ( 'NONE',  ( -1.432205645193453466E-13, 6.910000000000000142, 20.51000000000000156 ) ) ;
#7858 = CARTESIAN_POINT ( 'NONE',  ( 2.244749429223580339, 12.84999999999999964, 12.40677750365377108 ) ) ;
#7859 = CARTESIAN_POINT ( 'NONE',  ( -5.858994527678639486, 9.336874995234211383, 9.624003438072511685 ) ) ;
#7860 = CARTESIAN_POINT ( 'NONE',  ( -6.279999999999956728, 2.240000000000000657, -6.150000000000044764 ) ) ;
#7861 = CARTESIAN_POINT ( 'NONE',  ( 4.142934761456277037, 2.767065238543610306, 16.37087843807258025 ) ) ;
#7862 = EDGE_CURVE ( 'NONE', #5074, #1756, #5522, .T. ) ;
#7863 = SPHERICAL_SURFACE ( 'NONE', #3302, 0.2000000000000000111 ) ;
#7864 = ORIENTED_EDGE ( 'NONE', *, *, #3531, .T. ) ;
#7865 = CARTESIAN_POINT ( 'NONE',  ( 5.871044115163527977, 7.194315283065519040, 16.49785017444546042 ) ) ;
#7866 = CARTESIAN_POINT ( 'NONE',  ( -6.579999999999961879, 0.2000000000000000944, -5.650000000000049205 ) ) ;
#7867 = CARTESIAN_POINT ( 'NONE',  ( -2.630256121069272979, 13.25999999999999979, 17.05123557969088566 ) ) ;
#7868 = CARTESIAN_POINT ( 'NONE',  ( -6.350000000000082245, 6.910000000000000142, 11.77846772254800456 ) ) ;
#7869 = ORIENTED_EDGE ( 'NONE', *, *, #1836, .T. ) ;
#7870 = EDGE_CURVE ( 'NONE', #1304, #6724, #6963, .T. ) ;
#7871 = EDGE_LOOP ( 'NONE', ( #115, #7864, #5488, #671 ) ) ;
#7872 = CARTESIAN_POINT ( 'NONE',  ( 2.540000000000035563, 6.409999999999999254, -5.079999999999984084 ) ) ;
#7873 = AXIS2_PLACEMENT_3D ( 'NONE', #556, #8650, #1829 ) ;
#7874 = FACE_OUTER_BOUND ( 'NONE', #5901, .T. ) ;
#7875 = ORIENTED_EDGE ( 'NONE', *, *, #1976, .F. ) ;
#7876 = CARTESIAN_POINT ( 'NONE',  ( 5.740267997986788551, 8.145518952867263351, 16.50480700702358305 ) ) ;
#7877 = CARTESIAN_POINT ( 'NONE',  ( -7.444186692192365409E-14, 1.051005472321429268, 10.81462843807255325 ) ) ;
#7878 = CARTESIAN_POINT ( 'NONE',  ( -3.580000000000012950, 0.2000000000000000944, 1.999999999999974909 ) ) ;
#7879 = CARTESIAN_POINT ( 'NONE',  ( -5.779999999999955840, 11.84999999999999964, -6.350000000000040501 ) ) ;
#7880 = EDGE_CURVE ( 'NONE', #6313, #4192, #1850, .T. ) ;
#7881 = AXIS2_PLACEMENT_3D ( 'NONE', #7108, #2184, #828 ) ;
#7882 = CARTESIAN_POINT ( 'NONE',  ( -5.779999999999975380, 2.140000000000000568, -3.550000000000042011 ) ) ;
#7883 = CARTESIAN_POINT ( 'NONE',  ( -5.858994527678632380, 4.483125004765785349, 8.830253438072512395 ) ) ;
#7884 = EDGE_CURVE ( 'NONE', #3934, #4835, #6241, .T. ) ;
#7885 = CARTESIAN_POINT ( 'NONE',  ( 6.349999999999935696, 4.279743878930868384, 12.28873558216853468 ) ) ;
#7886 = MECHANICAL_DESIGN_GEOMETRIC_PRESENTATION_REPRESENTATION (  '', ( #5705 ), #8893 ) ;
#7887 = CARTESIAN_POINT ( 'NONE',  ( -5.858994527678662578, 6.910000000000000142, 13.08248558092965297 ) ) ;
#7888 = ORIENTED_EDGE ( 'NONE', *, *, #7095, .T. ) ;
#7889 = EDGE_CURVE ( 'NONE', #3293, #488, #4139, .T. ) ;
#7890 = CARTESIAN_POINT ( 'NONE',  ( -4.500000000000210498, 6.910000000000001030, 28.57999999999996987 ) ) ;
#7891 = FACE_OUTER_BOUND ( 'NONE', #842, .T. ) ;
#7892 = EDGE_LOOP ( 'NONE', ( #4066, #1218, #6432, #2197 ) ) ;
#7893 = VECTOR ( 'NONE', #3789, 1000.000000000000000 ) ;
#7894 = EDGE_CURVE ( 'NONE', #781, #1670, #1840, .T. ) ;
#7895 = CARTESIAN_POINT ( 'NONE',  ( -1.501160829118040274, 12.84999999999999076, 11.85266448913830573 ) ) ;
#7896 = CARTESIAN_POINT ( 'NONE',  ( 2.630256121069053599, 13.25999999999999979, 14.32980701073993224 ) ) ;
#7897 = CARTESIAN_POINT ( 'NONE',  ( -0.4288646597466459487, 12.76899452767857213, 16.49429039162370358 ) ) ;
#7898 = CARTESIAN_POINT ( 'NONE',  ( -3.379999999999976357, 0.6399999999999999023, -3.150000000000024780 ) ) ;
#7899 = ORIENTED_EDGE ( 'NONE', *, *, #7663, .T. ) ;
#7900 = CYLINDRICAL_SURFACE ( 'NONE', #6185, 0.2000000000000000944 ) ;
#7901 = CARTESIAN_POINT ( 'NONE',  ( -0.1307291393157659354, 2.109999999999999876, 23.17999999999999616 ) ) ;
#7902 = ORIENTED_EDGE ( 'NONE', *, *, #7884, .F. ) ;
#7903 = VERTEX_POINT ( 'NONE', #5698 ) ;
#7904 = LINE ( 'NONE', #2877, #2155 ) ;
#7905 = CARTESIAN_POINT ( 'NONE',  ( -1.619875395486823899E-13, 6.909999999999999254, 23.17999999999999972 ) ) ;
#7906 = CARTESIAN_POINT ( 'NONE',  ( -5.858994527678632380, 6.910000000000000142, 8.773557009501082860 ) ) ;
#7907 = DIRECTION ( 'NONE',  ( -6.926272368013821792E-15, 0.000000000000000000, 1.000000000000000000 ) ) ;
#7908 = CARTESIAN_POINT ( 'NONE',  ( 5.858994527678455633, 9.336874995234211383, 16.54096772378687774 ) ) ;
#7909 = DIRECTION ( 'NONE',  ( 1.000000000000000000, 0.000000000000000000, 6.982962677686266711E-15 ) ) ;
#7910 = EDGE_LOOP ( 'NONE', ( #8454, #7946, #3355, #3998 ) ) ;
#7911 = CARTESIAN_POINT ( 'NONE',  ( 3.579999999999977423, 0.000000000000000000, 3.100000000000025402 ) ) ;
#7912 = DIRECTION ( 'NONE',  ( 6.982962677686266711E-15, 0.000000000000000000, -1.000000000000000000 ) ) ;
#7913 = CIRCLE ( 'NONE', #4938, 0.1999999999999996503 ) ;
#7914 = CARTESIAN_POINT ( 'NONE',  ( 2.630256121069041608, 0.5600000000000022737, 16.59766415111949911 ) ) ;
#7915 = CARTESIAN_POINT ( 'NONE',  ( -4.490128060534638976, 11.40012806053457695, 8.943646293976591721 ) ) ;
#7916 = ORIENTED_EDGE ( 'NONE', *, *, #6160, .F. ) ;
#7917 = CARTESIAN_POINT ( 'NONE',  ( 6.579999999999986748, 0.8543593539449064744, 2.000000000000046185 ) ) ;
#7918 = CARTESIAN_POINT ( 'NONE',  ( -6.580000000000014282, 0.2000000000000000944, 1.999999999999954037 ) ) ;
#7919 = ORIENTED_EDGE ( 'NONE', *, *, #1589, .F. ) ;
#7920 = CARTESIAN_POINT ( 'NONE',  ( 3.579999999999976090, 0.2000000000000000944, 3.300000000000025580 ) ) ;
#7921 = CARTESIAN_POINT ( 'NONE',  ( 6.349999999999940137, 6.910000000000001030, 8.603467722548094443 ) ) ;
#7922 = VERTEX_POINT ( 'NONE', #1368 ) ;
#7923 = CARTESIAN_POINT ( 'NONE',  ( 2.199633243471174960E-14, 0.000000000000000000, -3.150000000000001243 ) ) ;
#7924 = CIRCLE ( 'NONE', #3544, 0.3500000000000004774 ) ;
#7925 = CARTESIAN_POINT ( 'NONE',  ( -2.426874995234277410, 12.76899452767857390, 9.510610580929679259 ) ) ;
#7926 = EDGE_LOOP ( 'NONE', ( #387, #193, #6202, #2072 ) ) ;
#7927 = CARTESIAN_POINT ( 'NONE',  ( 6.349999999999933031, 6.910000000000001030, 9.624003439311387353 ) ) ;
#7928 = DIRECTION ( 'NONE',  ( -1.000000000000000000, -2.620428211445327472E-16, -6.747905296117593928E-15 ) ) ;
#7929 = AXIS2_PLACEMENT_3D ( 'NONE', #5602, #1727, #6237 ) ;
#7930 = LINE ( 'NONE', #8786, #6168 ) ;
#7931 = CARTESIAN_POINT ( 'NONE',  ( -6.177277749240713803E-14, 1.051005472321429268, 9.000342723786840082 ) ) ;
#7932 = SURFACE_STYLE_USAGE ( .BOTH. , #6602 ) ;
#7933 = CARTESIAN_POINT ( 'NONE',  ( -7.285823074323409432E-14, 1.051005472321429268, 10.58784272378684044 ) ) ;
#7934 = ORIENTED_EDGE ( 'NONE', *, *, #3488, .T. ) ;
#7935 = DIRECTION ( 'NONE',  ( 1.000000000000000000, -0.000000000000000000, 6.982962677686266711E-15 ) ) ;
#7936 = FACE_OUTER_BOUND ( 'NONE', #6464, .T. ) ;
#7937 = ORIENTED_EDGE ( 'NONE', *, *, #4493, .T. ) ;
#7938 = CARTESIAN_POINT ( 'NONE',  ( 5.080000000000006288, -3.430000000000002380, -0.9999999999999642508 ) ) ;
#7939 = CARTESIAN_POINT ( 'NONE',  ( 2.630256121069059372, 13.25999999999999979, 13.42266415359707743 ) ) ;
#7940 = CARTESIAN_POINT ( 'NONE',  ( 2.426874995234107768, 1.051005472321430156, 15.18025343807256888 ) ) ;
#7941 = DIRECTION ( 'NONE',  ( 6.982962677686266711E-15, 0.000000000000000000, -1.000000000000000000 ) ) ;
#7942 = EDGE_LOOP ( 'NONE', ( #8083, #1887, #1732, #5446, #2797, #4885, #981 ) ) ;
#7943 = ORIENTED_EDGE ( 'NONE', *, *, #864, .F. ) ;
#7944 = FACE_OUTER_BOUND ( 'NONE', #7892, .T. ) ;
#7945 = FACE_OUTER_BOUND ( 'NONE', #2352, .T. ) ;
#7946 = ORIENTED_EDGE ( 'NONE', *, *, #687, .T. ) ;
#7947 = EDGE_LOOP ( 'NONE', ( #1018, #3991, #3084, #5844, #2126, #6708 ) ) ;
#7948 = SURFACE_SIDE_STYLE ('',( #8674 ) ) ;
#7949 = PRESENTATION_LAYER_ASSIGNMENT (  '', '', ( #2833 ) ) ;
#7950 = CARTESIAN_POINT ( 'NONE',  ( 3.579999999999956550, 0.2000000000000000111, 6.100000000000025402 ) ) ;
#7951 = CARTESIAN_POINT ( 'NONE',  ( -6.350000000000093792, 9.540256121069157658, 13.53605700826229175 ) ) ;
#7952 = CARTESIAN_POINT ( 'NONE',  ( -7.380000000000075389, 2.240000000000004210, 7.749999999999949374 ) ) ;
#7953 = AXIS2_PLACEMENT_3D ( 'NONE', #1041, #6804, #3345 ) ;
#7954 = EDGE_CURVE ( 'NONE', #8715, #8084, #540, .T. ) ;
#7955 = CARTESIAN_POINT ( 'NONE',  ( 5.458736720766580675, 9.038382082409414764, 7.239653296608126176 ) ) ;
#7956 = VERTEX_POINT ( 'NONE', #4325 ) ;
#7957 = LINE ( 'NONE', #359, #2570 ) ;
#7958 = ORIENTED_EDGE ( 'NONE', *, *, #3689, .F. ) ;
#7959 = VECTOR ( 'NONE', #2685, 1000.000000000000000 ) ;
#7960 = DIRECTION ( 'NONE',  ( -5.531282780297823222E-31, -1.000000000000000000, 7.921111762451173970E-17 ) ) ;
#7961 = LINE ( 'NONE', #7411, #5767 ) ;
#7962 = MECHANICAL_DESIGN_GEOMETRIC_PRESENTATION_REPRESENTATION (  '', ( #7229 ), #5626 ) ;
#7963 = CARTESIAN_POINT ( 'NONE',  ( 2.630256121069054487, 13.25999999999999979, 14.21641415111949591 ) ) ;
#7964 = DIRECTION ( 'NONE',  ( -0.000000000000000000, 1.000000000000000000, 0.000000000000000000 ) ) ;
#7965 = ORIENTED_EDGE ( 'NONE', *, *, #700, .T. ) ;
#7966 = CARTESIAN_POINT ( 'NONE',  ( 4.490128060534495091, 11.40012806053457695, 11.55168201073994361 ) ) ;
#7967 = ORIENTED_EDGE ( 'NONE', *, *, #641, .F. ) ;
#7968 = LINE ( 'NONE', #6012, #5926 ) ;
#7969 = EDGE_CURVE ( 'NONE', #5543, #4218, #7069, .T. ) ;
#7970 = VECTOR ( 'NONE', #8230, 1000.000000000000000 ) ;
#7971 = ADVANCED_FACE ( 'NONE', ( #6322 ), #7612, .T. ) ;
#7972 = COLOUR_RGB ( '',0.8509803921568627194, 0.8509803921568627194, 0.8509803921568627194 ) ;
#7973 = DIRECTION ( 'NONE',  ( -6.865433986901931108E-15, -0.000000000000000000, 1.000000000000000000 ) ) ;
#7974 = ORIENTED_EDGE ( 'NONE', *, *, #4089, .T. ) ;
#7975 = CARTESIAN_POINT ( 'NONE',  ( 6.349999999999939249, 6.910000000000001030, 8.716860582168530769 ) ) ;
#7976 = DIRECTION ( 'NONE',  ( -1.000000000000000000, 0.000000000000000000, -6.505213034913037648E-15 ) ) ;
#7977 = CARTESIAN_POINT ( 'NONE',  ( -4.000000000000115463, 6.910000000000000142, 16.50999999999997314 ) ) ;
#7978 = DIRECTION ( 'NONE',  ( -6.982962677686266711E-15, -0.000000000000000000, 1.000000000000000000 ) ) ;
#7979 = DIRECTION ( 'NONE',  ( 6.505213034913023449E-15, 0.000000000000000000, -1.000000000000000000 ) ) ;
#7980 = DIRECTION ( 'NONE',  ( -1.000000000000000000, 0.000000000000000000, -6.982962677686266711E-15 ) ) ;
#7981 = EDGE_CURVE ( 'NONE', #1286, #3372, #7219, .T. ) ;
#7982 = ORIENTED_EDGE ( 'NONE', *, *, #5832, .F. ) ;
#7983 =( NAMED_UNIT ( * ) PLANE_ANGLE_UNIT ( ) SI_UNIT ( $, .RADIAN. ) );
#7984 = ORIENTED_EDGE ( 'NONE', *, *, #2815, .T. ) ;
#7985 =( BOUNDED_CURVE ( )  B_SPLINE_CURVE ( 2, ( #2056, #7531, #1974, #2566, #1250, #4841, #6843, #7489, #614 ),
 .UNSPECIFIED., .F., .T. ) 
 B_SPLINE_CURVE_WITH_KNOTS ( ( 3, 2, 2, 2, 3 ),
 ( 0.04545454545454526846, 0.05681818181818165669, 0.06818181818181805187, 0.07954545454545444705, 0.09090909090909085610 ),
 .UNSPECIFIED. ) 
 CURVE ( )  GEOMETRIC_REPRESENTATION_ITEM ( )  RATIONAL_B_SPLINE_CURVE ( ( 1.000000000000001110, 0.9238795325112854062, 1.000000000000000000, 0.9238795325112867385, 1.000000000000000000, 0.9238795325112867385, 1.000000000000000000, 0.9238795325112870716, 0.9999999999999996669 ) ) 
 REPRESENTATION_ITEM ( '' )  );
#7986 = CARTESIAN_POINT ( 'NONE',  ( 2.339292497024900295E-14, 6.910000000000000142, -3.350000000000001421 ) ) ;
#7987 = CARTESIAN_POINT ( 'NONE',  ( 2.630256121069078468, 0.5600000000000022737, 11.26819986788279060 ) ) ;
#7988 = CARTESIAN_POINT ( 'NONE',  ( -4.142934761456495529, 2.767065238543608530, 15.01016415235823587 ) ) ;
#7989 = AXIS2_PLACEMENT_3D ( 'NONE', #620, #3476, #2826 ) ;
#7990 = ORIENTED_EDGE ( 'NONE', *, *, #1424, .F. ) ;
#7991 = CARTESIAN_POINT ( 'NONE',  ( -4.737981160060254382, 3.441815849115032577, 7.749999999999969802 ) ) ;
#7992 = ORIENTED_EDGE ( 'NONE', *, *, #4089, .F. ) ;
#7993 = CYLINDRICAL_SURFACE ( 'NONE', #2390, 4.000000000000000000 ) ;
#7994 = PLANE ( 'NONE',  #7790 ) ;
#7995 = EDGE_LOOP ( 'NONE', ( #1122, #529, #2883, #8738, #161 ) ) ;
#7996 = ORIENTED_EDGE ( 'NONE', *, *, #7255, .F. ) ;
#7997 = AXIS2_PLACEMENT_3D ( 'NONE', #809, #8404, #7045 ) ;
#7998 = DIRECTION ( 'NONE',  ( 6.982962677686266711E-15, 0.000000000000000000, -1.000000000000000000 ) ) ;
#7999 = CARTESIAN_POINT ( 'NONE',  ( 4.490128060534477328, 11.40012806053457695, 14.15971772254808059 ) ) ;
#8000 = CARTESIAN_POINT ( 'NONE',  ( -6.580000000000024052, 0.2000000000000000111, 3.299999999999954525 ) ) ;
#8001 = EDGE_CURVE ( 'NONE', #4756, #3065, #6493, .T. ) ;
#8002 = EDGE_CURVE ( 'NONE', #2243, #59, #4312, .T. ) ;
#8003 = CARTESIAN_POINT ( 'NONE',  ( -5.845690873524714042E-14, 12.76899452767857213, 8.319985580929696312 ) ) ;
#8004 = ADVANCED_FACE ( 'NONE', ( #2719 ), #8290, .T. ) ;
#8005 = ORIENTED_EDGE ( 'NONE', *, *, #2407, .F. ) ;
#8006 = LINE ( 'NONE', #2525, #5935 ) ;
#8007 = ORIENTED_EDGE ( 'NONE', *, *, #8866, .T. ) ;
#8008 = ORIENTED_EDGE ( 'NONE', *, *, #6779, .T. ) ;
#8009 = FACE_OUTER_BOUND ( 'NONE', #6467, .T. ) ;
#8010 = CARTESIAN_POINT ( 'NONE',  ( -5.096099796562570283, 10.69843857855397751, 16.22132486540515472 ) ) ;
#8011 = CARTESIAN_POINT ( 'NONE',  ( -1.063919685459581376E-13, 13.26000000000000156, 15.18025343683376249 ) ) ;
#8012 = CARTESIAN_POINT ( 'NONE',  ( 0.9738268046399775058, 2.209541964640201250, 23.91744003617710135 ) ) ;
#8013 = ORIENTED_EDGE ( 'NONE', *, *, #5181, .T. ) ;
#8014 = CARTESIAN_POINT ( 'NONE',  ( -2.630256121069258324, 0.5600000000000016076, 14.78337843931132234 ) ) ;
#8015 = CARTESIAN_POINT ( 'NONE',  ( -1.124491352104731897E-13, 1.051005472321429268, 16.25748558092969631 ) ) ;
#8016 = ORIENTED_EDGE ( 'NONE', *, *, #6155, .F. ) ;
#8017 = FACE_OUTER_BOUND ( 'NONE', #906, .T. ) ;
#8018 = DIRECTION ( 'NONE',  ( 0.000000000000000000, 1.000000000000000000, 0.000000000000000000 ) ) ;
#8019 = ADVANCED_FACE ( 'NONE', ( #1459 ), #3594, .T. ) ;
#8020 = EDGE_LOOP ( 'NONE', ( #1001, #970, #4823, #8444 ) ) ;
#8021 = EDGE_CURVE ( 'NONE', #5690, #4401, #1826, .T. ) ;
#8022 = CARTESIAN_POINT ( 'NONE',  ( 4.142934761456334769, 2.767065238543610306, 8.206592723786867438 ) ) ;
#8023 =( BOUNDED_CURVE ( )  B_SPLINE_CURVE ( 2, ( #4634, #2529, #995, #5322, #3177, #1812, #5190, #6005, #7323 ),
 .UNSPECIFIED., .F., .T. ) 
 B_SPLINE_CURVE_WITH_KNOTS ( ( 3, 2, 2, 2, 3 ),
 ( 0.7727272727272725961, 0.7840909090909089496, 0.7954545454545454142, 0.8068181818181817677, 0.8181818181818182323 ),
 .UNSPECIFIED. ) 
 CURVE ( )  GEOMETRIC_REPRESENTATION_ITEM ( )  RATIONAL_B_SPLINE_CURVE ( ( 1.000000000000000666, 0.9238795325112859613, 1.000000000000000000, 0.9238795325112867385, 1.000000000000000000, 0.9238795325112867385, 1.000000000000000000, 0.9238795325112867385, 1.000000000000000000 ) ) 
 REPRESENTATION_ITEM ( '' )  );
#8024 = DIRECTION ( 'NONE',  ( -1.000000000000000000, 0.000000000000000000, -7.102804783527084762E-15 ) ) ;
#8025 = DIRECTION ( 'NONE',  ( 6.982962677686266711E-15, 0.000000000000000000, -1.000000000000000000 ) ) ;
#8026 = CARTESIAN_POINT ( 'NONE',  ( 5.858994527678508923, 6.910000000000001030, 9.000342723786880939 ) ) ;
#8027 = LINE ( 'NONE', #4420, #6523 ) ;
#8028 = VECTOR ( 'NONE', #7507, 1000.000000000000000 ) ;
#8029 = CARTESIAN_POINT ( 'NONE',  ( 0.7595038909410800620, 12.85000000000000497, 11.88367381504830611 ) ) ;
#8030 = AXIS2_PLACEMENT_3D ( 'NONE', #6877, #8292, #4708 ) ;
#8031 = CARTESIAN_POINT ( 'NONE',  ( -2.630256121069229458, 13.25999999999999979, 10.81462843931132234 ) ) ;
#8032 = CARTESIAN_POINT ( 'NONE',  ( 4.142934761456288584, 11.05293476145639175, 14.55659272378686708 ) ) ;
#8033 = ORIENTED_EDGE ( 'NONE', *, *, #3433, .T. ) ;
#8034 = DIRECTION ( 'NONE',  ( -1.000000000000000000, 0.000000000000000000, -6.505213034913023449E-15 ) ) ;
#8035 = EDGE_LOOP ( 'NONE', ( #1064, #6974, #2964, #3757, #2121 ) ) ;
#8036 = CARTESIAN_POINT ( 'NONE',  ( 6.349999999999855760, 9.540256121069194961, 15.12355701073995817 ) ) ;
#8037 = CIRCLE ( 'NONE', #909, 0.2000000000000000944 ) ;
#8038 = LINE ( 'NONE', #442, #376 ) ;
#8039 = VERTEX_POINT ( 'NONE', #2320 ) ;
#8040 = ORIENTED_EDGE ( 'NONE', *, *, #6109, .T. ) ;
#8041 = CARTESIAN_POINT ( 'NONE',  ( 4.490128060534483545, 11.40012806053457695, 13.25257486540522223 ) ) ;
#8042 =( BOUNDED_CURVE ( )  B_SPLINE_CURVE ( 3, ( #4111, #1297, #2693, #4034 ),
 .UNSPECIFIED., .F., .F. ) 
 B_SPLINE_CURVE_WITH_KNOTS ( ( 4, 4 ),
 ( 1.570796326794894338, 3.141592653589790451 ),
 .UNSPECIFIED. ) 
 CURVE ( )  GEOMETRIC_REPRESENTATION_ITEM ( )  RATIONAL_B_SPLINE_CURVE ( ( 1.000000000000000000, 0.8047378541243650485, 0.8047378541243650485, 1.000000000000000000 ) ) 
 REPRESENTATION_ITEM ( '' )  );
#8043 = DIRECTION ( 'NONE',  ( -1.000000000000000000, 0.000000000000000000, -7.102804783527084762E-15 ) ) ;
#8044 = CARTESIAN_POINT ( 'NONE',  ( -5.858994527678683895, 9.336874995234211383, 15.97400343807250778 ) ) ;
#8045 = ORIENTED_EDGE ( 'NONE', *, *, #5295, .F. ) ;
#8046 = CARTESIAN_POINT ( 'NONE',  ( 3.579999999999977423, 0.6399999999999999023, 3.100000000000025402 ) ) ;
#8047 = ORIENTED_EDGE ( 'NONE', *, *, #5833, .F. ) ;
#8048 = CARTESIAN_POINT ( 'NONE',  ( 6.349999999999907274, 6.910000000000001030, 13.25257486788281547 ) ) ;
#8049 = CARTESIAN_POINT ( 'NONE',  ( -5.779999999999957616, 11.64999999999999858, -6.150000000000042100 ) ) ;
#8050 = AXIS2_PLACEMENT_3D ( 'NONE', #2478, #7561, #6194 ) ;
#8051 = CARTESIAN_POINT ( 'NONE',  ( -1.127265132607163893E-13, 13.26000000000000156, 16.08739629397662085 ) ) ;
#8052 = CARTESIAN_POINT ( 'NONE',  ( 5.916198516000043206, 9.216749903929391863, 7.749921190289779105 ) ) ;
#8053 = VERTEX_POINT ( 'NONE', #6693 ) ;
#8054 = EDGE_CURVE ( 'NONE', #438, #4057, #3915, .T. ) ;
#8055 = CARTESIAN_POINT ( 'NONE',  ( 6.349999999999869083, 9.540256121069177198, 15.01016415111952185 ) ) ;
#8056 = CARTESIAN_POINT ( 'NONE',  ( 4.142934761456290360, 2.767065238543610306, 14.55659272378686708 ) ) ;
#8057 = DIRECTION ( 'NONE',  ( -6.865433986901931108E-15, -0.000000000000000000, 1.000000000000000000 ) ) ;
#8058 = DIRECTION ( 'NONE',  ( 0.000000000000000000, -1.000000000000000000, 0.000000000000000000 ) ) ;
#8059 = ORIENTED_EDGE ( 'NONE', *, *, #3658, .F. ) ;
#8060 = DIRECTION ( 'NONE',  ( 1.000000000000000000, 0.000000000000000000, 6.982962677686266711E-15 ) ) ;
#8061 = AXIS2_PLACEMENT_3D ( 'NONE', #3975, #6753, #8213 ) ;
#8062 = DIRECTION ( 'NONE',  ( -7.228014483236693597E-15, 0.000000000000000000, 1.000000000000000000 ) ) ;
#8063 = CARTESIAN_POINT ( 'NONE',  ( -2.426874995234273857, 1.051005472321430156, 8.943646295215394559 ) ) ;
#8064 = EDGE_CURVE ( 'NONE', #8538, #1756, #7515, .T. ) ;
#8065 = AXIS2_PLACEMENT_3D ( 'NONE', #1391, #33, #6953 ) ;
#8066 = DIRECTION ( 'NONE',  ( 6.982962677686266711E-15, 0.000000000000000000, -1.000000000000000000 ) ) ;
#8067 = DIRECTION ( 'NONE',  ( -1.000000000000000000, 0.000000000000000000, -6.505213034913037648E-15 ) ) ;
#8068 = VECTOR ( 'NONE', #416, 1000.000000000000000 ) ;
#8069 = DIRECTION ( 'NONE',  ( 1.000000000000000000, 1.500625844270594406E-16, 6.982962677686266711E-15 ) ) ;
#8070 = VECTOR ( 'NONE', #8746, 1000.000000000000000 ) ;
#8071 = CARTESIAN_POINT ( 'NONE',  ( 2.426874995234146848, 12.76899452767857390, 9.170432009501141124 ) ) ;
#8072 = EDGE_CURVE ( 'NONE', #572, #6356, #1267, .T. ) ;
#8073 = DIRECTION ( 'NONE',  ( 4.937700262164522799E-15, 0.7071067811865489050, -0.7071067811865462405 ) ) ;
#8074 = DIRECTION ( 'NONE',  ( 0.000000000000000000, -1.000000000000000000, -0.000000000000000000 ) ) ;
#8075 = CIRCLE ( 'NONE', #8929, 0.1999999999999996503 ) ;
#8076 = FACE_OUTER_BOUND ( 'NONE', #2711, .T. ) ;
#8077 = CARTESIAN_POINT ( 'NONE',  ( -2.630256121069220576, 0.5600000000000013856, 9.340521296454179279 ) ) ;
#8078 = ORIENTED_EDGE ( 'NONE', *, *, #6239, .F. ) ;
#8079 = ORIENTED_EDGE ( 'NONE', *, *, #7311, .T. ) ;
#8080 = FACE_BOUND ( 'NONE', #934, .T. ) ;
#8081 =( GEOMETRIC_REPRESENTATION_CONTEXT ( 3 ) GLOBAL_UNCERTAINTY_ASSIGNED_CONTEXT ( ( #1744 ) ) GLOBAL_UNIT_ASSIGNED_CONTEXT ( ( #1685, #2413, #3141 ) ) REPRESENTATION_CONTEXT ( 'NONE', 'WORKASPACE' ) );
#8082 = DIRECTION ( 'NONE',  ( -1.000000000000000000, 0.000000000000000000, -6.982962677686266711E-15 ) ) ;
#8083 = ORIENTED_EDGE ( 'NONE', *, *, #1119, .T. ) ;
#8084 = VERTEX_POINT ( 'NONE', #8511 ) ;
#8085 = CARTESIAN_POINT ( 'NONE',  ( 6.349999999999908162, 9.540256121069157658, 13.19587843683380868 ) ) ;
#8086 = DIRECTION ( 'NONE',  ( 6.505213034913023449E-15, 0.000000000000000000, -1.000000000000000000 ) ) ;
#8087 = CARTESIAN_POINT ( 'NONE',  ( -5.858994527678669684, 9.336874995234211383, 14.15971772378679816 ) ) ;
#8088 = CARTESIAN_POINT ( 'NONE',  ( 1.501160829117892614, 12.84999999999998543, 10.45694952986394455 ) ) ;
#8089 = ORIENTED_EDGE ( 'NONE', *, *, #7954, .T. ) ;
#8090 = CARTESIAN_POINT ( 'NONE',  ( 3.198196906380310658E-14, 6.410000000000001030, -4.580000000000000959 ) ) ;
#8091 = LINE ( 'NONE', #8687, #4018 ) ;
#8092 = AXIS2_PLACEMENT_3D ( 'NONE', #5826, #7136, #3670 ) ;
#8093 = CARTESIAN_POINT ( 'NONE',  ( 6.349999999999908162, 6.910000000000001030, 13.13918200826237914 ) ) ;
#8094 = CARTESIAN_POINT ( 'NONE',  ( 0.1306950819102961903, 2.110000000000000320, 23.17999999999999616 ) ) ;
#8095 = ORIENTED_EDGE ( 'NONE', *, *, #2158, .T. ) ;
#8096 = CARTESIAN_POINT ( 'NONE',  ( 6.349999999999895728, 6.910000000000001030, 14.95346772254809409 ) ) ;
#8097 = CARTESIAN_POINT ( 'NONE',  ( 4.142934761456277037, 2.767065238543610306, 16.37087843807258025 ) ) ;
#8098 = AXIS2_PLACEMENT_3D ( 'NONE', #1215, #4844, #2017 ) ;
#8099 = ADVANCED_FACE ( 'NONE', ( #1913 ), #6342, .T. ) ;
#8100 = CARTESIAN_POINT ( 'NONE',  ( -4.124999999999954703, 1.740000000000000213, -6.350000000000028955 ) ) ;
#8101 = CARTESIAN_POINT ( 'NONE',  ( 5.858994527678459185, 4.483125004765792454, 16.20078915235830763 ) ) ;
#8102 = AXIS2_PLACEMENT_3D ( 'NONE', #3850, #3169, #4583 ) ;
#8103 = AXIS2_PLACEMENT_3D ( 'NONE', #6513, #8106, #3231 ) ;
#8104 = ORIENTED_EDGE ( 'NONE', *, *, #3533, .T. ) ;
#8105 = FACE_BOUND ( 'NONE', #3972, .T. ) ;
#8106 = DIRECTION ( 'NONE',  ( -6.982962677686266711E-15, 0.000000000000000000, 1.000000000000000000 ) ) ;
#8107 = CIRCLE ( 'NONE', #677, 0.2999999999999999334 ) ;
#8108 = CARTESIAN_POINT ( 'NONE',  ( 4.142934761456321446, 2.767065238543610306, 10.02087843807258238 ) ) ;
#8109 = B_SPLINE_CURVE_WITH_KNOTS ( 'NONE', 3,
 ( #685, #603, #2715, #1880, #3366, #7608 ),
 .UNSPECIFIED., .F., .F.,
 ( 4, 2, 4 ),
 ( 4.336808689942017736E-19, 0.002265709294126708965, 0.004531418588253417062 ),
 .UNSPECIFIED. ) ;
#8110 = CIRCLE ( 'NONE', #7081, 0.1999999999999996503 ) ;
#8111 = EDGE_CURVE ( 'NONE', #4231, #1200, #6461, .T. ) ;
#8112 = DIRECTION ( 'NONE',  ( -6.982962677686266711E-15, 0.000000000000000000, 1.000000000000000000 ) ) ;
#8113 = CARTESIAN_POINT ( 'NONE',  ( -0.9297337615767727881, 12.84999999999999964, 7.749999999999992895 ) ) ;
#8114 = EDGE_CURVE ( 'NONE', #5242, #6452, #2993, .T. ) ;
#8115 = EDGE_CURVE ( 'NONE', #1863, #8151, #7423, .T. ) ;
#8116 = CARTESIAN_POINT ( 'NONE',  ( -7.380000000000075389, 0.6400000000000000133, 7.749999999999949374 ) ) ;
#8117 = EDGE_CURVE ( 'NONE', #8869, #2616, #4646, .T. ) ;
#8118 = CIRCLE ( 'NONE', #7668, 0.1999999999999996503 ) ;
#8119 = CARTESIAN_POINT ( 'NONE',  ( -5.858994527678625275, 6.910000000000000142, 7.639628438072512573 ) ) ;
#8120 = UNCERTAINTY_MEASURE_WITH_UNIT (LENGTH_MEASURE( 1.000000000000000082E-05 ), #5574, 'distance_accuracy_value', 'NONE');
#8121 = CARTESIAN_POINT ( 'NONE',  ( 5.853263383677361098, 6.117350851060280981, 16.48513513516956053 ) ) ;
#8122 = PLANE ( 'NONE',  #2230 ) ;
#8123 = AXIS2_PLACEMENT_3D ( 'NONE', #8959, #4086, #3410 ) ;
#8124 = EDGE_CURVE ( 'NONE', #8800, #3897, #3440, .T. ) ;
#8125 = CARTESIAN_POINT ( 'NONE',  ( -4.142934761456468884, 11.05293476145639175, 11.15480700950109494 ) ) ;
#8126 = LINE ( 'NONE', #5393, #3287 ) ;
#8127 = CARTESIAN_POINT ( 'NONE',  ( 6.349999999999941913, 4.279743878930847956, 8.660164153597103009 ) ) ;
#8128 = ORIENTED_EDGE ( 'NONE', *, *, #2311, .T. ) ;
#8129 = DIRECTION ( 'NONE',  ( -1.000000000000000000, 0.000000000000000000, -6.982962677686266711E-15 ) ) ;
#8130 = EDGE_CURVE ( 'NONE', #6620, #8171, #7149, .T. ) ;
#8131 = DIRECTION ( 'NONE',  ( 1.000000000000000000, 0.000000000000000000, 6.982962677686266711E-15 ) ) ;
#8132 = ORIENTED_EDGE ( 'NONE', *, *, #1930, .T. ) ;
#8133 = EDGE_LOOP ( 'NONE', ( #302, #6201, #5282, #8768 ) ) ;
#8134 = CARTESIAN_POINT ( 'NONE',  ( 6.349999999999901057, 9.540256121069157658, 14.10302129397666704 ) ) ;
#8135 = DIRECTION ( 'NONE',  ( -0.000000000000000000, 1.000000000000000000, 0.000000000000000000 ) ) ;
#8136 = CARTESIAN_POINT ( 'NONE',  ( 4.142934761456309900, 2.767065238543610306, 11.83516415235829733 ) ) ;
#8137 = AXIS2_PLACEMENT_3D ( 'NONE', #1178, #5284, #3129 ) ;
#8138 = CARTESIAN_POINT ( 'NONE',  ( 6.879422804227080120E-14, 6.910000000000000142, -9.851725008082825141 ) ) ;
#8139 = ORIENTED_EDGE ( 'NONE', *, *, #5983, .F. ) ;
#8140 = VECTOR ( 'NONE', #1065, 1000.000000000000000 ) ;
#8141 = CARTESIAN_POINT ( 'NONE',  ( 0.000000000000000000, 12.84999999999999964, 0.000000000000000000 ) ) ;
#8142 = CARTESIAN_POINT ( 'NONE',  ( -1.249999999999997780, 6.910000000000000142, -0.3500000000000100808 ) ) ;
#8143 = CARTESIAN_POINT ( 'NONE',  ( 6.349999999999894840, 9.540256121069157658, 15.01016415111952540 ) ) ;
#8144 = DIRECTION ( 'NONE',  ( -1.000000000000000000, 0.000000000000000000, -7.102804783527084762E-15 ) ) ;
#8145 = ORIENTED_EDGE ( 'NONE', *, *, #7577, .T. ) ;
#8146 = CARTESIAN_POINT ( 'NONE',  ( -5.780000000000063309, 0.6400000000000000133, 6.299999999999959854 ) ) ;
#8147 = CYLINDRICAL_SURFACE ( 'NONE', #4760, 0.2000000000000000944 ) ;
#8148 = CARTESIAN_POINT ( 'NONE',  ( 2.426874995234119314, 1.051005472321430156, 13.59275343807256853 ) ) ;
#8149 = LINE ( 'NONE', #8739, #6331 ) ;
#8150 = CARTESIAN_POINT ( 'NONE',  ( 4.142934761456285031, 2.767065238543610306, 15.23694986664400908 ) ) ;
#8151 = VERTEX_POINT ( 'NONE', #2274 ) ;
#8152 = DIRECTION ( 'NONE',  ( 8.673617379884051249E-15, 0.000000000000000000, -1.000000000000000000 ) ) ;
#8153 = CARTESIAN_POINT ( 'NONE',  ( -8.345757871603271024E-14, 0.5600000000000006084, 12.11864629645419811 ) ) ;
#8154 = CARTESIAN_POINT ( 'NONE',  ( 6.780000000000038440, 2.000000000000000000, -5.449999999999955769 ) ) ;
#8155 = DIRECTION ( 'NONE',  ( -1.000000000000000000, 0.000000000000000000, -7.434529182757734548E-15 ) ) ;
#8156 = DIRECTION ( 'NONE',  ( -1.000000000000000000, 0.000000000000000000, -6.747905296117593928E-15 ) ) ;
#8157 = DIRECTION ( 'NONE',  ( 0.000000000000000000, 1.000000000000000000, 0.000000000000000000 ) ) ;
#8158 = DIRECTION ( 'NONE',  ( 0.000000000000000000, 0.000000000000000000, 1.000000000000000000 ) ) ;
#8159 = FACE_OUTER_BOUND ( 'NONE', #2875, .T. ) ;
#8160 = EDGE_CURVE ( 'NONE', #5646, #5965, #1965, .T. ) ;
#8161 = CARTESIAN_POINT ( 'NONE',  ( -6.092325202141330109, 5.535343998878768268, 16.28350433617846349 ) ) ;
#8162 = CARTESIAN_POINT ( 'NONE',  ( -1.619875395486823899E-13, 12.44500000000000028, 23.17999999999999972 ) ) ;
#8163 = CARTESIAN_POINT ( 'NONE',  ( 5.779999999999990479, 0.6400000000000000133, 4.925044421598571136E-14 ) ) ;
#8164 = EDGE_CURVE ( 'NONE', #1374, #2105, #4601, .T. ) ;
#8165 = ADVANCED_FACE ( 'NONE', ( #916 ), #3274, .F. ) ;
#8166 = VECTOR ( 'NONE', #3825, 1000.000000000000000 ) ;
#8167 = CARTESIAN_POINT ( 'NONE',  ( -9.012963230903841166E-14, 12.76899452767857213, 12.85569986664398101 ) ) ;
#8168 = DIRECTION ( 'NONE',  ( -1.000000000000000000, 0.000000000000000000, -6.938893903907226800E-15 ) ) ;
#8169 = EDGE_CURVE ( 'NONE', #6167, #4402, #7380, .T. ) ;
#8170 = CARTESIAN_POINT ( 'NONE',  ( -2.630256121069213915, 0.5600000000000013856, 8.433378439311322694 ) ) ;
#8171 = VERTEX_POINT ( 'NONE', #5795 ) ;
#8172 = CARTESIAN_POINT ( 'NONE',  ( 4.490128060534463117, 11.40012806053457695, 16.08739629645423008 ) ) ;
#8173 = DIRECTION ( 'NONE',  ( -1.000000000000000000, 0.000000000000000000, -7.228014483236696753E-15 ) ) ;
#8174 = ORIENTED_EDGE ( 'NONE', *, *, #7586, .F. ) ;
#8175 = VERTEX_POINT ( 'NONE', #2665 ) ;
#8176 = CARTESIAN_POINT ( 'NONE',  ( -8.738833440168336980E-14, 13.26000000000000156, 12.45882486540519274 ) ) ;
#8177 =( LENGTH_UNIT ( ) NAMED_UNIT ( * ) SI_UNIT ( .MILLI., .METRE. ) );
#8178 = ADVANCED_FACE ( 'NONE', ( #1269 ), #34, .T. ) ;
#8179 = CIRCLE ( 'NONE', #6276, 0.2999999999999999334 ) ;
#8180 = CARTESIAN_POINT ( 'NONE',  ( -5.858994527678657249, 4.483125004765785349, 12.45882486664393873 ) ) ;
#8181 = DIRECTION ( 'NONE',  ( -8.520838099651520869E-15, 0.000000000000000000, 1.000000000000000000 ) ) ;
#8182 = ORIENTED_EDGE ( 'NONE', *, *, #81, .F. ) ;
#8183 = FACE_OUTER_BOUND ( 'NONE', #2028, .T. ) ;
#8184 = FACE_OUTER_BOUND ( 'NONE', #4453, .T. ) ;
#8185 = CARTESIAN_POINT ( 'NONE',  ( 4.490128060534492427, 2.419871939465424227, 12.11864629397665283 ) ) ;
#8186 = CARTESIAN_POINT ( 'NONE',  ( -2.426874995234328036, 12.76899452767857390, 16.76775343807253194 ) ) ;
#8187 = EDGE_LOOP ( 'NONE', ( #5847, #5700, #5853, #7761 ) ) ;
#8188 = EDGE_CURVE ( 'NONE', #3858, #812, #6067, .T. ) ;
#8189 = DIRECTION ( 'NONE',  ( 8.673617379884030739E-15, 0.000000000000000000, -1.000000000000000000 ) ) ;
#8190 = CARTESIAN_POINT ( 'NONE',  ( -2.244749429223746873, 12.84999999999999076, 8.088550801062766027 ) ) ;
#8191 = CARTESIAN_POINT ( 'NONE',  ( -2.426874995234321819, 12.76899452767857390, 15.86061058092967713 ) ) ;
#8192 = SURFACE_STYLE_FILL_AREA ( #623 ) ;
#8193 = CARTESIAN_POINT ( 'NONE',  ( 2.426874995234121535, 12.76899452767857390, 12.79900343807257279 ) ) ;
#8194 = ORIENTED_EDGE ( 'NONE', *, *, #7040, .F. ) ;
#8195 = DIRECTION ( 'NONE',  ( -6.982962677686266711E-15, 0.000000000000000000, 1.000000000000000000 ) ) ;
#8196 = EDGE_CURVE ( 'NONE', #7600, #56, #6102, .T. ) ;
#8197 = FACE_OUTER_BOUND ( 'NONE', #5413, .T. ) ;
#8198 = DIRECTION ( 'NONE',  ( -6.505213034913023449E-15, 0.000000000000000000, 1.000000000000000000 ) ) ;
#8199 = SPHERICAL_SURFACE ( 'NONE', #8205, 0.2000000000000000111 ) ;
#8200 = ADVANCED_FACE ( 'NONE', ( #8197 ), #3729, .T. ) ;
#8201 = DIRECTION ( 'NONE',  ( 1.000000000000000000, 0.000000000000000000, 6.982962677686266711E-15 ) ) ;
#8202 = CARTESIAN_POINT ( 'NONE',  ( 5.884763858416824256, 6.514136122432578446, 16.48992907698495358 ) ) ;
#8203 = CARTESIAN_POINT ( 'NONE',  ( -2.244749429223755310, 12.84999999999999964, 12.62426508677705073 ) ) ;
#8204 = LINE ( 'NONE', #8163, #6868 ) ;
#8205 = AXIS2_PLACEMENT_3D ( 'NONE', #2081, #5466, #7648 ) ;
#8206 = CARTESIAN_POINT ( 'NONE',  ( 5.858994527678484943, 4.483125004765792454, 12.57221772378688129 ) ) ;
#8207 = CARTESIAN_POINT ( 'NONE',  ( 6.579999999999988525, 0.2000000000000000111, 1.800000000000046008 ) ) ;
#8208 = CARTESIAN_POINT ( 'NONE',  ( 5.858994527678463626, 6.910000000000001030, 15.35034272378688058 ) ) ;
#8209 = PRESENTATION_LAYER_ASSIGNMENT (  '', '', ( #3117 ) ) ;
#8210 = EDGE_CURVE ( 'NONE', #2035, #6489, #4839, .T. ) ;
#8211 = ORIENTED_EDGE ( 'NONE', *, *, #3378, .T. ) ;
#8212 = CARTESIAN_POINT ( 'NONE',  ( 2.244749429223557691, 12.84999999999999787, 16.03534893222520097 ) ) ;
#8213 = DIRECTION ( 'NONE',  ( -6.982962677686268288E-15, 0.000000000000000000, 1.000000000000000000 ) ) ;
#8214 = EDGE_LOOP ( 'NONE', ( #2332, #7484, #420, #6797 ) ) ;
#8215 = CIRCLE ( 'NONE', #5896, 0.2000000000000000944 ) ;
#8216 = LINE ( 'NONE', #6042, #4913 ) ;
#8217 = ORIENTED_EDGE ( 'NONE', *, *, #8486, .T. ) ;
#8218 = PRESENTATION_STYLE_ASSIGNMENT (( #5531 ) ) ;
#8219 = CARTESIAN_POINT ( 'NONE',  ( -1.292500907244204189, 1.037969534467956034, 7.749999999999992895 ) ) ;
#8220 = CARTESIAN_POINT ( 'NONE',  ( 2.630256121069067365, 13.25999999999999979, 12.40212843683378274 ) ) ;
#8221 = CARTESIAN_POINT ( 'NONE',  ( 4.142934761456286807, 11.05293476145639175, 14.78337843807258167 ) ) ;
#8222 = EDGE_LOOP ( 'NONE', ( #4554, #8990, #3883, #5612 ) ) ;
#8223 = DIRECTION ( 'NONE',  ( 1.000000000000000000, 0.000000000000000000, 8.520838099651524024E-15 ) ) ;
#8224 = SPHERICAL_SURFACE ( 'NONE', #4908, 0.2000000000000000111 ) ;
#8225 = CARTESIAN_POINT ( 'NONE',  ( -2.426874995234283627, 12.76899452767857390, 10.41775343807253584 ) ) ;
#8226 = CARTESIAN_POINT ( 'NONE',  ( 3.579999999999955218, 0.6399999999999999023, 6.300000000000025580 ) ) ;
#8227 = CARTESIAN_POINT ( 'NONE',  ( 5.858994527678483166, 9.336874995234211383, 12.68561058092973859 ) ) ;
#8228 = ORIENTED_EDGE ( 'NONE', *, *, #6817, .F. ) ;
#8229 = ORIENTED_EDGE ( 'NONE', *, *, #1005, .T. ) ;
#8230 = DIRECTION ( 'NONE',  ( 1.000000000000000000, 0.000000000000000000, 6.982962677686266711E-15 ) ) ;
#8231 = DIRECTION ( 'NONE',  ( 6.982962677686266711E-15, 0.000000000000000000, -1.000000000000000000 ) ) ;
#8232 = CARTESIAN_POINT ( 'NONE',  ( -2.426874995234283627, 12.76899452767857390, 10.41775343807253584 ) ) ;
#8233 = EDGE_CURVE ( 'NONE', #3940, #6561, #5782, .T. ) ;
#8234 = CARTESIAN_POINT ( 'NONE',  ( -5.080000000000007176, -3.730000000000000426, 0.6999999999999664269 ) ) ;
#8235 = CIRCLE ( 'NONE', #7376, 0.1999999999999998723 ) ;
#8236 = AXIS2_PLACEMENT_3D ( 'NONE', #698, #2234, #2868 ) ;
#8237 = CYLINDRICAL_SURFACE ( 'NONE', #5307, 0.1999999999999996503 ) ;
#8239 = CARTESIAN_POINT ( 'NONE',  ( 6.349999999999920597, 6.910000000000001030, 11.32489629397666775 ) ) ;
#8238 = VECTOR ( 'NONE', #1469, 1000.000000000000114 ) ;
#8240 = CARTESIAN_POINT ( 'NONE',  ( -5.858994527678676789, 4.483125004765786237, 15.18025343807251204 ) ) ;
#8241 = VECTOR ( 'NONE', #6016, 1000.000000000000000 ) ;
#8242 = CARTESIAN_POINT ( 'NONE',  ( 4.425773680354488704, 2.884658079466945413, 16.44111392345741862 ) ) ;
#8243 = FACE_OUTER_BOUND ( 'NONE', #4457, .T. ) ;
#8244 = DIRECTION ( 'NONE',  ( -6.982962677686266711E-15, -0.000000000000000000, 1.000000000000000000 ) ) ;
#8245 = VECTOR ( 'NONE', #6488, 1000.000000000000000 ) ;
#8246 = EDGE_CURVE ( 'NONE', #6002, #135, #2273, .T. ) ;
#8247 = AXIS2_PLACEMENT_3D ( 'NONE', #8777, #1137, #5194 ) ;
#8248 = CARTESIAN_POINT ( 'NONE',  ( -4.142934761456475989, 2.767065238543608530, 12.28873558092966611 ) ) ;
#8249 = FACE_OUTER_BOUND ( 'NONE', #2232, .T. ) ;
#8250 = CARTESIAN_POINT ( 'NONE',  ( 2.426874995234102439, 12.76899452767857390, 15.52043200950114077 ) ) ;
#8251 = EDGE_CURVE ( 'NONE', #5628, #6396, #8647, .T. ) ;
#8252 = CARTESIAN_POINT ( 'NONE',  ( 6.349999999999954348, 4.279743878930868384, 9.453914151119526821 ) ) ;
#8253 = VERTEX_POINT ( 'NONE', #8312 ) ;
#8254 = AXIS2_PLACEMENT_3D ( 'NONE', #1690, #8660, #6605 ) ;
#8255 = SURFACE_STYLE_USAGE ( .BOTH. , #5485 ) ;
#8256 = LINE ( 'NONE', #5445, #402 ) ;
#8257 = ORIENTED_EDGE ( 'NONE', *, *, #3133, .T. ) ;
#8258 = CARTESIAN_POINT ( 'NONE',  ( -2.630256121069260544, 13.25999999999999979, 15.35034272502560704 ) ) ;
#8259 = DIRECTION ( 'NONE',  ( 1.000000000000000000, 0.000000000000000000, 6.938893903907211812E-15 ) ) ;
#8260 = CARTESIAN_POINT ( 'NONE',  ( -6.350000000000088463, 4.279743878930841738, 12.74230700826229246 ) ) ;
#8261 = CARTESIAN_POINT ( 'NONE',  ( -4.142934761456490200, 11.05293476145639175, 14.10302129521538106 ) ) ;
#8262 = ORIENTED_EDGE ( 'NONE', *, *, #6825, .F. ) ;
#8263 = EDGE_CURVE ( 'NONE', #3669, #1709, #5348, .T. ) ;
#8264 = EDGE_CURVE ( 'NONE', #6489, #3128, #5515, .T. ) ;
#8265 = DIRECTION ( 'NONE',  ( -0.000000000000000000, -1.000000000000000000, -0.000000000000000000 ) ) ;
#8266 = CARTESIAN_POINT ( 'NONE',  ( -8.711095635144015754E-14, 1.051005472321429268, 12.62891415235826642 ) ) ;
#8267 = DIRECTION ( 'NONE',  ( -6.982962677686266711E-15, -0.000000000000000000, 1.000000000000000000 ) ) ;
#8268 = EDGE_CURVE ( 'NONE', #5690, #4855, #1858, .T. ) ;
#8269 = CARTESIAN_POINT ( 'NONE',  ( 2.426874995234126864, 1.051005472321430156, 12.45882486664399735 ) ) ;
#8270 = ORIENTED_EDGE ( 'NONE', *, *, #3405, .T. ) ;
#8271 = VERTEX_POINT ( 'NONE', #6902 ) ;
#8272 = CARTESIAN_POINT ( 'NONE',  ( 6.349999999999908162, 6.910000000000001030, 13.13918200826237914 ) ) ;
#8273 =( BOUNDED_CURVE ( )  B_SPLINE_CURVE ( 2, ( #6616, #1118, #3160, #8036, #8669 ),
 .UNSPECIFIED., .F., .F. ) 
 B_SPLINE_CURVE_WITH_KNOTS ( ( 3, 2, 3 ),
 ( 0.1188698988412108526, 0.1249999999999999167, 0.1363636363636361315 ),
 .UNSPECIFIED. ) 
 CURVE ( )  GEOMETRIC_REPRESENTATION_ITEM ( )  RATIONAL_B_SPLINE_CURVE ( ( 0.9621766860142484390, 0.9589368973955083586, 1.000000000000000000, 0.9238795325112881818, 0.9999999999999985567 ) ) 
 REPRESENTATION_ITEM ( '' )  );
#8274 = CARTESIAN_POINT ( 'NONE',  ( 6.630499543081842084, 0.8835152787371693961, 2.000000000000047962 ) ) ;
#8275 = CARTESIAN_POINT ( 'NONE',  ( -2.244749429223761972, 12.84999999999999964, 13.53140794391990553 ) ) ;
#8276 = EDGE_CURVE ( 'NONE', #8851, #256, #2698, .T. ) ;
#8277 = CARTESIAN_POINT ( 'NONE',  ( -5.858994527678651920, 6.910000000000000142, 11.49498558092965439 ) ) ;
#8278 = EDGE_CURVE ( 'NONE', #1374, #7088, #4753, .T. ) ;
#8279 = CARTESIAN_POINT ( 'NONE',  ( -1.890986293117441076E-13, 6.910000000000000142, 27.07999999999999829 ) ) ;
#8280 = ADVANCED_FACE ( 'NONE', ( #3529 ), #5096, .T. ) ;
#8281 = VERTEX_POINT ( 'NONE', #7866 ) ;
#8282 = CARTESIAN_POINT ( 'NONE',  ( 2.540000000000032898, -4.540000000000000924, -4.729999999999982663 ) ) ;
#8283 = ORIENTED_EDGE ( 'NONE', *, *, #567, .F. ) ;
#8284 = CARTESIAN_POINT ( 'NONE',  ( 4.142934761456280590, 11.05293476145639175, 15.69052129521543826 ) ) ;
#8285 = AXIS2_PLACEMENT_3D ( 'NONE', #1780, #3819, #7334 ) ;
#8286 = DIRECTION ( 'NONE',  ( 0.000000000000000000, 1.000000000000000000, 0.000000000000000000 ) ) ;
#8287 = DIRECTION ( 'NONE',  ( 6.982962677686266711E-15, 0.000000000000000000, -1.000000000000000000 ) ) ;
#8288 = FACE_OUTER_BOUND ( 'NONE', #5504, .T. ) ;
#8289 = CARTESIAN_POINT ( 'NONE',  ( 5.858994527678488495, 9.336874995234211383, 11.77846772378688023 ) ) ;
#8290 = PLANE ( 'NONE',  #246 ) ;
#8291 = CARTESIAN_POINT ( 'NONE',  ( -5.178485514224143270E-14, 0.5600000000000006084, 7.582932010739913409 ) ) ;
#8292 = DIRECTION ( 'NONE',  ( 6.982962677686266711E-15, -0.000000000000000000, -1.000000000000000000 ) ) ;
#8293 = CARTESIAN_POINT ( 'NONE',  ( -4.124999999999960920, 0.2000000000000000944, -5.450000000000032152 ) ) ;
#8294 = ORIENTED_EDGE ( 'NONE', *, *, #1534, .F. ) ;
#8295 = VECTOR ( 'NONE', #6058, 1000.000000000000000 ) ;
#8296 = PRESENTATION_STYLE_ASSIGNMENT (( #8255 ) ) ;
#8297 = CARTESIAN_POINT ( 'NONE',  ( -3.924999999999961631, -3.281253729992883894, -5.450000000000031264 ) ) ;
#8298 = ORIENTED_EDGE ( 'NONE', *, *, #5895, .T. ) ;
#8299 = DIRECTION ( 'NONE',  ( 1.000000000000000000, 0.000000000000000000, 6.938893903907228378E-15 ) ) ;
#8300 = CYLINDRICAL_SURFACE ( 'NONE', #2418, 1.250000000000000222 ) ;
#8301 = CARTESIAN_POINT ( 'NONE',  ( -6.350000000000082245, 6.910000000000000142, 11.77846772254800456 ) ) ;
#8302 = CARTESIAN_POINT ( 'NONE',  ( 4.142934761456274373, 11.05293476145639175, 16.59766415235829484 ) ) ;
#8303 = ORIENTED_EDGE ( 'NONE', *, *, #6617, .F. ) ;
#8304 = CARTESIAN_POINT ( 'NONE',  ( -5.779999999999956728, 11.34999999999999964, -6.150000000000042100 ) ) ;
#8305 = DIRECTION ( 'NONE',  ( 2.620428211445327472E-16, -1.000000000000000000, 1.829835240007889767E-30 ) ) ;
#8306 = CARTESIAN_POINT ( 'NONE',  ( -5.858994527678644815, 6.910000000000000142, 10.58784272378679781 ) ) ;
#8307 = VECTOR ( 'NONE', #57, 1000.000000000000000 ) ;
#8308 = CARTESIAN_POINT ( 'NONE',  ( 6.579999999999958327, 0.000000000000000000, 6.100000000000046718 ) ) ;
#8309 = CARTESIAN_POINT ( 'NONE',  ( 5.858994527678476949, 6.910000000000001030, 13.53605700950116564 ) ) ;
#8310 = VERTEX_POINT ( 'NONE', #6492 ) ;
#8311 = CARTESIAN_POINT ( 'NONE',  ( 6.080000000000024052, 11.34999999999999964, -3.349999999999958789 ) ) ;
#8312 = CARTESIAN_POINT ( 'NONE',  ( 3.579999999999955218, 0.2000000000000000944, 6.300000000000025580 ) ) ;
#8313 = EDGE_CURVE ( 'NONE', #84, #5009, #2123, .T. ) ;
#8314 = CARTESIAN_POINT ( 'NONE',  ( 5.858994527678475173, 9.336874995234211383, 13.81953915235830976 ) ) ;
#8315 = EDGE_LOOP ( 'NONE', ( #4481, #6517, #7916 ) ) ;
#8316 = AXIS2_PLACEMENT_3D ( 'NONE', #8523, #2471, #5947 ) ;
#8317 = VERTEX_POINT ( 'NONE', #126 ) ;
#8318 = CARTESIAN_POINT ( 'NONE',  ( 6.349999999999914380, 6.910000000000001030, 12.23203915111952256 ) ) ;
#8319 =( BOUNDED_CURVE ( )  B_SPLINE_CURVE ( 2, ( #3812, #6010, #6590, #8055, #8096 ),
 .UNSPECIFIED., .F., .T. ) 
 B_SPLINE_CURVE_WITH_KNOTS ( ( 3, 2, 3 ),
 ( 0.2097789897503017642, 0.2159090909090908561, 0.2272727272727271264 ),
 .UNSPECIFIED. ) 
 CURVE ( )  GEOMETRIC_REPRESENTATION_ITEM ( )  RATIONAL_B_SPLINE_CURVE ( ( 0.9621766860142484390, 0.9589368973955082476, 1.000000000000000000, 0.9238795325112876267, 0.9999999999999991118 ) ) 
 REPRESENTATION_ITEM ( '' )  );
#8320 = FACE_OUTER_BOUND ( 'NONE', #2186, .T. ) ;
#8321 = ORIENTED_EDGE ( 'NONE', *, *, #8608, .T. ) ;
#8322 = CARTESIAN_POINT ( 'NONE',  ( 3.202483170177326136E-14, 6.410000000000001030, -4.580000000000000959 ) ) ;
#8323 = ORIENTED_EDGE ( 'NONE', *, *, #7486, .T. ) ;
#8324 = EDGE_CURVE ( 'NONE', #3673, #7529, #3276, .T. ) ;
#8325 = CARTESIAN_POINT ( 'NONE',  ( -1.107169026320027518E-13, 12.76899452767857213, 15.80391415235826713 ) ) ;
#8326 = AXIS2_PLACEMENT_3D ( 'NONE', #564, #2387, #3327 ) ;
#8327 = FACE_BOUND ( 'NONE', #223, .T. ) ;
#8328 = CARTESIAN_POINT ( 'NONE',  ( 6.580000000000039151, 2.000000000000000000, -5.449999999999957545 ) ) ;
#8329 = CARTESIAN_POINT ( 'NONE',  ( 1.668055704175646525, 12.80196133211676290, 7.750000000000007994 ) ) ;
#8330 = CARTESIAN_POINT ( 'NONE',  ( -8.077641163668189319E-14, 1.051005472321429268, 11.72177129521540984 ) ) ;
#8331 = CARTESIAN_POINT ( 'NONE',  ( 5.858994527678515141, 6.910000000000001030, 8.093199866644022578 ) ) ;
#8332 = CARTESIAN_POINT ( 'NONE',  ( 6.780000000000038440, 0.9910004003203223277, -5.449999999999953992 ) ) ;
#8333 = VECTOR ( 'NONE', #4056, 1000.000000000000000 ) ;
#8334 = EDGE_CURVE ( 'NONE', #5912, #135, #413, .T. ) ;
#8335 = CARTESIAN_POINT ( 'NONE',  ( -6.350000000000050271, 4.279743878930841738, 7.412842725025583057 ) ) ;
#8336 = EDGE_LOOP ( 'NONE', ( #3652, #7306 ) ) ;
#8337 = VERTEX_POINT ( 'NONE', #7178 ) ;
#8338 = CARTESIAN_POINT ( 'NONE',  ( 4.125000000000036415, 0.2000000000000000944, -5.449999999999974420 ) ) ;
#8339 = LINE ( 'NONE', #1204, #2940 ) ;
#8340 = ORIENTED_EDGE ( 'NONE', *, *, #2855, .F. ) ;
#8341 = VECTOR ( 'NONE', #7960, 1000.000000000000000 ) ;
#8342 = EDGE_CURVE ( 'NONE', #483, #4097, #946, .T. ) ;
#8343 = PLANE ( 'NONE',  #2944 ) ;
#8344 = CARTESIAN_POINT ( 'NONE',  ( 2.540000000000035563, 6.409999999999999254, -5.079999999999984084 ) ) ;
#8345 = ORIENTED_EDGE ( 'NONE', *, *, #832, .T. ) ;
#8346 = CARTESIAN_POINT ( 'NONE',  ( 1.431454368545972411, 0.9558462286762717808, 7.750000000000012434 ) ) ;
#8347 = CARTESIAN_POINT ( 'NONE',  ( 2.630256121069079356, 0.5600000000000022737, 11.15480700826235250 ) ) ;
#8348 = CARTESIAN_POINT ( 'NONE',  ( 5.858994527678464515, 4.483125004765792454, 15.52043200950116564 ) ) ;
#8349 = EDGE_LOOP ( 'NONE', ( #6324, #6592, #2951 ) ) ;
#8350 = CARTESIAN_POINT ( 'NONE',  ( 5.079999999999992077, -3.430000000000002380, 1.000000000000035305 ) ) ;
#8351 = DIRECTION ( 'NONE',  ( -1.000000000000000000, 0.000000000000000000, -7.434529182757734548E-15 ) ) ;
#8352 = CARTESIAN_POINT ( 'NONE',  ( 5.858994527678500042, 6.910000000000001030, 10.13427129521545211 ) ) ;
#8353 = DIRECTION ( 'NONE',  ( 6.982962677686266711E-15, 0.000000000000000000, -1.000000000000000000 ) ) ;
#8354 = CARTESIAN_POINT ( 'NONE',  ( 5.858994527678501818, 9.336874995234211383, 9.964182009501165282 ) ) ;
#8355 = CARTESIAN_POINT ( 'NONE',  ( 6.579999999999956550, 0.000000000000000000, 6.300000000000046008 ) ) ;
#8356 = CARTESIAN_POINT ( 'NONE',  ( 3.579999999999984972, 2.000000000000000000, 2.000000000000025313 ) ) ;
#8357 = DIRECTION ( 'NONE',  ( 8.673617379884030739E-15, 0.000000000000000000, -1.000000000000000000 ) ) ;
#8358 = CARTESIAN_POINT ( 'NONE',  ( -5.858994527678644815, 4.483125004765785349, 10.64453915235822734 ) ) ;
#8359 = ADVANCED_FACE ( 'NONE', ( #3712 ), #549, .T. ) ;
#8360 = DIRECTION ( 'NONE',  ( 6.982962677686266711E-15, 0.000000000000000000, -1.000000000000000000 ) ) ;
#8361 = CARTESIAN_POINT ( 'NONE',  ( -3.924999999999961631, 0.2000000000000000944, -5.450000000000031264 ) ) ;
#8362 = ORIENTED_EDGE ( 'NONE', *, *, #1380, .F. ) ;
#8363 = CARTESIAN_POINT ( 'NONE',  ( -2.630256121069233011, 0.5600000000000016076, 11.04141415111945967 ) ) ;
#8364 = EDGE_LOOP ( 'NONE', ( #6638, #8283, #3976, #7919 ) ) ;
#8365 = CARTESIAN_POINT ( 'NONE',  ( 4.142934761456296577, 2.767065238543610306, 13.64944986664401050 ) ) ;
#8366 = CIRCLE ( 'NONE', #538, 0.1999999999999996503 ) ;
#8367 = DIRECTION ( 'NONE',  ( -1.000000000000000000, 0.000000000000000000, -7.102804783527084762E-15 ) ) ;
#8368 = CIRCLE ( 'NONE', #6197, 1.250000000000000222 ) ;
#8369 = DIRECTION ( 'NONE',  ( 6.982962677686266711E-15, 0.000000000000000000, -1.000000000000000000 ) ) ;
#8370 = FACE_OUTER_BOUND ( 'NONE', #487, .T. ) ;
#8371 = EDGE_CURVE ( 'NONE', #1720, #4538, #2842, .T. ) ;
#8372 = AXIS2_PLACEMENT_3D ( 'NONE', #1458, #2226, #689 ) ;
#8373 = CARTESIAN_POINT ( 'NONE',  ( 3.925000000000037126, 0.8400000000000000799, -5.449999999999975309 ) ) ;
#8374 = EDGE_CURVE ( 'NONE', #6581, #2709, #3153, .T. ) ;
#8375 = CARTESIAN_POINT ( 'NONE',  ( -9.171326848772797143E-14, 12.76899452767857213, 13.08248558092969382 ) ) ;
#8376 = STYLED_ITEM ( 'NONE', ( #4713 ), #4534 ) ;
#8377 = CARTESIAN_POINT ( 'NONE',  ( -5.385459659895931391E-14, 1.051005472321429268, 7.866414152358267131 ) ) ;
#8378 = DIRECTION ( 'NONE',  ( -8.673617379884051249E-15, 0.000000000000000000, 1.000000000000000000 ) ) ;
#8379 = CARTESIAN_POINT ( 'NONE',  ( -5.858994527678681230, 9.336874995234211383, 15.74721772378679496 ) ) ;
#8380 = VERTEX_POINT ( 'NONE', #1857 ) ;
#8381 = ORIENTED_EDGE ( 'NONE', *, *, #6378, .F. ) ;
#8382 = CARTESIAN_POINT ( 'NONE',  ( -1.000062242344201602, 11.60466457965872600, 24.31155102669003654 ) ) ;
#8383 = ORIENTED_EDGE ( 'NONE', *, *, #119, .T. ) ;
#8384 = AXIS2_PLACEMENT_3D ( 'NONE', #3025, #3896, #3852 ) ;
#8385 = VECTOR ( 'NONE', #544, 1000.000000000000000 ) ;
#8386 = ADVANCED_FACE ( 'NONE', ( #5962 ), #3855, .F. ) ;
#8387 = ORIENTED_EDGE ( 'NONE', *, *, #8659, .F. ) ;
#8388 = CARTESIAN_POINT ( 'NONE',  ( 6.280000000000044658, 12.94999999999999929, -6.349999999999958789 ) ) ;
#8389 = CARTESIAN_POINT ( 'NONE',  ( -6.580000000000024052, 0.2000000000000000111, 3.299999999999954525 ) ) ;
#8390 = DIRECTION ( 'NONE',  ( -1.000000000000000000, 0.000000000000000000, -6.982962677686266711E-15 ) ) ;
#8391 = CARTESIAN_POINT ( 'NONE',  ( -5.571561082789208595E-14, 13.26000000000000156, 7.923110579690907151 ) ) ;
#8392 = CARTESIAN_POINT ( 'NONE',  ( -0.9735147416976976942, 2.209483350086367981, 24.44310495121022697 ) ) ;
#8393 = ORIENTED_EDGE ( 'NONE', *, *, #3383, .T. ) ;
#8394 = CARTESIAN_POINT ( 'NONE',  ( -4.007842712474580793, 0.6399999999999997913, -5.650000000000031442 ) ) ;
#8395 = DIRECTION ( 'NONE',  ( 1.000000000000000000, 0.000000000000000000, 6.982962677686266711E-15 ) ) ;
#8396 = CARTESIAN_POINT ( 'NONE',  ( 5.858994527678487607, 6.910000000000001030, 11.94855700950116528 ) ) ;
#8397 = CARTESIAN_POINT ( 'NONE',  ( -7.919277545799234604E-14, 1.051005472321429268, 11.49498558092969525 ) ) ;
#8398 = DIRECTION ( 'NONE',  ( -1.000000000000000000, 0.000000000000000000, -7.228014483236696753E-15 ) ) ;
#8399 =( BOUNDED_CURVE ( )  B_SPLINE_CURVE ( 2, ( #8571, #7897, #3201, #6520, #3788, #1651, #4523, #6666, #1797, #6567, #2377, #7207, #250, #974, #6611, #3013, #3744, #8666, #347, #3104, #3061, #1700, #5899, #5802, #1114, #7940, #2425, #7305, #7988, #300, #4573, #7354, #7260, #3882, #1071, #5850, #8032, #8615, #5946, #5219, #8711, #2469, #4478, #8963, #5351, #3413, #2678, #1282, #1367, #1319, #4051, #4831, #4703, #6834, #7611, #3286, #7564, #6872, #3368, #5473, #4745, #7434, #643, #2636, #4093, #5435, #8167, #7476, #8844, #5392, #1966, #8206, #2718, #2008, #1927, #4014, #8248, #3242, #4788, #6196, #1240, #6704, #6745, #5521, #480, #8289, #568, #2046, #8918, #6793, #7522, #3329, #6026, #8795, #6119, #2552, #8125, #1883, #8880, #606, #3969, #6157, #4661, #1197, #523, #6073, #2599, #6370, #2764, #5607, #7801, #4879, #7055, #2095, #4138, #6970, #7659, #870, #1550, #6240, #4323, #6413, #1416, #7104, #4185, #6321, #52, #2945, #98, #8510, #3636, #5655, #7, #8464, #144, #7007, #2859, #8417, #2179, #731, #821, #3505, #4974, #2899, #3547, #5070, #5562, #5020, #6284, #189, #8331, #2806, #5744, #2272, #8377, #7840, #7753, #4277, #5697 ),
 .UNSPECIFIED., .F., .T. ) 
 B_SPLINE_CURVE_WITH_KNOTS ( ( 3, 2, 2, 2, 2, 2, 2, 2, 2, 2, 2, 2, 2, 2, 2, 2, 2, 2, 2, 2, 2, 2, 2, 2, 2, 2, 2, 2, 2, 2, 2, 2, 2, 2, 2, 2, 2, 2, 2, 2, 2, 2, 2, 2, 2, 2, 2, 2, 2, 2, 2, 2, 2, 2, 2, 2, 2, 2, 2, 2, 2, 2, 2, 2, 2, 2, 2, 2, 2, 2, 2, 2, 2, 2, 2, 2, 2, 2, 2, 3 ),
 ( 0.02058488962714411646, 0.02272727272727272790, 0.03409090909090908839, 0.04545454545454545581, 0.05681818181818181629, 0.06818181818181817677, 0.07954545454545454419, 0.09090909090909091161, 0.1022727272727272652, 0.1136363636363636187, 0.1250000000000000278, 0.1363636363636363535, 0.1477272727272727348, 0.1590909090909090884, 0.1704545454545454419, 0.1818181818181818232, 0.1931818181818181768, 0.2045454545454545581, 0.2159090909090909116, 0.2272727272727272652, 0.2386363636363636465, 0.2500000000000000000, 0.2613636363636363535, 0.2727272727272727071, 0.2840909090909091161, 0.2954545454545454697, 0.3068181818181818232, 0.3181818181818181768, 0.3295454545454545303, 0.3409090909090908839, 0.3522727272727272374, 0.3636363636363636465, 0.3750000000000000000, 0.3863636363636363535, 0.3977272727272727071, 0.4090909090909091717, 0.4204545454545454697, 0.4318181818181818232, 0.4431818181818181768, 0.4545454545454545303, 0.4659090909090908839, 0.4772727272727272374, 0.4886363636363636465, 0.5000000000000000000, 0.5113636363636363535, 0.5227272727272727071, 0.5340909090909090606, 0.5454545454545454142, 0.5568181818181817677, 0.5681818181818182323, 0.5795454545454545858, 0.5909090909090909394, 0.6022727272727272929, 0.6136363636363636465, 0.6250000000000000000, 0.6363636363636363535, 0.6477272727272727071, 0.6590909090909090606, 0.6704545454545454142, 0.6818181818181817677, 0.6931818181818182323, 0.7045454545454545858, 0.7159090909090909394, 0.7272727272727272929, 0.7386363636363636465, 0.7500000000000000000, 0.7613636363636362425, 0.7727272727272727071, 0.7840909090909090606, 0.7954545454545454142, 0.8068181818181817677, 0.8181818181818181213, 0.8295454545454545858, 0.8409090909090909394, 0.8522727272727272929, 0.8636363636363636465, 0.8750000000000000000, 0.8863636363636363535, 0.8977272727272727071, 0.8980528406341558023 ),
 .UNSPECIFIED. ) 
 CURVE ( )  GEOMETRIC_REPRESENTATION_ITEM ( )  RATIONAL_B_SPLINE_CURVE ( ( 0.9767092287086652780, 0.9856490301252895936, 1.000000000000000000, 0.9238795325112867385, 1.000000000000000000, 0.9238795325112867385, 1.000000000000000000, 0.9238795325112867385, 1.000000000000000000, 0.9238795325112867385, 1.000000000000000000, 0.9238795325112867385, 1.000000000000000000, 0.9238795325112867385, 1.000000000000000000, 0.9238795325112867385, 1.000000000000000000, 0.9238795325112867385, 1.000000000000000000, 0.9238795325112867385, 1.000000000000000000, 0.9238795325112867385, 1.000000000000000000, 0.9238795325112867385, 1.000000000000000000, 0.9238795325112867385, 1.000000000000000000, 0.9238795325112867385, 1.000000000000000000, 0.9238795325112867385, 1.000000000000000000, 0.9238795325112867385, 1.000000000000000000, 0.9238795325112867385, 1.000000000000000000, 0.9238795325112867385, 1.000000000000000000, 0.9238795325112867385, 1.000000000000000000, 0.9238795325112867385, 1.000000000000000000, 0.9238795325112867385, 1.000000000000000000, 0.9238795325112867385, 1.000000000000000000, 0.9238795325112867385, 1.000000000000000000, 0.9238795325112867385, 1.000000000000000000, 0.9238795325112867385, 1.000000000000000000, 0.9238795325112867385, 1.000000000000000000, 0.9238795325112867385, 1.000000000000000000, 0.9238795325112867385, 1.000000000000000000, 0.9238795325112867385, 1.000000000000000000, 0.9238795325112867385, 1.000000000000000000, 0.9238795325112867385, 1.000000000000000000, 0.9238795325112867385, 1.000000000000000000, 0.9238795325112867385, 1.000000000000000000, 0.9238795325112867385, 1.000000000000000000, 0.9238795325112867385, 1.000000000000000000, 0.9238795325112867385, 1.000000000000000000, 0.9238795325112867385, 1.000000000000000000, 0.9238795325112867385, 1.000000000000000000, 0.9238795325112867385, 1.000000000000000000, 0.9238795325112867385, 1.000000000000000000, 0.9238795325112867385, 1.000000000000000000, 0.9238795325112867385, 1.000000000000000000, 0.9238795325112867385, 1.000000000000000000, 0.9238795325112867385, 1.000000000000000000, 0.9238795325112867385, 1.000000000000000000, 0.9238795325112867385, 1.000000000000000000, 0.9238795325112867385, 1.000000000000000000, 0.9238795325112867385, 1.000000000000000000, 0.9238795325112867385, 1.000000000000000000, 0.9238795325112867385, 1.000000000000000000, 0.9238795325112867385, 1.000000000000000000, 0.9238795325112867385, 1.000000000000000000, 0.9238795325112867385, 1.000000000000000000, 0.9238795325112867385, 1.000000000000000000, 0.9238795325112867385, 1.000000000000000000, 0.9238795325112867385, 1.000000000000000000, 0.9238795325112867385, 1.000000000000000000, 0.9238795325112867385, 1.000000000000000000, 0.9238795325112867385, 1.000000000000000000, 0.9238795325112867385, 1.000000000000000000, 0.9238795325112867385, 1.000000000000000000, 0.9238795325112867385, 1.000000000000000000, 0.9238795325112867385, 1.000000000000000000, 0.9238795325112867385, 1.000000000000000000, 0.9238795325112867385, 1.000000000000000000, 0.9238795325112867385, 1.000000000000000000, 0.9238795325112867385, 1.000000000000000000, 0.9238795325112867385, 1.000000000000000000, 0.9238795325112867385, 1.000000000000000000, 0.9238795325112867385, 1.000000000000000000, 0.9238795325112867385, 1.000000000000000000, 0.9238795325112867385, 1.000000000000000000, 0.9238795325112867385, 1.000000000000000000, 0.9238795325112867385, 1.000000000000000000, 0.9238795325112867385, 1.000000000000000000, 0.9238795325112867385, 1.000000000000000000, 0.9238795325112867385, 1.000000000000000000, 0.9238795325112867385, 1.000000000000000000, 0.9978191504481296326, 0.9957632634700531726 ) ) 
 REPRESENTATION_ITEM ( '' )  );
#8400 = CARTESIAN_POINT ( 'NONE',  ( 2.244749429223609205, 12.84999999999999076, 11.49963464651091094 ) ) ;
#8401 = DIRECTION ( 'NONE',  ( 0.000000000000000000, 1.000000000000000000, 0.000000000000000000 ) ) ;
#8402 = CARTESIAN_POINT ( 'NONE',  ( -5.858994527678658137, 6.910000000000000142, 12.40212843807251097 ) ) ;
#8403 = DIRECTION ( 'NONE',  ( -1.000000000000000000, 0.000000000000000000, -6.982962677686266711E-15 ) ) ;
#8404 = DIRECTION ( 'NONE',  ( 6.982962677686266711E-15, 0.000000000000000000, -1.000000000000000000 ) ) ;
#8405 = ORIENTED_EDGE ( 'NONE', *, *, #8251, .T. ) ;
#8406 = CARTESIAN_POINT ( 'NONE',  ( 3.580000000000022276, 0.6400000000000000133, -3.349999999999976108 ) ) ;
#8407 = VERTEX_POINT ( 'NONE', #5867 ) ;
#8408 = AXIS2_PLACEMENT_3D ( 'NONE', #1611, #2336, #307 ) ;
#8409 = AXIS2_PLACEMENT_3D ( 'NONE', #7845, #7109, #737 ) ;
#8410 = CARTESIAN_POINT ( 'NONE',  ( -4.142934761456470660, 11.05293476145639175, 11.38159272378680953 ) ) ;
#8411 = DIRECTION ( 'NONE',  ( -5.782411586589125319E-15, 0.000000000000000000, 1.000000000000000000 ) ) ;
#8412 = LINE ( 'NONE', #1494, #6292 ) ;
#8413 = DIRECTION ( 'NONE',  ( -6.505213034913023449E-15, 0.000000000000000000, 1.000000000000000000 ) ) ;
#8414 = DIRECTION ( 'NONE',  ( 8.673617379884051249E-15, 0.000000000000000000, -1.000000000000000000 ) ) ;
#8415 = CARTESIAN_POINT ( 'NONE',  ( -6.637508962869495192E-14, 12.76899452767857213, 9.453914152358267486 ) ) ;
#8416 = VECTOR ( 'NONE', #8058, 1000.000000000000000 ) ;
#8417 = CARTESIAN_POINT ( 'NONE',  ( 2.426874995234151733, 1.051005472321430156, 8.830253438072571015 ) ) ;
#8418 = DIRECTION ( 'NONE',  ( 0.000000000000000000, 1.000000000000000000, 0.000000000000000000 ) ) ;
#8419 = CARTESIAN_POINT ( 'NONE',  ( -4.142934761456475101, 11.05293476145639175, 12.06194986664395152 ) ) ;
#8420 = ORIENTED_EDGE ( 'NONE', *, *, #4095, .F. ) ;
#8421 = EDGE_CURVE ( 'NONE', #1490, #2037, #4149, .T. ) ;
#8422 = ORIENTED_EDGE ( 'NONE', *, *, #3540, .T. ) ;
#8423 = CARTESIAN_POINT ( 'NONE',  ( 3.379999999999986127, 2.000000000000000000, 1.800000000000023581 ) ) ;
#8424 = CARTESIAN_POINT ( 'NONE',  ( -5.779999999999974492, 1.940000000000000391, -3.550000000000042011 ) ) ;
#8425 = ORIENTED_EDGE ( 'NONE', *, *, #1696, .F. ) ;
#8426 = EDGE_CURVE ( 'NONE', #6630, #6205, #7961, .T. ) ;
#8427 = EDGE_CURVE ( 'NONE', #7366, #4401, #1667, .T. ) ;
#8428 = SURFACE_STYLE_USAGE ( .BOTH. , #2908 ) ;
#8429 = ORIENTED_EDGE ( 'NONE', *, *, #4017, .F. ) ;
#8430 = EDGE_CURVE ( 'NONE', #4669, #8729, #2838, .T. ) ;
#8431 = CARTESIAN_POINT ( 'NONE',  ( -2.630256121069239228, 0.5600000000000013856, 12.06194986788275081 ) ) ;
#8432 = DIRECTION ( 'NONE',  ( -0.000000000000000000, -1.000000000000000000, 0.000000000000000000 ) ) ;
#8433 = LINE ( 'NONE', #8154, #1633 ) ;
#8434 = VERTEX_POINT ( 'NONE', #6537 ) ;
#8435 = DIRECTION ( 'NONE',  ( -6.982962677686266711E-15, 0.000000000000000000, 1.000000000000000000 ) ) ;
#8436 = CARTESIAN_POINT ( 'NONE',  ( 5.849999999999884182, 6.910000000000001030, 16.51000000000004064 ) ) ;
#8437 = ORIENTED_EDGE ( 'NONE', *, *, #772, .T. ) ;
#8438 = ORIENTED_EDGE ( 'NONE', *, *, #3540, .F. ) ;
#8439 = DIRECTION ( 'NONE',  ( -6.982962677686266711E-15, 0.000000000000000000, 1.000000000000000000 ) ) ;
#8440 = DIRECTION ( 'NONE',  ( 0.000000000000000000, 1.000000000000000000, 0.000000000000000000 ) ) ;
#8441 = CARTESIAN_POINT ( 'NONE',  ( -2.426874995234280963, 1.051005472321430156, 9.850789152358249368 ) ) ;
#8442 = CARTESIAN_POINT ( 'NONE',  ( 2.426874995234140187, 12.76899452767857390, 10.07757486664399948 ) ) ;
#8443 = LINE ( 'NONE', #4907, #8536 ) ;
#8444 = ORIENTED_EDGE ( 'NONE', *, *, #2210, .F. ) ;
#8445 = DIRECTION ( 'NONE',  ( -1.000000000000000000, 0.000000000000000000, -7.102804783527084762E-15 ) ) ;
#8446 = CARTESIAN_POINT ( 'NONE',  ( 0.8736764559632677063, 11.63009292055917498, 24.68363143066027732 ) ) ;
#8447 = ADVANCED_FACE ( 'NONE', ( #412 ), #5916, .T. ) ;
#8448 = CARTESIAN_POINT ( 'NONE',  ( -2.426874995234268084, 1.051005472321430156, 8.036503438072536198 ) ) ;
#8449 = CARTESIAN_POINT ( 'NONE',  ( -6.205015554265035029E-14, 13.26000000000000156, 8.830253436833764624 ) ) ;
#8450 = ORIENTED_EDGE ( 'NONE', *, *, #128, .T. ) ;
#8451 = DIRECTION ( 'NONE',  ( -0.000000000000000000, -1.000000000000000000, 0.000000000000000000 ) ) ;
#8452 = EDGE_CURVE ( 'NONE', #2483, #8470, #8091, .T. ) ;
#8453 = DIRECTION ( 'NONE',  ( -1.000000000000000000, 0.000000000000000000, -8.673617379884013384E-15 ) ) ;
#8454 = ORIENTED_EDGE ( 'NONE', *, *, #567, .T. ) ;
#8455 = CYLINDRICAL_SURFACE ( 'NONE', #5978, 0.3499999999999998668 ) ;
#8456 = VERTEX_POINT ( 'NONE', #8010 ) ;
#8457 = CARTESIAN_POINT ( 'NONE',  ( -2.426874995234305832, 1.051005472321430156, 13.47936058092968103 ) ) ;
#8458 = PRESENTATION_LAYER_ASSIGNMENT (  '', '', ( #5705 ) ) ;
#8459 = DIRECTION ( 'NONE',  ( 6.982962677686266711E-15, 0.000000000000000000, -1.000000000000000000 ) ) ;
#8460 = CARTESIAN_POINT ( 'NONE',  ( 1.698445172781026580, 12.84999999999999076, 7.780619937455179880 ) ) ;
#8461 = EDGE_CURVE ( 'NONE', #6630, #2891, #8023, .T. ) ;
#8462 = DIRECTION ( 'NONE',  ( -1.000000000000000000, 0.000000000000000000, -7.434529182757747170E-15 ) ) ;
#8463 = CARTESIAN_POINT ( 'NONE',  ( -2.426874995234268084, 1.051005472321430156, 8.036503438072536198 ) ) ;
#8464 = CARTESIAN_POINT ( 'NONE',  ( 5.858994527678508923, 9.336874995234211383, 9.057039152358308698 ) ) ;
#8465 = CARTESIAN_POINT ( 'NONE',  ( 6.879422804227080120E-14, 6.910000000000000142, -9.851725008082825141 ) ) ;
#8466 = CARTESIAN_POINT ( 'NONE',  ( 4.142934761456308124, 11.05293476145639175, 11.83516415235829733 ) ) ;
#8467 = VERTEX_POINT ( 'NONE', #7368 ) ;
#8468 = DIRECTION ( 'NONE',  ( 0.000000000000000000, -1.000000000000000000, -0.000000000000000000 ) ) ;
#8469 = CARTESIAN_POINT ( 'NONE',  ( -5.079999999999995630, -3.730000000000000426, -0.7000000000000399236 ) ) ;
#8470 = VERTEX_POINT ( 'NONE', #8732 ) ;
#8471 = CARTESIAN_POINT ( 'NONE',  ( -2.630256121069235675, 13.25999999999999979, 11.72177129645417892 ) ) ;
#8472 = DIRECTION ( 'NONE',  ( -6.505213034913023449E-15, 0.000000000000000000, 1.000000000000000000 ) ) ;
#8473 = CARTESIAN_POINT ( 'NONE',  ( -3.924999999999956302, 1.740000000000000213, -6.150000000000028777 ) ) ;
#8474 = AXIS2_PLACEMENT_3D ( 'NONE', #8090, #2489, #1900 ) ;
#8475 = ORIENTED_EDGE ( 'NONE', *, *, #5029, .F. ) ;
#8476 = CARTESIAN_POINT ( 'NONE',  ( -5.732758175035407417E-14, 0.5600000000000006084, 8.376682008262335444 ) ) ;
#8477 = ORIENTED_EDGE ( 'NONE', *, *, #166, .T. ) ;
#8478 =( NAMED_UNIT ( * ) SI_UNIT ( $, .STERADIAN. ) SOLID_ANGLE_UNIT ( ) );
#8479 = VERTEX_POINT ( 'NONE', #2490 ) ;
#8480 = VERTEX_POINT ( 'NONE', #7228 ) ;
#8481 = DIRECTION ( 'NONE',  ( 6.982962677686266711E-15, 0.000000000000000000, -1.000000000000000000 ) ) ;
#8482 =( NAMED_UNIT ( * ) SI_UNIT ( $, .STERADIAN. ) SOLID_ANGLE_UNIT ( ) );
#8483 = CARTESIAN_POINT ( 'NONE',  ( 4.490128060534461341, 2.419871939465424227, 16.65436057969093753 ) ) ;
#8484 = CARTESIAN_POINT ( 'NONE',  ( 6.349999999999948130, 4.279743878930868384, 10.36105700826237985 ) ) ;
#8485 = CIRCLE ( 'NONE', #1816, 0.1999999999999996503 ) ;
#8486 = EDGE_CURVE ( 'NONE', #4192, #810, #3900, .T. ) ;
#8487 = CARTESIAN_POINT ( 'NONE',  ( 2.426874995234152621, 1.051005472321430156, 8.830253438072572791 ) ) ;
#8488 = VERTEX_POINT ( 'NONE', #8770 ) ;
#8489 = AXIS2_PLACEMENT_3D ( 'NONE', #7294, #3868, #6652 ) ;
#8490 = LINE ( 'NONE', #7129, #7824 ) ;
#8491 = ORIENTED_EDGE ( 'NONE', *, *, #5217, .F. ) ;
#8492 = DIRECTION ( 'NONE',  ( 6.982962677686266711E-15, 0.000000000000000000, -1.000000000000000000 ) ) ;
#8493 = DIRECTION ( 'NONE',  ( 6.982962677686266711E-15, 0.000000000000000000, -1.000000000000000000 ) ) ;
#8494 = CARTESIAN_POINT ( 'NONE',  ( 4.142934761456334769, 2.767065238543610306, 8.206592723786867438 ) ) ;
#8495 = CARTESIAN_POINT ( 'NONE',  ( -6.350000000000076028, 6.910000000000000142, 10.87132486540514797 ) ) ;
#8496 = ORIENTED_EDGE ( 'NONE', *, *, #2367, .T. ) ;
#8497 = LINE ( 'NONE', #5056, #5761 ) ;
#8498 = AXIS2_PLACEMENT_3D ( 'NONE', #6710, #5178, #5856 ) ;
#8499 = DIRECTION ( 'NONE',  ( -6.982962677686266711E-15, -0.000000000000000000, 1.000000000000000000 ) ) ;
#8500 = AXIS2_PLACEMENT_3D ( 'NONE', #4499, #8734, #6047 ) ;
#8501 = ORIENTED_EDGE ( 'NONE', *, *, #5640, .T. ) ;
#8502 = CARTESIAN_POINT ( 'NONE',  ( -6.350000000000095568, 6.910000000000000142, 13.70614629645415405 ) ) ;
#8503 = ADVANCED_FACE ( 'NONE', ( #8632 ), #363, .T. ) ;
#8504 = CARTESIAN_POINT ( 'NONE',  ( -5.858994527678664355, 9.336874995234211383, 13.25257486664393980 ) ) ;
#8505 = EDGE_CURVE ( 'NONE', #2279, #438, #6547, .T. ) ;
#8506 = CARTESIAN_POINT ( 'NONE',  ( -5.080000000000008065, 0.000000000000000000, 0.9999999999999631406 ) ) ;
#8507 = CARTESIAN_POINT ( 'NONE',  ( -4.490128060534665622, 11.40012806053457695, 12.68561058216845261 ) ) ;
#8508 = CARTESIAN_POINT ( 'NONE',  ( -4.124999999999976019, 2.140000000000000568, -3.350000000000029843 ) ) ;
#8509 = CARTESIAN_POINT ( 'NONE',  ( 4.142934761456331216, 11.05293476145639175, 8.433378438072582028 ) ) ;
#8510 = CARTESIAN_POINT ( 'NONE',  ( -2.426874995234276078, 12.76899452767857390, 9.283824866643964668 ) ) ;
#8511 = CARTESIAN_POINT ( 'NONE',  ( -1.249999999999997780, 6.910000000000000142, -0.3500000000000100808 ) ) ;
#8512 = CARTESIAN_POINT ( 'NONE',  ( 4.142934761456294801, 11.05293476145639175, 13.64944986664401050 ) ) ;
#8513 = ORIENTED_EDGE ( 'NONE', *, *, #8486, .F. ) ;
#8514 = FACE_OUTER_BOUND ( 'NONE', #5514, .T. ) ;
#8515 = CARTESIAN_POINT ( 'NONE',  ( 2.444036937190202815E-15, 6.910000000000000142, -0.3500000000000013656 ) ) ;
#8516 = ORIENTED_EDGE ( 'NONE', *, *, #2633, .T. ) ;
#8517 = EDGE_CURVE ( 'NONE', #117, #8617, #6485, .T. ) ;
#8518 = TOROIDAL_SURFACE ( 'NONE', #4610, 0.3999999999999998557, 0.2000000000000000111 ) ;
#8519 = AXIS2_PLACEMENT_3D ( 'NONE', #4662, #7477, #2514 ) ;
#8520 = AXIS2_PLACEMENT_3D ( 'NONE', #3124, #4541, #3258 ) ;
#8521 = CARTESIAN_POINT ( 'NONE',  ( 2.630256121069053599, 0.5600000000000022737, 14.89677129645421516 ) ) ;
#8522 = FACE_OUTER_BOUND ( 'NONE', #3606, .T. ) ;
#8523 = CARTESIAN_POINT ( 'NONE',  ( 2.540000000000032454, 6.910000000000000142, -4.579999999999984084 ) ) ;
#8524 = ORIENTED_EDGE ( 'NONE', *, *, #2909, .F. ) ;
#8525 = DIRECTION ( 'NONE',  ( -5.024295867788071067E-15, 0.7071067811865489050, 0.7071067811865462405 ) ) ;
#8526 = VECTOR ( 'NONE', #237, 1000.000000000000000 ) ;
#8527 = EDGE_LOOP ( 'NONE', ( #5941, #7717 ) ) ;
#8528 = CARTESIAN_POINT ( 'NONE',  ( -0.2625640287062591116, 2.115648937145464981, 25.15377366453468611 ) ) ;
#8529 = ORIENTED_EDGE ( 'NONE', *, *, #6912, .T. ) ;
#8530 = ORIENTED_EDGE ( 'NONE', *, *, #2548, .F. ) ;
#8531 = CARTESIAN_POINT ( 'NONE',  ( 6.349999999999933031, 6.910000000000001030, 9.510610579690952804 ) ) ;
#8532 = CARTESIAN_POINT ( 'NONE',  ( 1.423141496289630714, 12.84999999999999432, 7.750000000000007994 ) ) ;
#8533 = CARTESIAN_POINT ( 'NONE',  ( -4.142934761456452009, 11.05293476145639175, 8.660164152358237999 ) ) ;
#8534 = CARTESIAN_POINT ( 'NONE',  ( 6.678080114934962452, 0.9150028897386917048, 6.281725466633304222 ) ) ;
#8535 = CARTESIAN_POINT ( 'NONE',  ( -5.858994527678676789, 4.483125004765785349, 15.18025343807251382 ) ) ;
#8536 = VECTOR ( 'NONE', #897, 1000.000000000000000 ) ;
#8537 = CARTESIAN_POINT ( 'NONE',  ( 4.125000000000036415, 0.000000000000000000, -5.449999999999974420 ) ) ;
#8538 = VERTEX_POINT ( 'NONE', #4497 ) ;
#8539 = DIRECTION ( 'NONE',  ( 0.000000000000000000, -1.000000000000000000, 0.000000000000000000 ) ) ;
#8540 = EDGE_CURVE ( 'NONE', #2814, #1947, #1547, .T. ) ;
#8541 = CARTESIAN_POINT ( 'NONE',  ( -6.177277749240713803E-14, 1.051005472321429268, 9.000342723786840082 ) ) ;
#8542 = CARTESIAN_POINT ( 'NONE',  ( -6.350000000000068923, 9.540256121069157658, 9.907485579690865407 ) ) ;
#8543 = ORIENTED_EDGE ( 'NONE', *, *, #2903, .F. ) ;
#8544 = ORIENTED_EDGE ( 'NONE', *, *, #6883, .F. ) ;
#8545 = ADVANCED_FACE ( 'NONE', ( #8933 ), #1978, .T. ) ;
#8546 = CYLINDRICAL_SURFACE ( 'NONE', #8092, 0.3499999999999996447 ) ;
#8547 = VECTOR ( 'NONE', #7747, 1000.000000000000000 ) ;
#8548 = CARTESIAN_POINT ( 'NONE',  ( -6.779999999999962057, 0.2000000000000000944, -5.450000000000050804 ) ) ;
#8549 = ORIENTED_EDGE ( 'NONE', *, *, #4253, .T. ) ;
#8550 = CARTESIAN_POINT ( 'NONE',  ( 3.800596370967430193, 11.38544675287663921, 16.50480700702356884 ) ) ;
#8551 = ADVANCED_FACE ( 'NONE', ( #2732 ), #8300, .T. ) ;
#8552 = CARTESIAN_POINT ( 'NONE',  ( 5.858994527678481390, 6.910000000000001030, 12.85569986664402187 ) ) ;
#8553 = DIRECTION ( 'NONE',  ( -6.982962677686266711E-15, 0.000000000000000000, 1.000000000000000000 ) ) ;
#8554 = CARTESIAN_POINT ( 'NONE',  ( -5.879999999999975913, 1.740000000000000213, -3.550000000000042899 ) ) ;
#8555 = ADVANCED_FACE ( 'NONE', ( #4758 ), #7534, .T. ) ;
#8556 = CARTESIAN_POINT ( 'NONE',  ( -6.580000000000014282, 2.000000000000000000, 1.999999999999954037 ) ) ;
#8557 = VECTOR ( 'NONE', #1659, 1000.000000000000000 ) ;
#8558 = CARTESIAN_POINT ( 'NONE',  ( 4.142934761456315229, 2.767065238543610306, 10.92802129521544074 ) ) ;
#8559 = AXIS2_PLACEMENT_3D ( 'NONE', #2373, #8074, #3878 ) ;
#8560 = CARTESIAN_POINT ( 'NONE',  ( 5.780000000000026006, 11.34999999999999964, -3.549999999999961187 ) ) ;
#8561 = CARTESIAN_POINT ( 'NONE',  ( 6.349999999999913491, 6.910000000000001030, 12.34543201073995711 ) ) ;
#8562 =( BOUNDED_CURVE ( )  B_SPLINE_CURVE ( 2, ( #8909, #673, #4819, #4126, #7647 ),
 .UNSPECIFIED., .F., .F. ) 
 B_SPLINE_CURVE_WITH_KNOTS ( ( 3, 2, 3 ),
 ( 0.3915971715684835597, 0.3977272727272726516, 0.4090909090909090051 ),
 .UNSPECIFIED. ) 
 CURVE ( )  GEOMETRIC_REPRESENTATION_ITEM ( )  RATIONAL_B_SPLINE_CURVE ( ( 0.9621766860142484390, 0.9589368973955082476, 1.000000000000000000, 0.9238795325112875156, 0.9999999999999992228 ) ) 
 REPRESENTATION_ITEM ( '' )  );
#8563 = CARTESIAN_POINT ( 'NONE',  ( -9.646417702379667600E-14, 12.76899452767857213, 13.76284272378683937 ) ) ;
#8564 = ORIENTED_EDGE ( 'NONE', *, *, #3704, .F. ) ;
#8565 = DIRECTION ( 'NONE',  ( 6.747905296117594716E-15, -0.000000000000000000, -1.000000000000000000 ) ) ;
#8566 = DIRECTION ( 'NONE',  ( 0.000000000000000000, 1.000000000000000000, 0.000000000000000000 ) ) ;
#8567 = EDGE_LOOP ( 'NONE', ( #7958, #7713, #8437, #7875 ) ) ;
#8568 = VECTOR ( 'NONE', #905, 1000.000000000000000 ) ;
#8569 = CARTESIAN_POINT ( 'NONE',  ( 2.244749429223585668, 12.84999999999999964, 11.61302750613134904 ) ) ;
#8570 = CARTESIAN_POINT ( 'NONE',  ( -8.979212343079096197E-14, 0.5600000000000006084, 13.02578915359705469 ) ) ;
#8571 = CARTESIAN_POINT ( 'NONE',  ( -0.8531581860727653899, 12.70654534916312706, 16.50480700702353332 ) ) ;
#8572 = CARTESIAN_POINT ( 'NONE',  ( -5.323828985552531812, 4.434115931761279938, 7.749999999999967137 ) ) ;
#8573 = CIRCLE ( 'NONE', #4058, 0.7000000000000031752 ) ;
#8574 = ORIENTED_EDGE ( 'NONE', *, *, #7577, .F. ) ;
#8575 = LINE ( 'NONE', #6341, #7352 ) ;
#8576 = SURFACE_SIDE_STYLE ('',( #7212 ) ) ;
#8577 = ORIENTED_EDGE ( 'NONE', *, *, #6273, .F. ) ;
#8578 = ORIENTED_EDGE ( 'NONE', *, *, #4474, .F. ) ;
#8579 = DIRECTION ( 'NONE',  ( -1.211350928885222147E-29, -1.000000000000000000, 1.734723475976805517E-15 ) ) ;
#8580 = CARTESIAN_POINT ( 'NONE',  ( -1.249999999999997780, 6.910000000000000142, -0.3500000000000100808 ) ) ;
#8581 = CARTESIAN_POINT ( 'NONE',  ( -4.142934761456458226, 11.05293476145639175, 9.567307009501094583 ) ) ;
#8582 = CARTESIAN_POINT ( 'NONE',  ( 2.244749429223628301, 12.84999999999999076, 8.778206075082341187 ) ) ;
#8583 = CARTESIAN_POINT ( 'NONE',  ( -1.170514473467610036E-13, 12.76899452767857213, 16.71105700950112194 ) ) ;
#8584 = FACE_OUTER_BOUND ( 'NONE', #5045, .T. ) ;
#8585 = ORIENTED_EDGE ( 'NONE', *, *, #3591, .T. ) ;
#8586 = DIRECTION ( 'NONE',  ( 6.982962677686266711E-15, 0.000000000000000000, -1.000000000000000000 ) ) ;
#8587 = CARTESIAN_POINT ( 'NONE',  ( -4.142934761456444903, 11.05293476145639175, 7.753021295215381414 ) ) ;
#8588 = CARTESIAN_POINT ( 'NONE',  ( 2.630256121069079356, 0.5600000000000022737, 11.15480700826235250 ) ) ;
#8589 = EDGE_LOOP ( 'NONE', ( #8078, #4870, #6036, #2349 ) ) ;
#8590 = FACE_OUTER_BOUND ( 'NONE', #2432, .T. ) ;
#8591 = ORIENTED_EDGE ( 'NONE', *, *, #2990, .T. ) ;
#8592 = PLANE ( 'NONE',  #5407 ) ;
#8593 = VECTOR ( 'NONE', #8360, 1000.000000000000000 ) ;
#8594 = ORIENTED_EDGE ( 'NONE', *, *, #1156, .F. ) ;
#8595 = FACE_OUTER_BOUND ( 'NONE', #4791, .T. ) ;
#8596 = CYLINDRICAL_SURFACE ( 'NONE', #6415, 0.2999999999999999334 ) ;
#8597 = ORIENTED_EDGE ( 'NONE', *, *, #5833, .T. ) ;
#8598 = CARTESIAN_POINT ( 'NONE',  ( 6.349999999999912603, 9.540256121069173645, 9.680699867882816889 ) ) ;
#8599 = B_SPLINE_CURVE_WITH_KNOTS ( 'NONE', 3,
 ( #7825, #7175, #7687, #2204, #2115, #3618 ),
 .UNSPECIFIED., .F., .F.,
 ( 4, 2, 4 ),
 ( 1.301042606982604550E-18, 0.002265709294126711567, 0.004531418588253421399 ),
 .UNSPECIFIED. ) ;
#8600 = CARTESIAN_POINT ( 'NONE',  ( 1.423141496289630714, 12.84999999999999432, 7.750000000000007994 ) ) ;
#8601 = DIRECTION ( 'NONE',  ( 8.520838099651520869E-15, 0.000000000000000000, -1.000000000000000000 ) ) ;
#8602 = CARTESIAN_POINT ( 'NONE',  ( 5.858994527678500042, 6.910000000000001030, 10.13427129521545211 ) ) ;
#8603 = LINE ( 'NONE', #289, #2995 ) ;
#8604 = DIRECTION ( 'NONE',  ( -6.982962677686266711E-15, 0.000000000000000000, 1.000000000000000000 ) ) ;
#8605 = CARTESIAN_POINT ( 'NONE',  ( 4.142934761456313453, 11.05293476145639175, 10.92802129521544074 ) ) ;
#8606 = EDGE_LOOP ( 'NONE', ( #7048, #8657, #1085, #3695 ) ) ;
#8607 = CARTESIAN_POINT ( 'NONE',  ( 4.125000000000043521, 1.740000000000000213, -6.149999999999973710 ) ) ;
#8608 = EDGE_CURVE ( 'NONE', #8538, #1286, #7627, .T. ) ;
#8609 = CARTESIAN_POINT ( 'NONE',  ( -0.6157331284508618108, 11.67124894911690092, 24.97859710151559298 ) ) ;
#8610 = ORIENTED_EDGE ( 'NONE', *, *, #2543, .F. ) ;
#8611 = VECTOR ( 'NONE', #3114, 1000.000000000000000 ) ;
#8612 =( BOUNDED_CURVE ( )  B_SPLINE_CURVE ( 2, ( #1729, #1139, #507, #7331, #1002 ),
 .UNSPECIFIED., .F., .F. ) 
 B_SPLINE_CURVE_WITH_KNOTS ( ( 3, 2, 3 ),
 ( 0.8181818181818182323, 0.8295454545454545858, 0.8356755557042436777 ),
 .UNSPECIFIED. ) 
 CURVE ( )  GEOMETRIC_REPRESENTATION_ITEM ( )  RATIONAL_B_SPLINE_CURVE ( ( 1.000000000000000000, 0.9238795325112867385, 1.000000000000000000, 0.9589368973955085806, 0.9621766860142485500 ) ) 
 REPRESENTATION_ITEM ( '' )  );
#8613 = CARTESIAN_POINT ( 'NONE',  ( -6.350000000000081357, 9.540256121069159434, 11.72177129397657502 ) ) ;
#8614 = CARTESIAN_POINT ( 'NONE',  ( -6.350000000000089351, 6.910000000000000142, 12.79900343931129569 ) ) ;
#8615 = CARTESIAN_POINT ( 'NONE',  ( 5.858994527678471620, 9.336874995234211383, 14.49989629521545176 ) ) ;
#8616 = CARTESIAN_POINT ( 'NONE',  ( -5.802795247507934739, 7.805157764269355702, 7.749999999999957367 ) ) ;
#8617 = VERTEX_POINT ( 'NONE', #4062 ) ;
#8618 = EDGE_LOOP ( 'NONE', ( #712, #5325 ) ) ;
#8619 = EDGE_CURVE ( 'NONE', #8084, #5306, #6251, .T. ) ;
#8620 = DIRECTION ( 'NONE',  ( -0.000000000000000000, 1.000000000000000000, 0.000000000000000000 ) ) ;
#8621 = DIRECTION ( 'NONE',  ( 1.000000000000000000, 0.000000000000000000, 6.505213034913027393E-15 ) ) ;
#8622 = VERTEX_POINT ( 'NONE', #6131 ) ;
#8623 = VERTEX_POINT ( 'NONE', #6845 ) ;
#8624 = DIRECTION ( 'NONE',  ( -6.982962677686266711E-15, -0.000000000000000000, 1.000000000000000000 ) ) ;
#8625 = CARTESIAN_POINT ( 'NONE',  ( -6.779999999999955840, 0.9910004003203211065, -6.350000000000044942 ) ) ;
#8626 = CARTESIAN_POINT ( 'NONE',  ( 2.426874995234151289, 12.76899452767857390, 8.490074866643999130 ) ) ;
#8627 = DIRECTION ( 'NONE',  ( 6.982962677686266711E-15, 0.000000000000000000, -1.000000000000000000 ) ) ;
#8628 = CARTESIAN_POINT ( 'NONE',  ( -5.385459659895931391E-14, 1.051005472321429268, 7.866414152358267131 ) ) ;
#8629 = DIRECTION ( 'NONE',  ( -8.673617379884032317E-15, 0.000000000000000000, 1.000000000000000000 ) ) ;
#8630 = ORIENTED_EDGE ( 'NONE', *, *, #1231, .F. ) ;
#8631 = DIRECTION ( 'NONE',  ( -1.000000000000000000, 0.000000000000000000, -8.673617379884051249E-15 ) ) ;
#8632 = FACE_OUTER_BOUND ( 'NONE', #7910, .T. ) ;
#8633 = CARTESIAN_POINT ( 'NONE',  ( 5.458736177937689504, 9.038383474621321412, 7.466439048671421830 ) ) ;
#8634 = FACE_OUTER_BOUND ( 'NONE', #3257, .T. ) ;
#8635 = ORIENTED_EDGE ( 'NONE', *, *, #6906, .F. ) ;
#8636 = DIRECTION ( 'NONE',  ( -1.000000000000000000, 0.000000000000000000, -7.228014483236696753E-15 ) ) ;
#8637 = DIRECTION ( 'NONE',  ( -1.000000000000000000, 0.000000000000000000, -6.505213034913023449E-15 ) ) ;
#8638 = EDGE_LOOP ( 'NONE', ( #6898, #8270, #4383, #6672 ) ) ;
#8639 = CARTESIAN_POINT ( 'NONE',  ( 6.879422804227080120E-14, 6.910000000000000142, -9.851725008082825141 ) ) ;
#8640 = AXIS2_PLACEMENT_3D ( 'NONE', #4955, #3443, #2208 ) ;
#8641 = EDGE_CURVE ( 'NONE', #1296, #2931, #7811, .T. ) ;
#8642 = CARTESIAN_POINT ( 'NONE',  ( 5.880000000000023874, 2.240000000000004210, -3.349999999999960121 ) ) ;
#8643 = ORIENTED_EDGE ( 'NONE', *, *, #7777, .T. ) ;
#8644 = CARTESIAN_POINT ( 'NONE',  ( 6.349999999999918820, 9.540256121069173645, 8.773557010739958528 ) ) ;
#8645 = CIRCLE ( 'NONE', #5891, 0.1999999999999998723 ) ;
#8646 = CARTESIAN_POINT ( 'NONE',  ( 2.426874995234144627, 1.051005472321430156, 9.964182009501142190 ) ) ;
#8647 =( BOUNDED_CURVE ( )  B_SPLINE_CURVE ( 2, ( #1993, #592, #4775, #6141, #7546 ),
 .UNSPECIFIED., .F., .T. ) 
 B_SPLINE_CURVE_WITH_KNOTS ( ( 3, 2, 3 ),
 ( 0.6643244442957563223, 0.6704545454545454142, 0.6818181818181816567 ),
 .UNSPECIFIED. ) 
 CURVE ( )  GEOMETRIC_REPRESENTATION_ITEM ( )  RATIONAL_B_SPLINE_CURVE ( ( 0.9621766860142484390, 0.9589368973955085806, 1.000000000000000000, 0.9238795325112875156, 0.9999999999999992228 ) ) 
 REPRESENTATION_ITEM ( '' )  );
#8648 = DIRECTION ( 'NONE',  ( 0.000000000000000000, -1.000000000000000000, 0.000000000000000000 ) ) ;
#8649 = VECTOR ( 'NONE', #7267, 1000.000000000000000 ) ;
#8650 = DIRECTION ( 'NONE',  ( -0.000000000000000000, -1.000000000000000000, 0.000000000000000000 ) ) ;
#8651 = ADVANCED_FACE ( 'NONE', ( #5409 ), #5491, .F. ) ;
#8652 = FACE_OUTER_BOUND ( 'NONE', #5460, .T. ) ;
#8653 = CARTESIAN_POINT ( 'NONE',  ( 3.579999999999976090, 0.6399999999999999023, 3.300000000000025580 ) ) ;
#8654 = PLANE ( 'NONE',  #3437 ) ;
#8655 = CARTESIAN_POINT ( 'NONE',  ( -6.580000000000043592, 2.000000000000000000, 6.099999999999954348 ) ) ;
#8656 = UNCERTAINTY_MEASURE_WITH_UNIT (LENGTH_MEASURE( 1.000000000000000082E-05 ), #6979, 'distance_accuracy_value', 'NONE');
#8657 = ORIENTED_EDGE ( 'NONE', *, *, #6779, .F. ) ;
#8658 = EDGE_CURVE ( 'NONE', #2213, #1802, #2988, .T. ) ;
#8659 = EDGE_CURVE ( 'NONE', #1863, #5902, #6062, .T. ) ;
#8660 = DIRECTION ( 'NONE',  ( 1.355252715606882761E-16, -1.000000000000000000, 9.463679131915823204E-31 ) ) ;
#8661 = CARTESIAN_POINT ( 'NONE',  ( 6.280000000000044658, 2.240000000000006430, -6.349999999999958789 ) ) ;
#8662 = EDGE_LOOP ( 'NONE', ( #1099, #10, #6668, #3653 ) ) ;
#8663 = ADVANCED_FACE ( 'NONE', ( #8184 ), #5532, .T. ) ;
#8664 = CARTESIAN_POINT ( 'NONE',  ( 4.125000000000043521, 1.740000000000000213, -6.149999999999973710 ) ) ;
#8665 = CARTESIAN_POINT ( 'NONE',  ( 6.349999999999945466, 6.910000000000001030, 7.809717725025671520 ) ) ;
#8666 = CARTESIAN_POINT ( 'NONE',  ( -2.426874995234320487, 12.76899452767857390, 15.63382486664396254 ) ) ;
#8667 = CARTESIAN_POINT ( 'NONE',  ( -3.580000000000011617, 2.000000000000000000, 1.799999999999974953 ) ) ;
#8668 = EDGE_LOOP ( 'NONE', ( #8059, #2795, #444 ) ) ;
#8669 = CARTESIAN_POINT ( 'NONE',  ( 6.349999999999894840, 6.910000000000001030, 15.06686058216853041 ) ) ;
#8670 = DIRECTION ( 'NONE',  ( -6.938893903907229955E-15, 0.000000000000000000, 1.000000000000000000 ) ) ;
#8671 = ORIENTED_EDGE ( 'NONE', *, *, #5706, .T. ) ;
#8672 = ORIENTED_EDGE ( 'NONE', *, *, #1045, .T. ) ;
#8673 = EDGE_CURVE ( 'NONE', #8039, #4401, #4455, .T. ) ;
#8674 = SURFACE_STYLE_FILL_AREA ( #3020 ) ;
#8675 = VECTOR ( 'NONE', #3534, 1000.000000000000000 ) ;
#8676 = CARTESIAN_POINT ( 'NONE',  ( 1.250000000000002665, 6.910000000000000142, -0.3499999999999926503 ) ) ;
#8677 = CARTESIAN_POINT ( 'NONE',  ( -6.350000000000088463, 4.279743878930841738, 12.74230700826229246 ) ) ;
#8678 = VECTOR ( 'NONE', #5989, 1000.000000000000000 ) ;
#8679 =( BOUNDED_CURVE ( )  B_SPLINE_CURVE ( 2, ( #3644, #1428, #3555, #6936, #834, #2954, #7113, #6333, #2816 ),
 .UNSPECIFIED., .F., .F. ) 
 B_SPLINE_CURVE_WITH_KNOTS ( ( 3, 2, 2, 2, 3 ),
 ( 0.3181818181818179547, 0.3295454545454543638, 0.3409090909090908283, 0.3522727272727272929, 0.3636363636363637020 ),
 .UNSPECIFIED. ) 
 CURVE ( )  GEOMETRIC_REPRESENTATION_ITEM ( )  RATIONAL_B_SPLINE_CURVE ( ( 1.000000000000001554, 0.9238795325112852952, 1.000000000000000000, 0.9238795325112867385, 1.000000000000000000, 0.9238795325112867385, 1.000000000000000000, 0.9238795325112864054, 1.000000000000000444 ) ) 
 REPRESENTATION_ITEM ( '' )  );
#8680 = DIRECTION ( 'NONE',  ( -6.982962677686266711E-15, 0.000000000000000000, 1.000000000000000000 ) ) ;
#8681 = TOROIDAL_SURFACE ( 'NONE', #1691, 0.1000000000000007827, 0.2000000000000000111 ) ;
#8682 = CARTESIAN_POINT ( 'NONE',  ( -5.858994527678630604, 4.483125004765785349, 8.603467723786797805 ) ) ;
#8683 = EDGE_LOOP ( 'NONE', ( #4327, #278, #3157, #6956 ) ) ;
#8684 = ORIENTED_EDGE ( 'NONE', *, *, #5883, .T. ) ;
#8685 = VERTEX_POINT ( 'NONE', #656 ) ;
#8686 = DIRECTION ( 'NONE',  ( 8.673617379884051249E-15, 0.000000000000000000, -1.000000000000000000 ) ) ;
#8687 = CARTESIAN_POINT ( 'NONE',  ( -6.780000000000024230, 2.000000000000000000, 3.299999999999953193 ) ) ;
#8688 = AXIS2_PLACEMENT_3D ( 'NONE', #53, #6285, #8378 ) ;
#8689 = CARTESIAN_POINT ( 'NONE',  ( 6.349999999999890399, 4.279743878930847956, 15.80391415111952291 ) ) ;
#8690 = CARTESIAN_POINT ( 'NONE',  ( -2.630256121069209918, 13.25999999999999979, 7.979807008262317147 ) ) ;
#8691 = ORIENTED_EDGE ( 'NONE', *, *, #1787, .T. ) ;
#8692 = DIRECTION ( 'NONE',  ( 1.000000000000000000, 0.000000000000000000, 6.982962677686266711E-15 ) ) ;
#8693 = CARTESIAN_POINT ( 'NONE',  ( -5.858994527678669684, 4.483125004765785349, 14.27311058092965368 ) ) ;
#8694 = VERTEX_POINT ( 'NONE', #537 ) ;
#8695 = B_SPLINE_CURVE_WITH_KNOTS ( 'NONE', 3,
 ( #5455, #660, #6892, #7538, #6175, #3564 ),
 .UNSPECIFIED., .F., .F.,
 ( 4, 2, 4 ),
 ( 1.301042606982605321E-18, 0.002265709294126711567, 0.004531418588253422267 ),
 .UNSPECIFIED. ) ;
#8696 = FACE_OUTER_BOUND ( 'NONE', #2687, .T. ) ;
#8697 = AXIS2_PLACEMENT_3D ( 'NONE', #75, #5636, #8398 ) ;
#8698 = EDGE_LOOP ( 'NONE', ( #7967, #5269, #4447, #1702 ) ) ;
#8699 = DIRECTION ( 'NONE',  ( 6.982962677686266711E-15, -0.000000000000000000, -1.000000000000000000 ) ) ;
#8700 = CARTESIAN_POINT ( 'NONE',  ( -6.810732220716538975E-14, 1.051005472321429268, 9.907485580929694891 ) ) ;
#8701 = CARTESIAN_POINT ( 'NONE',  ( 3.925000000000042011, 0.8400000000000000799, -6.149999999999974598 ) ) ;
#8702 = CARTESIAN_POINT ( 'NONE',  ( -2.078284491914959897, 12.50562285096595261, 7.749999999999985789 ) ) ;
#8703 = FACE_OUTER_BOUND ( 'NONE', #392, .T. ) ;
#8704 = CARTESIAN_POINT ( 'NONE',  ( -6.479145345000539215E-14, 12.76899452767857213, 9.227128438072552896 ) ) ;
#8705 = CARTESIAN_POINT ( 'NONE',  ( 5.779999999999925642, 12.94999999999999929, 7.750000000000039968 ) ) ;
#8706 = CARTESIAN_POINT ( 'NONE',  ( -6.780000000000012683, 0.2000000000000000944, 1.799999999999952749 ) ) ;
#8707 = ORIENTED_EDGE ( 'NONE', *, *, #8835, .T. ) ;
#8708 = CARTESIAN_POINT ( 'NONE',  ( -6.350000000000063594, 6.910000000000000142, 9.170432010739867579 ) ) ;
#8709 = ADVANCED_FACE ( 'NONE', ( #702 ), #3427, .T. ) ;
#8710 = CARTESIAN_POINT ( 'NONE',  ( 6.349999999999933031, 6.910000000000001030, 9.624003439311387353 ) ) ;
#8711 = CARTESIAN_POINT ( 'NONE',  ( 4.142934761456292136, 2.767065238543610306, 14.32980700950115249 ) ) ;
#8712 = DIRECTION ( 'NONE',  ( 1.727380818872964658E-16, -1.000000000000000000, 1.206223578834105269E-30 ) ) ;
#8713 = ORIENTED_EDGE ( 'NONE', *, *, #6944, .T. ) ;
#8714 = EDGE_CURVE ( 'NONE', #2722, #8053, #1301, .T. ) ;
#8715 = VERTEX_POINT ( 'NONE', #7851 ) ;
#8716 = DIRECTION ( 'NONE',  ( -1.000000000000000000, 0.000000000000000000, -6.982261990806646977E-15 ) ) ;
#8717 = DIRECTION ( 'NONE',  ( -8.673617379884030739E-15, 0.000000000000000000, 1.000000000000000000 ) ) ;
#8718 = EDGE_LOOP ( 'NONE', ( #5224, #7537, #3164, #8775 ) ) ;
#8719 = EDGE_LOOP ( 'NONE', ( #8944, #6263, #8294, #8574 ) ) ;
#8720 = VECTOR ( 'NONE', #7695, 1000.000000000000000 ) ;
#8721 = CARTESIAN_POINT ( 'NONE',  ( -1.758310002241401882E-13, 1.374999999999999556, 25.17999999999999972 ) ) ;
#8722 = CARTESIAN_POINT ( 'NONE',  ( -2.630256121069264097, 0.5600000000000013856, 15.57712843683374437 ) ) ;
#8723 = DIRECTION ( 'NONE',  ( 6.982962677686266711E-15, 0.000000000000000000, -1.000000000000000000 ) ) ;
#8724 = UNCERTAINTY_MEASURE_WITH_UNIT (LENGTH_MEASURE( 1.000000000000000082E-05 ), #5524, 'distance_accuracy_value', 'NONE');
#8725 = CARTESIAN_POINT ( 'NONE',  ( -1.107169026320027518E-13, 12.76899452767857213, 15.80391415235826713 ) ) ;
#8726 = ORIENTED_EDGE ( 'NONE', *, *, #8169, .F. ) ;
#8727 = ADVANCED_FACE ( 'NONE', ( #6337 ), #1602, .F. ) ;
#8728 = LINE ( 'NONE', #3075, #8245 ) ;
#8729 = VERTEX_POINT ( 'NONE', #6425 ) ;
#8730 = VERTEX_POINT ( 'NONE', #7676 ) ;
#8731 = AXIS2_PLACEMENT_3D ( 'NONE', #3362, #6148, #8911 ) ;
#8732 = CARTESIAN_POINT ( 'NONE',  ( -6.780000000000024230, 0.9910004003203091161, 3.299999999999953193 ) ) ;
#8733 = CARTESIAN_POINT ( 'NONE',  ( -9.372287911644162153E-14, 13.26000000000000156, 13.36596772254804932 ) ) ;
#8734 = DIRECTION ( 'NONE',  ( -6.982962677686266711E-15, -0.000000000000000000, 1.000000000000000000 ) ) ;
#8735 = ORIENTED_EDGE ( 'NONE', *, *, #5331, .F. ) ;
#8736 = CARTESIAN_POINT ( 'NONE',  ( 6.349999999999894840, 6.910000000000001030, 15.06686058216853041 ) ) ;
#8737 = CARTESIAN_POINT ( 'NONE',  ( -2.426874995234315158, 12.76899452767857390, 14.95346772378681877 ) ) ;
#8738 = ORIENTED_EDGE ( 'NONE', *, *, #4948, .F. ) ;
#8739 = CARTESIAN_POINT ( 'NONE',  ( 2.244749429223739767, 12.84999999999999964, -9.851725008082809154 ) ) ;
#8740 =( NAMED_UNIT ( * ) PLANE_ANGLE_UNIT ( ) SI_UNIT ( $, .RADIAN. ) );
#8741 = LINE ( 'NONE', #1007, #3585 ) ;
#8742 = ADVANCED_FACE ( 'NONE', ( #8522 ), #7067, .T. ) ;
#8743 = CARTESIAN_POINT ( 'NONE',  ( 5.858994527678501818, 4.483125004765792454, 10.07757486664402258 ) ) ;
#8744 = CIRCLE ( 'NONE', #3217, 1.599999999999999867 ) ;
#8745 = DIRECTION ( 'NONE',  ( 1.000000000000000000, 0.000000000000000000, 7.047314121155779610E-15 ) ) ;
#8746 = DIRECTION ( 'NONE',  ( -0.000000000000000000, 1.000000000000000000, -0.000000000000000000 ) ) ;
#8747 = CARTESIAN_POINT ( 'NONE',  ( 4.142934761456337434, 11.05293476145639175, 7.526235580929724556 ) ) ;
#8748 = DIRECTION ( 'NONE',  ( 0.000000000000000000, -1.000000000000000000, 0.000000000000000000 ) ) ;
#8749 = CARTESIAN_POINT ( 'NONE',  ( -6.652368602847582997E-14, 1.051005472321429268, 9.680699866643982077 ) ) ;
#8750 = CARTESIAN_POINT ( 'NONE',  ( 4.007842712474660729, 0.6400000000000009015, -6.349999999999973888 ) ) ;
#8751 = LINE ( 'NONE', #2513, #3398 ) ;
#8752 = AXIS2_PLACEMENT_3D ( 'NONE', #651, #8135, #6799 ) ;
#8753 = CARTESIAN_POINT ( 'NONE',  ( -6.350000000000062705, 4.279743878930841738, 9.227128439311297115 ) ) ;
#8754 = CARTESIAN_POINT ( 'NONE',  ( 6.349999999999925038, 9.540256121069157658, 10.58784272502567525 ) ) ;
#8755 = ORIENTED_EDGE ( 'NONE', *, *, #3030, .F. ) ;
#8756 = EDGE_CURVE ( 'NONE', #8729, #2873, #2776, .T. ) ;
#8757 = EDGE_LOOP ( 'NONE', ( #3510, #890, #7123 ) ) ;
#8758 = ORIENTED_EDGE ( 'NONE', *, *, #7516, .T. ) ;
#8759 = DIRECTION ( 'NONE',  ( 1.000000000000000000, 0.000000000000000000, 6.938893903907228378E-15 ) ) ;
#8760 = CIRCLE ( 'NONE', #8316, 0.3500000000000004774 ) ;
#8761 = CARTESIAN_POINT ( 'NONE',  ( -6.580000000000045368, 2.000000000000000000, 6.299999999999953637 ) ) ;
#8762 = ORIENTED_EDGE ( 'NONE', *, *, #7335, .F. ) ;
#8763 = ORIENTED_EDGE ( 'NONE', *, *, #2742, .F. ) ;
#8764 = CARTESIAN_POINT ( 'NONE',  ( 6.349999999999901945, 6.910000000000001030, 14.04632486540523750 ) ) ;
#8765 = DIRECTION ( 'NONE',  ( -1.000000000000000000, 0.000000000000000000, -6.982962677686266711E-15 ) ) ;
#8766 = CARTESIAN_POINT ( 'NONE',  ( 4.142934761456300130, 11.05293476145639175, 12.96909272378686673 ) ) ;
#8767 = EDGE_LOOP ( 'NONE', ( #857, #3521, #4621, #1625 ) ) ;
#8768 = ORIENTED_EDGE ( 'NONE', *, *, #4620, .T. ) ;
#8769 = DIRECTION ( 'NONE',  ( -0.000000000000000000, -1.000000000000000000, 0.000000000000000000 ) ) ;
#8770 = CARTESIAN_POINT ( 'NONE',  ( 5.780000000000043769, 1.940000000000000391, -6.149999999999962164 ) ) ;
#8771 = VECTOR ( 'NONE', #5434, 1000.000000000000000 ) ;
#8772 = ADVANCED_FACE ( 'NONE', ( #4381 ), #113, .F. ) ;
#8773 = CARTESIAN_POINT ( 'NONE',  ( -4.490128060534683385, 11.40012806053457695, 15.29364629397658959 ) ) ;
#8774 = CARTESIAN_POINT ( 'NONE',  ( 3.580000000000037819, 0.000000000000000000, -5.649999999999978151 ) ) ;
#8775 = ORIENTED_EDGE ( 'NONE', *, *, #8196, .F. ) ;
#8776 = EDGE_CURVE ( 'NONE', #2936, #488, #7657, .T. ) ;
#8777 = CARTESIAN_POINT ( 'NONE',  ( 3.580000000000020499, 0.2000000000000000944, -3.149999999999976819 ) ) ;
#8778 = CARTESIAN_POINT ( 'NONE',  ( -5.779999999999955840, 11.34999999999999964, -6.350000000000040501 ) ) ;
#8779 = PRESENTATION_STYLE_ASSIGNMENT (( #7186 ) ) ;
#8780 = CARTESIAN_POINT ( 'NONE',  ( 4.490128060534514631, 11.40012806053457695, 8.830253439311373853 ) ) ;
#8781 = CIRCLE ( 'NONE', #7613, 4.799999999999999822 ) ;
#8782 = CARTESIAN_POINT ( 'NONE',  ( -1.507889285407967961, 12.84999999999999787, 13.25155113255844164 ) ) ;
#8783 = DIRECTION ( 'NONE',  ( 6.982962677686266711E-15, 0.000000000000000000, -1.000000000000000000 ) ) ;
#8784 = CIRCLE ( 'NONE', #4854, 0.2000000000000000944 ) ;
#8785 = PLANE ( 'NONE',  #7873 ) ;
#8786 = CARTESIAN_POINT ( 'NONE',  ( -6.349999999999931255, 6.910000000000000142, -9.851725008082869550 ) ) ;
#8787 = AXIS2_PLACEMENT_3D ( 'NONE', #2042, #8287, #6116 ) ;
#8788 = ADVANCED_FACE ( 'NONE', ( #4987 ), #6295, .T. ) ;
#8789 = LINE ( 'NONE', #2546, #6247 ) ;
#8790 = ADVANCED_FACE ( 'NONE', ( #3692 ), #836, .T. ) ;
#8791 = CARTESIAN_POINT ( 'NONE',  ( -4.142934761456444015, 2.767065238543608530, 7.753021295215381414 ) ) ;
#8792 = DIRECTION ( 'NONE',  ( 6.982962677686266711E-15, 0.000000000000000000, -1.000000000000000000 ) ) ;
#8793 = DIRECTION ( 'NONE',  ( 1.000000000000000000, 0.000000000000000000, 6.505213034913037648E-15 ) ) ;
#8794 = CIRCLE ( 'NONE', #7634, 0.3500000000000004774 ) ;
#8795 = CARTESIAN_POINT ( 'NONE',  ( -5.858994527678649256, 4.483125004765786237, 11.32489629521536934 ) ) ;
#8796 = VECTOR ( 'NONE', #2874, 1000.000000000000000 ) ;
#8797 = DIRECTION ( 'NONE',  ( 1.000000000000000000, 0.000000000000000000, 6.982962677686266711E-15 ) ) ;
#8798 = CARTESIAN_POINT ( 'NONE',  ( 6.349999999999928590, 4.279743878930847956, 10.47444986788281263 ) ) ;
#8799 = ORIENTED_EDGE ( 'NONE', *, *, #5050, .T. ) ;
#8800 = VERTEX_POINT ( 'NONE', #1513 ) ;
#8801 = DIRECTION ( 'NONE',  ( 0.000000000000000000, -1.000000000000000000, -0.000000000000000000 ) ) ;
#8802 = ADVANCED_FACE ( 'NONE', ( #3646 ), #4289, .F. ) ;
#8803 = LINE ( 'NONE', #7358, #4731 ) ;
#8804 = ORIENTED_EDGE ( 'NONE', *, *, #8342, .F. ) ;
#8805 = ORIENTED_EDGE ( 'NONE', *, *, #5832, .T. ) ;
#8806 = CARTESIAN_POINT ( 'NONE',  ( -6.350000000000100897, 6.910000000000000142, 14.49989629397657609 ) ) ;
#8807 =( NAMED_UNIT ( * ) PLANE_ANGLE_UNIT ( ) SI_UNIT ( $, .RADIAN. ) );
#8808 = CARTESIAN_POINT ( 'NONE',  ( 2.426874995234119314, 1.051005472321430156, 13.59275343807256853 ) ) ;
#8809 = DIRECTION ( 'NONE',  ( -1.000000000000000000, 0.000000000000000000, -7.102804783527084762E-15 ) ) ;
#8810 = VERTEX_POINT ( 'NONE', #2911 ) ;
#8811 = FACE_OUTER_BOUND ( 'NONE', #4842, .T. ) ;
#8812 = CARTESIAN_POINT ( 'NONE',  ( -6.580000000000043592, 0.2000000000000000944, 6.099999999999954348 ) ) ;
#8813 = VECTOR ( 'NONE', #6773, 1000.000000000000000 ) ;
#8814 = CARTESIAN_POINT ( 'NONE',  ( -6.350000000000106226, 4.279743878930841738, 15.46373557969085866 ) ) ;
#8815 = STYLED_ITEM ( 'NONE', ( #6249 ), #7541 ) ;
#8816 = CARTESIAN_POINT ( 'NONE',  ( -5.779999999999976268, 1.940000000000000391, -3.350000000000041833 ) ) ;
#8817 = ORIENTED_EDGE ( 'NONE', *, *, #6772, .F. ) ;
#8818 = CARTESIAN_POINT ( 'NONE',  ( -0.7430714330484071706, 12.85000000000000497, 12.82666067077268579 ) ) ;
#8819 = CARTESIAN_POINT ( 'NONE',  ( -3.580000000000041371, 0.2000000000000000111, 6.099999999999975664 ) ) ;
#8820 = CARTESIAN_POINT ( 'NONE',  ( 5.858994527678468067, 9.336874995234211383, 14.72668200950116457 ) ) ;
#8821 = AXIS2_PLACEMENT_3D ( 'NONE', #8389, #2147, #7723 ) ;
#8822 = PLANE ( 'NONE',  #6059 ) ;
#8823 = CARTESIAN_POINT ( 'NONE',  ( -2.426874995234313825, 12.76899452767857390, 14.72668200950110595 ) ) ;
#8824 = VECTOR ( 'NONE', #8765, 1000.000000000000000 ) ;
#8825 = VECTOR ( 'NONE', #2976, 1000.000000000000000 ) ;
#8826 = ORIENTED_EDGE ( 'NONE', *, *, #7246, .T. ) ;
#8827 = DIRECTION ( 'NONE',  ( 1.000000000000000000, -0.000000000000000000, 6.982962677686266711E-15 ) ) ;
#8828 = EDGE_CURVE ( 'NONE', #6452, #2213, #6471, .T. ) ;
#8829 = CARTESIAN_POINT ( 'NONE',  ( 5.780000000000024230, 11.65000000000000036, -3.349999999999961009 ) ) ;
#8830 = CARTESIAN_POINT ( 'NONE',  ( 2.540000000000032898, 6.409999999999999254, -4.729999999999983551 ) ) ;
#8831 = EDGE_CURVE ( 'NONE', #3930, #1450, #4308, .T. ) ;
#8832 = VECTOR ( 'NONE', #1678, 1000.000000000000000 ) ;
#8833 = DIRECTION ( 'NONE',  ( 0.000000000000000000, 1.000000000000000000, 0.000000000000000000 ) ) ;
#8834 = CONICAL_SURFACE ( 'NONE', #4911, 0.9999999999999997780, 0.7853981633974465026 ) ;
#8835 = EDGE_CURVE ( 'NONE', #5904, #6724, #6627, .T. ) ;
#8836 = DIRECTION ( 'NONE',  ( -1.000000000000000000, -1.084202172485506327E-14, -6.505213034913037648E-15 ) ) ;
#8837 = CARTESIAN_POINT ( 'NONE',  ( 5.780000000000043769, 11.34999999999999964, -6.149999999999962164 ) ) ;
#8838 = AXIS2_PLACEMENT_3D ( 'NONE', #6208, #3379, #4715 ) ;
#8839 = CARTESIAN_POINT ( 'NONE',  ( 4.142934761456339210, 11.05293476145639175, 7.299449866644010854 ) ) ;
#8840 = EDGE_CURVE ( 'NONE', #7805, #4669, #3156, .T. ) ;
#8841 = DIRECTION ( 'NONE',  ( 0.000000000000000000, 1.000000000000000000, 0.000000000000000000 ) ) ;
#8842 = CYLINDRICAL_SURFACE ( 'NONE', #7623, 6.349999999999999645 ) ;
#8843 = AXIS2_PLACEMENT_3D ( 'NONE', #7051, #770, #5016 ) ;
#8844 = CARTESIAN_POINT ( 'NONE',  ( 4.142934761456301018, 11.05293476145639175, 12.74230700950115214 ) ) ;
#8845 = FACE_OUTER_BOUND ( 'NONE', #2182, .T. ) ;
#8846 = CARTESIAN_POINT ( 'NONE',  ( -6.350000000000063594, 9.540256121069157658, 9.113735582168439819 ) ) ;
#8847 = ORIENTED_EDGE ( 'NONE', *, *, #2295, .F. ) ;
#8848 = DIRECTION ( 'NONE',  ( 1.000000000000000000, 0.000000000000000000, 6.982962677686266711E-15 ) ) ;
#8849 = LINE ( 'NONE', #8924, #8333 ) ;
#8850 = VERTEX_POINT ( 'NONE', #4425 ) ;
#8851 = VERTEX_POINT ( 'NONE', #5262 ) ;
#8852 = CARTESIAN_POINT ( 'NONE',  ( -6.350000000000093792, 4.279743878930841738, 13.64944986540514904 ) ) ;
#8853 = CARTESIAN_POINT ( 'NONE',  ( -4.142934761456470660, 11.05293476145639175, 11.38159272378680953 ) ) ;
#8854 = AXIS2_PLACEMENT_3D ( 'NONE', #6529, #8624, #4994 ) ;
#8855 = LINE ( 'NONE', #6085, #2836 ) ;
#8856 = EDGE_LOOP ( 'NONE', ( #2889, #3797, #1121 ) ) ;
#8857 = AXIS2_PLACEMENT_3D ( 'NONE', #2865, #8566, #6376 ) ;
#8858 = DIRECTION ( 'NONE',  ( -1.000000000000000000, 0.000000000000000000, -7.102804783527084762E-15 ) ) ;
#8859 = CARTESIAN_POINT ( 'NONE',  ( 4.125000000000036415, 2.000000000000000000, -5.449999999999974420 ) ) ;
#8860 = CARTESIAN_POINT ( 'NONE',  ( -6.350000000000068923, 4.279743878930841738, 10.02087843683371915 ) ) ;
#8861 = CARTESIAN_POINT ( 'NONE',  ( -2.426874995234324928, 1.051005472321430156, 16.20078915235824724 ) ) ;
#8862 = VERTEX_POINT ( 'NONE', #5124 ) ;
#8863 = CARTESIAN_POINT ( 'NONE',  ( 1.250000000000002665, 6.910000000000000142, -0.3499999999999926503 ) ) ;
#8864 = CARTESIAN_POINT ( 'NONE',  ( 2.890000000000024105, 6.910000000000000142, -3.349999999999980993 ) ) ;
#8865 = CARTESIAN_POINT ( 'NONE',  ( -1.170514473467610036E-13, 12.76899452767857213, 16.71105700950112194 ) ) ;
#8866 = EDGE_CURVE ( 'NONE', #5026, #2722, #8399, .T. ) ;
#8867 = CARTESIAN_POINT ( 'NONE',  ( -4.142934761456489312, 2.767065238543608530, 14.10302129521538106 ) ) ;
#8868 = AXIS2_PLACEMENT_3D ( 'NONE', #1917, #4695, #8873 ) ;
#8869 = VERTEX_POINT ( 'NONE', #2134 ) ;
#8870 = LINE ( 'NONE', #7505, #978 ) ;
#8871 = DIRECTION ( 'NONE',  ( 0.000000000000000000, -1.000000000000000000, -0.000000000000000000 ) ) ;
#8872 = LINE ( 'NONE', #2627, #325 ) ;
#8873 = DIRECTION ( 'NONE',  ( -1.000000000000000000, 0.000000000000000000, -9.251858538542970644E-15 ) ) ;
#8874 = CARTESIAN_POINT ( 'NONE',  ( 6.580000000000040039, 2.000000000000000000, -5.649999999999956835 ) ) ;
#8875 = CARTESIAN_POINT ( 'NONE',  ( 2.426874995234099330, 1.051005472321430156, 16.31418200950113828 ) ) ;
#8876 = CARTESIAN_POINT ( 'NONE',  ( -5.879999999999977689, 1.740000000000000213, -3.350000000000042721 ) ) ;
#8877 = CYLINDRICAL_SURFACE ( 'NONE', #642, 0.1999999999999996503 ) ;
#8878 = DIRECTION ( 'NONE',  ( 6.747905296117594716E-15, -0.000000000000000000, -1.000000000000000000 ) ) ;
#8879 = AXIS2_PLACEMENT_3D ( 'NONE', #7837, #2941, #6364 ) ;
#8880 = CARTESIAN_POINT ( 'NONE',  ( -7.746054287952189559E-14, 12.76899452767857213, 11.04141415235826784 ) ) ;
#8881 = CARTESIAN_POINT ( 'NONE',  ( 4.490128060534464005, 11.40012806053457695, 15.97400343683379553 ) ) ;
#8882 = CARTESIAN_POINT ( 'NONE',  ( -6.350000000000050271, 9.540256121069157658, 7.299449867882726650 ) ) ;
#8883 = ORIENTED_EDGE ( 'NONE', *, *, #7346, .F. ) ;
#8884 = DIRECTION ( 'NONE',  ( -6.982962677686266711E-15, 0.000000000000000000, 1.000000000000000000 ) ) ;
#8885 = DIRECTION ( 'NONE',  ( -1.000000000000000000, 0.000000000000000000, -7.102804783527084762E-15 ) ) ;
#8886 = ORIENTED_EDGE ( 'NONE', *, *, #5253, .F. ) ;
#8887 = AXIS2_PLACEMENT_3D ( 'NONE', #2417, #3148, #3834 ) ;
#8888 = DIRECTION ( 'NONE',  ( -1.000000000000000000, -1.500625844270594406E-16, -6.982962677686266711E-15 ) ) ;
#8889 = VERTEX_POINT ( 'NONE', #4926 ) ;
#8890 = LINE ( 'NONE', #2650, #6744 ) ;
#8891 = CARTESIAN_POINT ( 'NONE',  ( 0.000000000000000000, 12.84999999999999964, 0.000000000000000000 ) ) ;
#8892 = ADVANCED_FACE ( 'NONE', ( #6921 ), #7709, .T. ) ;
#8893 =( GEOMETRIC_REPRESENTATION_CONTEXT ( 3 ) GLOBAL_UNCERTAINTY_ASSIGNED_CONTEXT ( ( #8120 ) ) GLOBAL_UNIT_ASSIGNED_CONTEXT ( ( #5574, #7722, #8932 ) ) REPRESENTATION_CONTEXT ( 'NONE', 'WORKASPACE' ) );
#8894 = CARTESIAN_POINT ( 'NONE',  ( -6.350000000000068923, 6.910000000000000142, 9.964182008262289614 ) ) ;
#8895 = CARTESIAN_POINT ( 'NONE',  ( -1.124491352104731897E-13, 1.051005472321429268, 16.25748558092969631 ) ) ;
#8896 = ORIENTED_EDGE ( 'NONE', *, *, #2365, .T. ) ;
#8897 = DIRECTION ( 'NONE',  ( 6.982962677686266711E-15, 0.000000000000000000, -1.000000000000000000 ) ) ;
#8898 = CARTESIAN_POINT ( 'NONE',  ( 5.780000000000024230, 11.34999999999999964, -3.349999999999961009 ) ) ;
#8899 = CARTESIAN_POINT ( 'NONE',  ( 2.426874995234137966, 1.051005472321430156, 10.87132486664399700 ) ) ;
#8900 = DIRECTION ( 'NONE',  ( 6.982962677686266711E-15, 0.000000000000000000, -1.000000000000000000 ) ) ;
#8901 = CARTESIAN_POINT ( 'NONE',  ( -5.858994527678667907, 4.483125004765785349, 14.04632486664394087 ) ) ;
#8902 = CIRCLE ( 'NONE', #4404, 1.599999999999999867 ) ;
#8903 = CARTESIAN_POINT ( 'NONE',  ( 5.780000000000044658, 11.34999999999999964, -6.349999999999962341 ) ) ;
#8904 =( BOUNDED_CURVE ( )  B_SPLINE_CURVE ( 2, ( #1347, #7641, #758, #5001, #1442 ),
 .UNSPECIFIED., .F., .F. ) 
 B_SPLINE_CURVE_WITH_KNOTS ( ( 3, 2, 3 ),
 ( 0.6363636363636363535, 0.6477272727272727071, 0.6538573738860617990 ),
 .UNSPECIFIED. ) 
 CURVE ( )  GEOMETRIC_REPRESENTATION_ITEM ( )  RATIONAL_B_SPLINE_CURVE ( ( 1.000000000000000000, 0.9238795325112867385, 1.000000000000000000, 0.9589368973955085806, 0.9621766860142485500 ) ) 
 REPRESENTATION_ITEM ( '' )  );
#8905 = CARTESIAN_POINT ( 'NONE',  ( 0.7595038909410647410, 12.85000000000000675, 13.69795952933402283 ) ) ;
#8906 = CARTESIAN_POINT ( 'NONE',  ( -1.432205645193453466E-13, 6.910000000000000142, 20.51000000000000156 ) ) ;
#8907 = CARTESIAN_POINT ( 'NONE',  ( -4.142934761456464443, 2.767065238543608530, 10.70123558092966753 ) ) ;
#8908 = ADVANCED_FACE ( 'NONE', ( #1499 ), #4227, .T. ) ;
#8909 = CARTESIAN_POINT ( 'NONE',  ( 2.244749429223573678, 12.84999999999999964, 13.31392036079662944 ) ) ;
#8910 = DIRECTION ( 'NONE',  ( -6.982962677686266711E-15, -0.000000000000000000, 1.000000000000000000 ) ) ;
#8911 = DIRECTION ( 'NONE',  ( 1.000000000000000000, 1.500625844270594406E-16, 6.982962677686266711E-15 ) ) ;
#8912 = CARTESIAN_POINT ( 'NONE',  ( 4.490128060534501309, 11.40012806053457695, 10.64453915359708702 ) ) ;
#8913 = CIRCLE ( 'NONE', #202, 0.4000000000000006328 ) ;
#8914 = CARTESIAN_POINT ( 'NONE',  ( 1.800480022525683843, 1.135168542088372590, 16.40278017879303718 ) ) ;
#8915 = CYLINDRICAL_SURFACE ( 'NONE', #5316, 6.349999999999999645 ) ;
#8916 = CARTESIAN_POINT ( 'NONE',  ( 5.444841081170996411, 10.10763900202354293, 7.750000000000037303 ) ) ;
#8917 = AXIS2_PLACEMENT_3D ( 'NONE', #3093, #4561, #7979 ) ;
#8918 = CARTESIAN_POINT ( 'NONE',  ( 4.142934761456310788, 2.767065238543610306, 11.60837843807258274 ) ) ;
#8919 = FACE_OUTER_BOUND ( 'NONE', #2145, .T. ) ;
#8920 = CARTESIAN_POINT ( 'NONE',  ( -4.142934761456500858, 2.767065238543608530, 15.91730700950109600 ) ) ;
#8921 = ADVANCED_FACE ( 'NONE', ( #7147 ), #8654, .T. ) ;
#8922 = EDGE_LOOP ( 'NONE', ( #2287, #5874, #1598, #3663, #275, #4266, #4984, #2925, #7371, #103, #196, #7278, #8995, #1076, #2979, #7092 ) ) ;
#8923 =( NAMED_UNIT ( * ) SI_UNIT ( $, .STERADIAN. ) SOLID_ANGLE_UNIT ( ) );
#8924 = CARTESIAN_POINT ( 'NONE',  ( -3.379999999999999005, 0.6400000000000000133, -2.379402709727243724E-14 ) ) ;
#8925 = EDGE_LOOP ( 'NONE', ( #6718, #4526, #530, #3496 ) ) ;
#8926 = ADVANCED_FACE ( 'NONE', ( #1742 ), #8681, .F. ) ;
#8927 = VECTOR ( 'NONE', #5226, 1000.000000000000000 ) ;
#8928 = CARTESIAN_POINT ( 'NONE',  ( 6.879422804227080120E-14, 6.910000000000000142, -9.851725008082825141 ) ) ;
#8929 = AXIS2_PLACEMENT_3D ( 'NONE', #1471, #2333, #4243 ) ;
#8930 = CARTESIAN_POINT ( 'NONE',  ( -5.779999999999956728, 11.64999999999999858, -6.150000000000042100 ) ) ;
#8931 = ORIENTED_EDGE ( 'NONE', *, *, #3929, .F. ) ;
#8932 =( NAMED_UNIT ( * ) SI_UNIT ( $, .STERADIAN. ) SOLID_ANGLE_UNIT ( ) );
#8933 = FACE_OUTER_BOUND ( 'NONE', #228, .T. ) ;
#8934 = ADVANCED_FACE ( 'NONE', ( #4516 ), #6654, .T. ) ;
#8935 = CARTESIAN_POINT ( 'NONE',  ( 6.349999999999935696, 4.279743878930847956, 9.453914151119523268 ) ) ;
#8936 = CARTESIAN_POINT ( 'NONE',  ( -5.858994527678669684, 9.336874995234211383, 14.15971772378679816 ) ) ;
#8937 = ORIENTED_EDGE ( 'NONE', *, *, #754, .T. ) ;
#8938 = ADVANCED_FACE ( 'NONE', ( #3683 ), #2319, .T. ) ;
#8939 = FACE_OUTER_BOUND ( 'NONE', #7763, .T. ) ;
#8940 = DIRECTION ( 'NONE',  ( -1.000000000000000000, 0.000000000000000000, -7.434529182757747170E-15 ) ) ;
#8941 = CARTESIAN_POINT ( 'NONE',  ( 4.142934761456306347, 11.05293476145639175, 12.06194986664401014 ) ) ;
#8942 = CARTESIAN_POINT ( 'NONE',  ( -3.580000000000012950, 2.000000000000000000, 1.999999999999974909 ) ) ;
#8943 = CARTESIAN_POINT ( 'NONE',  ( -4.142934761456488424, 11.05293476145639175, 13.87623558092966647 ) ) ;
#8944 = ORIENTED_EDGE ( 'NONE', *, *, #772, .F. ) ;
#8945 = FACE_OUTER_BOUND ( 'NONE', #8187, .T. ) ;
#8946 = DIRECTION ( 'NONE',  ( 6.982962677686266711E-15, 0.000000000000000000, -1.000000000000000000 ) ) ;
#8947 = DIRECTION ( 'NONE',  ( 1.000000000000000000, 0.000000000000000000, 6.982962677686266711E-15 ) ) ;
#8948 = CARTESIAN_POINT ( 'NONE',  ( -2.426874995234302279, 12.76899452767857390, 13.13918200950110737 ) ) ;
#8949 = ORIENTED_EDGE ( 'NONE', *, *, #4642, .T. ) ;
#8950 = CARTESIAN_POINT ( 'NONE',  ( 3.579999999999986304, 0.2000000000000000944, 1.800000000000024913 ) ) ;
#8951 = VECTOR ( 'NONE', #8900, 1000.000000000000000 ) ;
#8952 =( GEOMETRIC_REPRESENTATION_CONTEXT ( 3 ) GLOBAL_UNCERTAINTY_ASSIGNED_CONTEXT ( ( #8656 ) ) GLOBAL_UNIT_ASSIGNED_CONTEXT ( ( #6979, #3515, #5708 ) ) REPRESENTATION_CONTEXT ( 'NONE', 'WORKASPACE' ) );
#8953 =( BOUNDED_CURVE ( )  B_SPLINE_CURVE ( 2, ( #5809, #162, #7215, #258, #5719, #1521, #6479, #5675, #3751 ),
 .UNSPECIFIED., .F., .T. ) 
 B_SPLINE_CURVE_WITH_KNOTS ( ( 3, 2, 2, 2, 3 ),
 ( 0.4999999999999998335, 0.5113636363636362425, 0.5227272727272725961, 0.5340909090909090606, 0.5454545454545454142 ),
 .UNSPECIFIED. ) 
 CURVE ( )  GEOMETRIC_REPRESENTATION_ITEM ( )  RATIONAL_B_SPLINE_CURVE ( ( 1.000000000000001110, 0.9238795325112856283, 1.000000000000000000, 0.9238795325112867385, 1.000000000000000000, 0.9238795325112867385, 1.000000000000000000, 0.9238795325112867385, 1.000000000000000000 ) ) 
 REPRESENTATION_ITEM ( '' )  );
#8954 = CARTESIAN_POINT ( 'NONE',  ( -4.490128060534677168, 11.40012806053457695, 14.38650343683373301 ) ) ;
#8956 = CARTESIAN_POINT ( 'NONE',  ( -6.350000000000076028, 6.910000000000000142, 10.87132486540514797 ) ) ;
#8955 = AXIS2_PLACEMENT_3D ( 'NONE', #65, #5710, #3519 ) ;
#8957 = CARTESIAN_POINT ( 'NONE',  ( 2.426874995234100663, 12.76899452767857390, 15.74721772378685358 ) ) ;
#8958 = AXIS2_PLACEMENT_3D ( 'NONE', #5421, #8947, #6266 ) ;
#8959 = CARTESIAN_POINT ( 'NONE',  ( 3.579999999999956550, 0.6399999999999999023, 6.100000000000025402 ) ) ;
#8960 = CARTESIAN_POINT ( 'NONE',  ( -6.780000000000014460, 2.000000000000000000, 1.999999999999952704 ) ) ;
#8961 = CARTESIAN_POINT ( 'NONE',  ( 5.699482064918448998, 9.674674173412396883, 7.750000000000039080 ) ) ;
#8962 = AXIS2_PLACEMENT_3D ( 'NONE', #408, #7365, #992 ) ;
#8963 = CARTESIAN_POINT ( 'NONE',  ( -2.426874995234310717, 1.051005472321430156, 14.15971772378682303 ) ) ;
#8964 = DIRECTION ( 'NONE',  ( -6.747905296117594716E-15, 0.000000000000000000, 1.000000000000000000 ) ) ;
#8965 = CARTESIAN_POINT ( 'NONE',  ( -9.819640960226711383E-14, 1.051005472321429268, 14.21641415235826678 ) ) ;
#8966 = EDGE_LOOP ( 'NONE', ( #1759, #203, #2356 ) ) ;
#8967 = SPHERICAL_SURFACE ( 'NONE', #511, 0.2000000000000000111 ) ;
#8968 = EDGE_LOOP ( 'NONE', ( #2441, #7124, #6615, #8937 ) ) ;
#8969 = FACE_OUTER_BOUND ( 'NONE', #3750, .T. ) ;
#8970 = EDGE_CURVE ( 'NONE', #6035, #6345, #6926, .T. ) ;
#8971 = CARTESIAN_POINT ( 'NONE',  ( 6.349999999999933031, 6.910000000000001030, 9.624003439311387353 ) ) ;
#8972 = VERTEX_POINT ( 'NONE', #5982 ) ;
#8973 = CARTESIAN_POINT ( 'NONE',  ( -2.630256121069264541, 0.5600000000000013856, 15.69052129645417892 ) ) ;
#8974 = CARTESIAN_POINT ( 'NONE',  ( -3.511039272128301914, 2.161283225703628297, 7.749999999999977796 ) ) ;
#8975 = CARTESIAN_POINT ( 'NONE',  ( 6.349999999999920597, 6.910000000000001030, 11.32489629397666775 ) ) ;
#8976 = CARTESIAN_POINT ( 'NONE',  ( 5.858994527678462738, 6.910000000000001030, 15.57712843807259517 ) ) ;
#8977 = ORIENTED_EDGE ( 'NONE', *, *, #4251, .F. ) ;
#8978 = CARTESIAN_POINT ( 'NONE',  ( -4.124999999999960032, 0.6400000000000000133, -5.650000000000031442 ) ) ;
#8979 = DIRECTION ( 'NONE',  ( 6.982962677686266711E-15, 0.000000000000000000, -1.000000000000000000 ) ) ;
#8980 = CARTESIAN_POINT ( 'NONE',  ( 5.858994527678492936, 9.336874995234211383, 11.09811058092973646 ) ) ;
#8981 = LINE ( 'NONE', #2068, #8813 ) ;
#8982 = EDGE_CURVE ( 'NONE', #2240, #3151, #8603, .T. ) ;
#8983 = VECTOR ( 'NONE', #585, 1000.000000000000000 ) ;
#8984 = CARTESIAN_POINT ( 'NONE',  ( 5.858994527678470732, 6.910000000000001030, 14.44319986664402222 ) ) ;
#8985 = ORIENTED_EDGE ( 'NONE', *, *, #7516, .F. ) ;
#8986 = CARTESIAN_POINT ( 'NONE',  ( 4.490128060534519072, 2.419871939465424227, 8.490074865405222937 ) ) ;
#8987 = CYLINDRICAL_SURFACE ( 'NONE', #8640, 0.1999999999999996503 ) ;
#8988 = CARTESIAN_POINT ( 'NONE',  ( -6.350000000000068923, 4.279743878930841738, 10.13427129645415370 ) ) ;
#8989 = CARTESIAN_POINT ( 'NONE',  ( 5.858994527678487607, 6.910000000000001030, 11.94855700950116528 ) ) ;
#8990 = ORIENTED_EDGE ( 'NONE', *, *, #6542, .T. ) ;
#8991 = CARTESIAN_POINT ( 'NONE',  ( -3.379999999999959037, 0.2000000000000000944, -5.650000000000026112 ) ) ;
#8992 = PRESENTATION_LAYER_ASSIGNMENT (  '', '', ( #4511 ) ) ;
#8993 = EDGE_CURVE ( 'NONE', #1756, #7366, #8107, .T. ) ;
#8994 = CARTESIAN_POINT ( 'NONE',  ( 3.925000000000023803, 0.2000000000000000666, -3.549999999999974065 ) ) ;
#8995 = ORIENTED_EDGE ( 'NONE', *, *, #600, .T. ) ;
#8996 = DIRECTION ( 'NONE',  ( 0.000000000000000000, -1.000000000000000000, -0.000000000000000000 ) ) ;
#8997 = ORIENTED_EDGE ( 'NONE', *, *, #1647, .T. ) ;
ENDSEC;
END-ISO-10303-21;
